solid OpenSCAD_Model
  facet normal 1 -0 0
    outer loop
      vertex 180 0 4
      vertex 180 80 0
      vertex 180 80 4
    endloop
  endfacet
  facet normal 1 0 0
    outer loop
      vertex 180 80 0
      vertex 180 0 4
      vertex 180 0 0
    endloop
  endfacet
  facet normal 0 0 1
    outer loop
      vertex 21.3736 71 4
      vertex 23.6989 71 4
      vertex 23.6989 72.9927 4
    endloop
  endfacet
  facet normal 0 0 1
    outer loop
      vertex 21.3736 71 4
      vertex 23.6989 72.9927 4
      vertex 21.3736 72.9927 4
    endloop
  endfacet
  facet normal 0 0 1
    outer loop
      vertex 23.6989 71 4
      vertex 21.3736 71 4
      vertex 23.3178 65.5388 4
    endloop
  endfacet
  facet normal -0 0 1
    outer loop
      vertex 20.7907 71 4
      vertex 23.3178 65.5388 4
      vertex 21.3736 71 4
    endloop
  endfacet
  facet normal 0 0 1
    outer loop
      vertex 20.7907 75.2997 4
      vertex 20.03 73.7717 4
      vertex 20.7907 71 4
    endloop
  endfacet
  facet normal -0 0 1
    outer loop
      vertex 19.9822 73.5576 4
      vertex 20.7907 71 4
      vertex 20.03 73.7717 4
    endloop
  endfacet
  facet normal -0 0 1
    outer loop
      vertex 19.9025 73.3635 4
      vertex 20.7907 71 4
      vertex 19.9822 73.5576 4
    endloop
  endfacet
  facet normal -0 0 1
    outer loop
      vertex 19.791 73.1894 4
      vertex 20.7907 71 4
      vertex 19.9025 73.3635 4
    endloop
  endfacet
  facet normal -0 0 1
    outer loop
      vertex 19.6476 73.0354 4
      vertex 20.7907 71 4
      vertex 19.791 73.1894 4
    endloop
  endfacet
  facet normal -0 0 1
    outer loop
      vertex 19.4769 72.9058 4
      vertex 20.7907 71 4
      vertex 19.6476 73.0354 4
    endloop
  endfacet
  facet normal -0 0 1
    outer loop
      vertex 19.2834 72.8049 4
      vertex 20.7907 71 4
      vertex 19.4769 72.9058 4
    endloop
  endfacet
  facet normal -0 0 1
    outer loop
      vertex 19.0671 72.7329 4
      vertex 20.7907 71 4
      vertex 19.2834 72.8049 4
    endloop
  endfacet
  facet normal -0 0 1
    outer loop
      vertex 18.8279 72.6897 4
      vertex 20.7907 71 4
      vertex 19.0671 72.7329 4
    endloop
  endfacet
  facet normal 0 0 1
    outer loop
      vertex 20.7907 71 4
      vertex 18.8279 72.6897 4
      vertex 17.3026 71 4
    endloop
  endfacet
  facet normal 0 -0 1
    outer loop
      vertex 18.8156 64.1731 4
      vertex 20.7907 71 4
      vertex 17.3026 71 4
    endloop
  endfacet
  facet normal 0 0 1
    outer loop
      vertex 17.3026 71 4
      vertex 18.8279 72.6897 4
      vertex 18.5659 72.6753 4
    endloop
  endfacet
  facet normal 0 0 1
    outer loop
      vertex 17.3026 71 4
      vertex 18.5659 72.6753 4
      vertex 17.3026 72.6753 4
    endloop
  endfacet
  facet normal 0 0 1
    outer loop
      vertex 20.7907 71 4
      vertex 18.8156 64.1731 4
      vertex 23.3178 65.5388 4
    endloop
  endfacet
  facet normal -0 0 1
    outer loop
      vertex 16.7197 71 4
      vertex 18.8156 64.1731 4
      vertex 17.3026 71 4
    endloop
  endfacet
  facet normal 0 0 1
    outer loop
      vertex 13.4234 71.0565 4
      vertex 18.8156 64.1731 4
      vertex 16.7197 71 4
    endloop
  endfacet
  facet normal 0 0 1
    outer loop
      vertex 180 80 4
      vertex 106 42 4
      vertex 180 0 4
    endloop
  endfacet
  facet normal 0 0 1
    outer loop
      vertex 180 80 4
      vertex 105.539 46.6822 4
      vertex 106 42 4
    endloop
  endfacet
  facet normal 0 0 1
    outer loop
      vertex 180 80 4
      vertex 104.173 51.1844 4
      vertex 105.539 46.6822 4
    endloop
  endfacet
  facet normal 0 0 1
    outer loop
      vertex 180 80 4
      vertex 101.955 55.3337 4
      vertex 104.173 51.1844 4
    endloop
  endfacet
  facet normal 0 0 1
    outer loop
      vertex 180 80 4
      vertex 98.9706 58.9706 4
      vertex 101.955 55.3337 4
    endloop
  endfacet
  facet normal 0 0 1
    outer loop
      vertex 180 80 4
      vertex 95.3337 61.9553 4
      vertex 98.9706 58.9706 4
    endloop
  endfacet
  facet normal 0 0 1
    outer loop
      vertex 180 80 4
      vertex 91.1844 64.1731 4
      vertex 95.3337 61.9553 4
    endloop
  endfacet
  facet normal 0 0 1
    outer loop
      vertex 180 80 4
      vertex 86.6822 65.5388 4
      vertex 91.1844 64.1731 4
    endloop
  endfacet
  facet normal 0 0 1
    outer loop
      vertex 180 80 4
      vertex 82 66 4
      vertex 86.6822 65.5388 4
    endloop
  endfacet
  facet normal -0 0 1
    outer loop
      vertex 24.2817 75.2997 4
      vertex 82 66 4
      vertex 180 80 4
    endloop
  endfacet
  facet normal 0 0 1
    outer loop
      vertex 82 66 4
      vertex 24.2817 75.2997 4
      vertex 28 66 4
    endloop
  endfacet
  facet normal -0 0 1
    outer loop
      vertex 0 80 4
      vertex 24.2817 75.2997 4
      vertex 180 80 4
    endloop
  endfacet
  facet normal 0 0 1
    outer loop
      vertex 23.6989 75.2997 4
      vertex 21.3736 75.2997 4
      vertex 23.6989 73.4809 4
    endloop
  endfacet
  facet normal 0 0 1
    outer loop
      vertex 24.2817 75.2997 4
      vertex 0 80 4
      vertex 23.6989 75.2997 4
    endloop
  endfacet
  facet normal 0 0 1
    outer loop
      vertex 23.6989 75.2997 4
      vertex 0 80 4
      vertex 21.3736 75.2997 4
    endloop
  endfacet
  facet normal 0 0 1
    outer loop
      vertex 20.03 73.7717 4
      vertex 20.7907 75.2997 4
      vertex 20.0459 74.0058 4
    endloop
  endfacet
  facet normal 0 0 1
    outer loop
      vertex 20.7907 75.2997 4
      vertex 20.03 74.2412 4
      vertex 20.0459 74.0058 4
    endloop
  endfacet
  facet normal 0 0 1
    outer loop
      vertex 20.7907 75.2997 4
      vertex 19.9824 74.4545 4
      vertex 20.03 74.2412 4
    endloop
  endfacet
  facet normal 0 0 1
    outer loop
      vertex 20.7907 75.2997 4
      vertex 19.9031 74.6455 4
      vertex 19.9824 74.4545 4
    endloop
  endfacet
  facet normal 0 0 1
    outer loop
      vertex 20.7907 75.2997 4
      vertex 19.792 74.8143 4
      vertex 19.9031 74.6455 4
    endloop
  endfacet
  facet normal 0 0 1
    outer loop
      vertex 20.7907 75.2997 4
      vertex 19.6492 74.9609 4
      vertex 19.792 74.8143 4
    endloop
  endfacet
  facet normal 0 0 1
    outer loop
      vertex 20.7907 75.2997 4
      vertex 19.4774 75.0828 4
      vertex 19.6492 74.9609 4
    endloop
  endfacet
  facet normal 0 0 1
    outer loop
      vertex 20.7907 75.2997 4
      vertex 19.2796 75.1777 4
      vertex 19.4774 75.0828 4
    endloop
  endfacet
  facet normal 0 0 1
    outer loop
      vertex 20.7907 75.2997 4
      vertex 19.0556 75.2455 4
      vertex 19.2796 75.1777 4
    endloop
  endfacet
  facet normal 0 0 1
    outer loop
      vertex 20.7907 75.2997 4
      vertex 18.8055 75.2861 4
      vertex 19.0556 75.2455 4
    endloop
  endfacet
  facet normal 0 0 1
    outer loop
      vertex 21.3736 75.2997 4
      vertex 0 80 4
      vertex 20.7907 75.2997 4
    endloop
  endfacet
  facet normal 0 -0 1
    outer loop
      vertex 18.5293 75.2997 4
      vertex 20.7907 75.2997 4
      vertex 0 80 4
    endloop
  endfacet
  facet normal 0 0 1
    outer loop
      vertex 20.7907 75.2997 4
      vertex 18.5293 75.2997 4
      vertex 18.8055 75.2861 4
    endloop
  endfacet
  facet normal -0 0 1
    outer loop
      vertex 14.2799 72.524 4
      vertex 16.7197 71 4
      vertex 16.7197 75.2997 4
    endloop
  endfacet
  facet normal 0 0 1
    outer loop
      vertex 16.7197 71 4
      vertex 14.3219 72.187 4
      vertex 14.3033 71.9598 4
    endloop
  endfacet
  facet normal 0 0 1
    outer loop
      vertex 16.7197 71 4
      vertex 14.3192 72.2786 4
      vertex 14.3219 72.187 4
    endloop
  endfacet
  facet normal 0 0 1
    outer loop
      vertex 16.7197 71 4
      vertex 14.3114 72.3653 4
      vertex 14.3192 72.2786 4
    endloop
  endfacet
  facet normal 0 0 1
    outer loop
      vertex 16.7197 71 4
      vertex 14.2983 72.4471 4
      vertex 14.3114 72.3653 4
    endloop
  endfacet
  facet normal 0 0 1
    outer loop
      vertex 16.7197 71 4
      vertex 14.2799 72.524 4
      vertex 14.2983 72.4471 4
    endloop
  endfacet
  facet normal 0 0 1
    outer loop
      vertex 16.7197 75.2997 4
      vertex 14.2563 72.596 4
      vertex 14.2799 72.524 4
    endloop
  endfacet
  facet normal 0 0 1
    outer loop
      vertex 16.7197 75.2997 4
      vertex 14.228 72.6637 4
      vertex 14.2563 72.596 4
    endloop
  endfacet
  facet normal 0 0 1
    outer loop
      vertex 16.7197 75.2997 4
      vertex 14.2212 74.375 4
      vertex 14.228 72.6637 4
    endloop
  endfacet
  facet normal 0 0 1
    outer loop
      vertex 16.7197 75.2997 4
      vertex 14.1496 74.5784 4
      vertex 14.2212 74.375 4
    endloop
  endfacet
  facet normal 0 0 1
    outer loop
      vertex 16.7197 75.2997 4
      vertex 14.0595 74.7566 4
      vertex 14.1496 74.5784 4
    endloop
  endfacet
  facet normal 0 0 1
    outer loop
      vertex 16.7197 75.2997 4
      vertex 13.9509 74.9095 4
      vertex 14.0595 74.7566 4
    endloop
  endfacet
  facet normal 0 0 1
    outer loop
      vertex 16.7197 75.2997 4
      vertex 13.8237 75.0371 4
      vertex 13.9509 74.9095 4
    endloop
  endfacet
  facet normal 0 0 1
    outer loop
      vertex 16.7197 75.2997 4
      vertex 13.678 75.1394 4
      vertex 13.8237 75.0371 4
    endloop
  endfacet
  facet normal 0 0 1
    outer loop
      vertex 16.7197 75.2997 4
      vertex 13.5092 75.2202 4
      vertex 13.678 75.1394 4
    endloop
  endfacet
  facet normal 0 0 1
    outer loop
      vertex 18.5293 75.2997 4
      vertex 0 80 4
      vertex 16.7197 75.2997 4
    endloop
  endfacet
  facet normal 0 0 1
    outer loop
      vertex 16.7197 75.2997 4
      vertex 13.3128 75.283 4
      vertex 13.5092 75.2202 4
    endloop
  endfacet
  facet normal -0 -0 1
    outer loop
      vertex 12.8372 75.3548 4
      vertex 16.7197 75.2997 4
      vertex 0 80 4
    endloop
  endfacet
  facet normal 0 0 1
    outer loop
      vertex 16.7197 75.2997 4
      vertex 13.0888 75.3278 4
      vertex 13.3128 75.283 4
    endloop
  endfacet
  facet normal 0 0 1
    outer loop
      vertex 16.7197 75.2997 4
      vertex 12.8372 75.3548 4
      vertex 13.0888 75.3278 4
    endloop
  endfacet
  facet normal -0 0 1
    outer loop
      vertex 8.23557 74.2987 4
      vertex 10.9255 74.2133 4
      vertex 10.9424 74.4241 4
    endloop
  endfacet
  facet normal 0 0 1
    outer loop
      vertex 10.9255 74.2133 4
      vertex 10.2112 72.9042 4
      vertex 10.7241 72.0314 4
    endloop
  endfacet
  facet normal 0 0 1
    outer loop
      vertex 8.23557 74.2987 4
      vertex 10.9424 74.4241 4
      vertex 10.9931 74.6146 4
    endloop
  endfacet
  facet normal 0 0 1
    outer loop
      vertex 10.9255 74.2133 4
      vertex 8.23557 74.2987 4
      vertex 10.2112 72.9042 4
    endloop
  endfacet
  facet normal 0 0 1
    outer loop
      vertex 8.13914 74.4995 4
      vertex 10.9931 74.6146 4
      vertex 11.0776 74.7849 4
    endloop
  endfacet
  facet normal -0 0 1
    outer loop
      vertex 7.88768 74.8389 4
      vertex 11.0776 74.7849 4
      vertex 11.1959 74.9349 4
    endloop
  endfacet
  facet normal -0 0 1
    outer loop
      vertex 7.73265 74.9774 4
      vertex 11.1959 74.9349 4
      vertex 11.3481 75.0647 4
    endloop
  endfacet
  facet normal 0 0 1
    outer loop
      vertex 7.79921 72.3121 4
      vertex 8.68544 72.4159 4
      vertex 8.68544 72.9042 4
    endloop
  endfacet
  facet normal -0 0 1
    outer loop
      vertex 7.68324 74.1157 4
      vertex 8.68544 72.9042 4
      vertex 8.23557 74.2987 4
    endloop
  endfacet
  facet normal 0 0 1
    outer loop
      vertex 10.2112 72.9042 4
      vertex 8.23557 74.2987 4
      vertex 8.68544 72.9042 4
    endloop
  endfacet
  facet normal -0 0 1
    outer loop
      vertex 7.55809 75.0952 4
      vertex 11.3481 75.0647 4
      vertex 11.5317 75.1723 4
    endloop
  endfacet
  facet normal -0 0 1
    outer loop
      vertex 7.36476 75.1918 4
      vertex 11.5317 75.1723 4
      vertex 11.7446 75.2561 4
    endloop
  endfacet
  facet normal 0 0 1
    outer loop
      vertex 10.9931 74.6146 4
      vertex 8.13914 74.4995 4
      vertex 8.23557 74.2987 4
    endloop
  endfacet
  facet normal -0 0 1
    outer loop
      vertex 7.15335 75.267 4
      vertex 11.7446 75.2561 4
      vertex 11.9865 75.3159 4
    endloop
  endfacet
  facet normal 0 0 1
    outer loop
      vertex 11.0776 74.7849 4
      vertex 8.02318 74.6796 4
      vertex 8.13914 74.4995 4
    endloop
  endfacet
  facet normal 0 0 1
    outer loop
      vertex 11.0776 74.7849 4
      vertex 7.88768 74.8389 4
      vertex 8.02318 74.6796 4
    endloop
  endfacet
  facet normal 0 0 1
    outer loop
      vertex 0 80 4
      vertex 11.9865 75.3159 4
      vertex 12.2577 75.3518 4
    endloop
  endfacet
  facet normal 0 0 1
    outer loop
      vertex 11.1959 74.9349 4
      vertex 7.73265 74.9774 4
      vertex 7.88768 74.8389 4
    endloop
  endfacet
  facet normal 0 0 1
    outer loop
      vertex 11.3481 75.0647 4
      vertex 7.55809 75.0952 4
      vertex 7.73265 74.9774 4
    endloop
  endfacet
  facet normal 0 0 1
    outer loop
      vertex 11.5317 75.1723 4
      vertex 7.36476 75.1918 4
      vertex 7.55809 75.0952 4
    endloop
  endfacet
  facet normal 0 0 1
    outer loop
      vertex 0 80 4
      vertex 12.2577 75.3518 4
      vertex 12.5581 75.3637 4
    endloop
  endfacet
  facet normal 0 0 1
    outer loop
      vertex 11.7446 75.2561 4
      vertex 7.15335 75.267 4
      vertex 7.36476 75.1918 4
    endloop
  endfacet
  facet normal 0 0 1
    outer loop
      vertex 12.8372 75.3548 4
      vertex 0 80 4
      vertex 12.5581 75.3637 4
    endloop
  endfacet
  facet normal 0 0 1
    outer loop
      vertex 11.9865 75.3159 4
      vertex 0 80 4
      vertex 6.92389 75.3208 4
    endloop
  endfacet
  facet normal 0 0 1
    outer loop
      vertex 11.9865 75.3159 4
      vertex 6.92389 75.3208 4
      vertex 7.15335 75.267 4
    endloop
  endfacet
  facet normal 0 0 1
    outer loop
      vertex 6.92389 75.3208 4
      vertex 0 80 4
      vertex 6.67635 75.353 4
    endloop
  endfacet
  facet normal 0 0 1
    outer loop
      vertex 4.46115 46.6822 4
      vertex 0 80 4
      vertex 4 42 4
    endloop
  endfacet
  facet normal 0 0 1
    outer loop
      vertex 4.33958 73.5632 4
      vertex 0 80 4
      vertex 4.31738 73.1697 4
    endloop
  endfacet
  facet normal 0 0 1
    outer loop
      vertex 4.40623 73.9211 4
      vertex 0 80 4
      vertex 4.33958 73.5632 4
    endloop
  endfacet
  facet normal 0 0 1
    outer loop
      vertex 4.5173 74.2433 4
      vertex 0 80 4
      vertex 4.40623 73.9211 4
    endloop
  endfacet
  facet normal 0 0 1
    outer loop
      vertex 4.67281 74.5299 4
      vertex 0 80 4
      vertex 4.5173 74.2433 4
    endloop
  endfacet
  facet normal 0 0 1
    outer loop
      vertex 4.87273 74.7809 4
      vertex 0 80 4
      vertex 4.67281 74.5299 4
    endloop
  endfacet
  facet normal 0 0 1
    outer loop
      vertex 5.11197 74.9907 4
      vertex 0 80 4
      vertex 4.87273 74.7809 4
    endloop
  endfacet
  facet normal 0 0 1
    outer loop
      vertex 5.38539 75.1539 4
      vertex 0 80 4
      vertex 5.11197 74.9907 4
    endloop
  endfacet
  facet normal 0 0 1
    outer loop
      vertex 5.69299 75.2705 4
      vertex 0 80 4
      vertex 5.38539 75.1539 4
    endloop
  endfacet
  facet normal 0 0 1
    outer loop
      vertex 6.03477 75.3404 4
      vertex 0 80 4
      vertex 5.69299 75.2705 4
    endloop
  endfacet
  facet normal 0 0 1
    outer loop
      vertex 6.41074 75.3637 4
      vertex 0 80 4
      vertex 6.03477 75.3404 4
    endloop
  endfacet
  facet normal 0 0 1
    outer loop
      vertex 6.67635 75.353 4
      vertex 0 80 4
      vertex 6.41074 75.3637 4
    endloop
  endfacet
  facet normal -0 0 1
    outer loop
      vertex 105.539 37.3178 4
      vertex 180 0 4
      vertex 106 42 4
    endloop
  endfacet
  facet normal -0 0 1
    outer loop
      vertex 104.173 32.8156 4
      vertex 180 0 4
      vertex 105.539 37.3178 4
    endloop
  endfacet
  facet normal -0 0 1
    outer loop
      vertex 101.955 28.6663 4
      vertex 180 0 4
      vertex 104.173 32.8156 4
    endloop
  endfacet
  facet normal -0 0 1
    outer loop
      vertex 98.9706 25.0294 4
      vertex 180 0 4
      vertex 101.955 28.6663 4
    endloop
  endfacet
  facet normal -0 0 1
    outer loop
      vertex 95.3337 22.0447 4
      vertex 180 0 4
      vertex 98.9706 25.0294 4
    endloop
  endfacet
  facet normal -0 0 1
    outer loop
      vertex 91.1844 19.8269 4
      vertex 180 0 4
      vertex 95.3337 22.0447 4
    endloop
  endfacet
  facet normal -0 0 1
    outer loop
      vertex 86.6822 18.4612 4
      vertex 180 0 4
      vertex 91.1844 19.8269 4
    endloop
  endfacet
  facet normal -0 0 1
    outer loop
      vertex 82 18 4
      vertex 180 0 4
      vertex 86.6822 18.4612 4
    endloop
  endfacet
  facet normal 0 0 1
    outer loop
      vertex 0 0 4
      vertex 82 18 4
      vertex 28 18 4
    endloop
  endfacet
  facet normal 0 0 1
    outer loop
      vertex 0 0 4
      vertex 28 18 4
      vertex 23.3178 18.4612 4
    endloop
  endfacet
  facet normal 0 0 1
    outer loop
      vertex 0 0 4
      vertex 4 42 4
      vertex 0 80 4
    endloop
  endfacet
  facet normal 0 0 1
    outer loop
      vertex 82 18 4
      vertex 0 0 4
      vertex 180 0 4
    endloop
  endfacet
  facet normal 0 0 1
    outer loop
      vertex 18.8156 19.8269 4
      vertex 0 0 4
      vertex 23.3178 18.4612 4
    endloop
  endfacet
  facet normal 0 0 1
    outer loop
      vertex 14.6663 22.0447 4
      vertex 0 0 4
      vertex 18.8156 19.8269 4
    endloop
  endfacet
  facet normal 0 0 1
    outer loop
      vertex 11.0294 25.0294 4
      vertex 0 0 4
      vertex 14.6663 22.0447 4
    endloop
  endfacet
  facet normal 0 0 1
    outer loop
      vertex 8.04473 28.6663 4
      vertex 0 0 4
      vertex 11.0294 25.0294 4
    endloop
  endfacet
  facet normal 0 0 1
    outer loop
      vertex 5.82689 32.8156 4
      vertex 0 0 4
      vertex 8.04473 28.6663 4
    endloop
  endfacet
  facet normal 0 0 1
    outer loop
      vertex 4.46115 37.3178 4
      vertex 0 0 4
      vertex 5.82689 32.8156 4
    endloop
  endfacet
  facet normal 0 0 1
    outer loop
      vertex 4 42 4
      vertex 0 0 4
      vertex 4.46115 37.3178 4
    endloop
  endfacet
  facet normal -0 0 1
    outer loop
      vertex 24.2817 71 4
      vertex 28 66 4
      vertex 24.2817 75.2997 4
    endloop
  endfacet
  facet normal 0 0 1
    outer loop
      vertex 23.3178 65.5388 4
      vertex 24.2817 71 4
      vertex 23.6989 71 4
    endloop
  endfacet
  facet normal 0 0 1
    outer loop
      vertex 24.2817 71 4
      vertex 23.3178 65.5388 4
      vertex 28 66 4
    endloop
  endfacet
  facet normal 0 0 1
    outer loop
      vertex 23.6989 73.4809 4
      vertex 21.3736 75.2997 4
      vertex 21.3736 73.4809 4
    endloop
  endfacet
  facet normal 0 0 1
    outer loop
      vertex 16.7197 71 4
      vertex 14.3033 71.9598 4
      vertex 14.2474 71.754 4
    endloop
  endfacet
  facet normal -0 0 1
    outer loop
      vertex 14.1543 71.5697 4
      vertex 16.7197 71 4
      vertex 14.2474 71.754 4
    endloop
  endfacet
  facet normal -0 0 1
    outer loop
      vertex 14.024 71.4068 4
      vertex 16.7197 71 4
      vertex 14.1543 71.5697 4
    endloop
  endfacet
  facet normal -0 0 1
    outer loop
      vertex 13.8565 71.2655 4
      vertex 16.7197 71 4
      vertex 14.024 71.4068 4
    endloop
  endfacet
  facet normal -0 0 1
    outer loop
      vertex 13.6552 71.1479 4
      vertex 16.7197 71 4
      vertex 13.8565 71.2655 4
    endloop
  endfacet
  facet normal -0 0 1
    outer loop
      vertex 13.4234 71.0565 4
      vertex 16.7197 71 4
      vertex 13.6552 71.1479 4
    endloop
  endfacet
  facet normal 0 0 1
    outer loop
      vertex 18.8156 64.1731 4
      vertex 13.4234 71.0565 4
      vertex 14.6663 61.9553 4
    endloop
  endfacet
  facet normal -0 0 1
    outer loop
      vertex 13.1613 70.9912 4
      vertex 14.6663 61.9553 4
      vertex 13.4234 71.0565 4
    endloop
  endfacet
  facet normal -0 0 1
    outer loop
      vertex 12.8688 70.952 4
      vertex 14.6663 61.9553 4
      vertex 13.1613 70.9912 4
    endloop
  endfacet
  facet normal -0 0 1
    outer loop
      vertex 12.5459 70.939 4
      vertex 14.6663 61.9553 4
      vertex 12.8688 70.952 4
    endloop
  endfacet
  facet normal 0 0 1
    outer loop
      vertex 11.9701 70.9827 4
      vertex 14.6663 61.9553 4
      vertex 12.5459 70.939 4
    endloop
  endfacet
  facet normal 0 0 1
    outer loop
      vertex 11.5 71.1138 4
      vertex 14.6663 61.9553 4
      vertex 11.9701 70.9827 4
    endloop
  endfacet
  facet normal -0 0 1
    outer loop
      vertex 7.52911 71.2289 4
      vertex 11.5 71.1138 4
      vertex 11.1357 71.3323 4
    endloop
  endfacet
  facet normal 0 0 1
    outer loop
      vertex 7.11998 71.0433 4
      vertex 11.5 71.1138 4
      vertex 7.33072 71.1245 4
    endloop
  endfacet
  facet normal -0 0 1
    outer loop
      vertex 7.8792 71.5033 4
      vertex 11.1357 71.3323 4
      vertex 10.877 71.6382 4
    endloop
  endfacet
  facet normal 0 0 1
    outer loop
      vertex 10.2112 72.4159 4
      vertex 10.877 71.6382 4
      vertex 10.7241 72.0314 4
    endloop
  endfacet
  facet normal -0 0 1
    outer loop
      vertex 10.2112 72.4159 4
      vertex 10.7241 72.0314 4
      vertex 10.2112 72.9042 4
    endloop
  endfacet
  facet normal 0 0 1
    outer loop
      vertex 10.877 71.6382 4
      vertex 10.2112 72.4159 4
      vertex 8.16043 71.8626 4
    endloop
  endfacet
  facet normal 0 0 1
    outer loop
      vertex 8.16043 71.8626 4
      vertex 10.2112 72.4159 4
      vertex 8.68544 72.4159 4
    endloop
  endfacet
  facet normal 0 0 1
    outer loop
      vertex 8.16043 71.8626 4
      vertex 8.68544 72.4159 4
      vertex 8.27522 72.0741 4
    endloop
  endfacet
  facet normal 0 0 1
    outer loop
      vertex 10.877 71.6382 4
      vertex 8.16043 71.8626 4
      vertex 8.02843 71.6723 4
    endloop
  endfacet
  facet normal 0 0 1
    outer loop
      vertex 10.877 71.6382 4
      vertex 8.02843 71.6723 4
      vertex 7.8792 71.5033 4
    endloop
  endfacet
  facet normal 0 0 1
    outer loop
      vertex 11.1357 71.3323 4
      vertex 7.8792 71.5033 4
      vertex 7.71277 71.3554 4
    endloop
  endfacet
  facet normal 0 0 1
    outer loop
      vertex 11.1357 71.3323 4
      vertex 7.71277 71.3554 4
      vertex 7.52911 71.2289 4
    endloop
  endfacet
  facet normal 0 0 1
    outer loop
      vertex 11.5 71.1138 4
      vertex 7.52911 71.2289 4
      vertex 7.33072 71.1245 4
    endloop
  endfacet
  facet normal 0 0 1
    outer loop
      vertex 11.5 71.1138 4
      vertex 7.11998 71.0433 4
      vertex 14.6663 61.9553 4
    endloop
  endfacet
  facet normal 0 0 1
    outer loop
      vertex 14.6663 61.9553 4
      vertex 7.11998 71.0433 4
      vertex 11.0294 58.9706 4
    endloop
  endfacet
  facet normal -0 0 1
    outer loop
      vertex 6.89691 70.9854 4
      vertex 11.0294 58.9706 4
      vertex 7.11998 71.0433 4
    endloop
  endfacet
  facet normal -0 0 1
    outer loop
      vertex 6.66151 70.9506 4
      vertex 11.0294 58.9706 4
      vertex 6.89691 70.9854 4
    endloop
  endfacet
  facet normal -0 0 1
    outer loop
      vertex 6.41379 70.939 4
      vertex 11.0294 58.9706 4
      vertex 6.66151 70.9506 4
    endloop
  endfacet
  facet normal 0 0 1
    outer loop
      vertex 6.16081 70.9498 4
      vertex 11.0294 58.9706 4
      vertex 6.41379 70.939 4
    endloop
  endfacet
  facet normal 0 0 1
    outer loop
      vertex 5.92188 70.9822 4
      vertex 11.0294 58.9706 4
      vertex 6.16081 70.9498 4
    endloop
  endfacet
  facet normal 0 0 1
    outer loop
      vertex 5.69698 71.0362 4
      vertex 11.0294 58.9706 4
      vertex 5.92188 70.9822 4
    endloop
  endfacet
  facet normal 0 0 1
    outer loop
      vertex 11.0294 58.9706 4
      vertex 5.69698 71.0362 4
      vertex 8.04473 55.3337 4
    endloop
  endfacet
  facet normal 0 0 1
    outer loop
      vertex 5.48611 71.1118 4
      vertex 8.04473 55.3337 4
      vertex 5.69698 71.0362 4
    endloop
  endfacet
  facet normal 0 0 1
    outer loop
      vertex 5.28929 71.209 4
      vertex 8.04473 55.3337 4
      vertex 5.48611 71.1118 4
    endloop
  endfacet
  facet normal 0 0 1
    outer loop
      vertex 5.10851 71.3263 4
      vertex 8.04473 55.3337 4
      vertex 5.28929 71.209 4
    endloop
  endfacet
  facet normal 0 0 1
    outer loop
      vertex 4.9458 71.4622 4
      vertex 8.04473 55.3337 4
      vertex 5.10851 71.3263 4
    endloop
  endfacet
  facet normal 0 0 1
    outer loop
      vertex 4.80115 71.6166 4
      vertex 8.04473 55.3337 4
      vertex 4.9458 71.4622 4
    endloop
  endfacet
  facet normal 0 0 1
    outer loop
      vertex 8.04473 55.3337 4
      vertex 4.80115 71.6166 4
      vertex 5.82689 51.1844 4
    endloop
  endfacet
  facet normal 0 0 1
    outer loop
      vertex 4.67456 71.7896 4
      vertex 5.82689 51.1844 4
      vertex 4.80115 71.6166 4
    endloop
  endfacet
  facet normal 0 0 1
    outer loop
      vertex 4.56604 71.9811 4
      vertex 5.82689 51.1844 4
      vertex 4.67456 71.7896 4
    endloop
  endfacet
  facet normal 0 0 1
    outer loop
      vertex 4.47653 72.1893 4
      vertex 5.82689 51.1844 4
      vertex 4.56604 71.9811 4
    endloop
  endfacet
  facet normal 0 0 1
    outer loop
      vertex 0 80 4
      vertex 5.82689 51.1844 4
      vertex 4.47653 72.1893 4
    endloop
  endfacet
  facet normal 0 0 1
    outer loop
      vertex 0 80 4
      vertex 4.47653 72.1893 4
      vertex 4.40691 72.4122 4
    endloop
  endfacet
  facet normal 0 0 1
    outer loop
      vertex 0 80 4
      vertex 4.40691 72.4122 4
      vertex 4.35716 72.6499 4
    endloop
  endfacet
  facet normal 0 0 1
    outer loop
      vertex 0 80 4
      vertex 4.35716 72.6499 4
      vertex 4.32733 72.9024 4
    endloop
  endfacet
  facet normal 0 0 1
    outer loop
      vertex 0 80 4
      vertex 4.32733 72.9024 4
      vertex 4.31738 73.1697 4
    endloop
  endfacet
  facet normal 0 0 1
    outer loop
      vertex 5.82689 51.1844 4
      vertex 0 80 4
      vertex 4.46115 46.6822 4
    endloop
  endfacet
  facet normal 0 0 1
    outer loop
      vertex 14.2212 74.375 4
      vertex 14.1957 72.7278 4
      vertex 14.228 72.6637 4
    endloop
  endfacet
  facet normal 0 0 1
    outer loop
      vertex 14.2212 74.375 4
      vertex 14.1594 72.7882 4
      vertex 14.1957 72.7278 4
    endloop
  endfacet
  facet normal 0 0 1
    outer loop
      vertex 14.2212 74.375 4
      vertex 14.1191 72.845 4
      vertex 14.1594 72.7882 4
    endloop
  endfacet
  facet normal 0 0 1
    outer loop
      vertex 14.2212 74.375 4
      vertex 14.0747 72.898 4
      vertex 14.1191 72.845 4
    endloop
  endfacet
  facet normal 0 0 1
    outer loop
      vertex 14.2212 74.375 4
      vertex 14.0267 72.9477 4
      vertex 14.0747 72.898 4
    endloop
  endfacet
  facet normal 0 0 1
    outer loop
      vertex 14.2212 74.375 4
      vertex 13.9753 72.9942 4
      vertex 14.0267 72.9477 4
    endloop
  endfacet
  facet normal 0 0 1
    outer loop
      vertex 14.2212 74.375 4
      vertex 13.9207 73.0376 4
      vertex 13.9753 72.9942 4
    endloop
  endfacet
  facet normal 0 0 1
    outer loop
      vertex 14.2212 74.375 4
      vertex 13.8628 73.0777 4
      vertex 13.9207 73.0376 4
    endloop
  endfacet
  facet normal 0 0 1
    outer loop
      vertex 14.2212 74.375 4
      vertex 13.8015 73.1147 4
      vertex 13.8628 73.0777 4
    endloop
  endfacet
  facet normal 0 0 1
    outer loop
      vertex 14.2212 74.375 4
      vertex 13.7378 73.1492 4
      vertex 13.8015 73.1147 4
    endloop
  endfacet
  facet normal -0 0 1
    outer loop
      vertex 13.6475 74.2743 4
      vertex 13.7378 73.1492 4
      vertex 14.2212 74.375 4
    endloop
  endfacet
  facet normal 0 0 1
    outer loop
      vertex 13.7378 73.1492 4
      vertex 13.6475 74.2743 4
      vertex 13.6722 73.1819 4
    endloop
  endfacet
  facet normal 0 0 1
    outer loop
      vertex 13.6475 74.2743 4
      vertex 13.6047 73.2127 4
      vertex 13.6722 73.1819 4
    endloop
  endfacet
  facet normal 0 0 1
    outer loop
      vertex 12.8508 73.438 4
      vertex 13.6475 74.2743 4
      vertex 13.6028 74.4035 4
    endloop
  endfacet
  facet normal 0 0 1
    outer loop
      vertex 12.7716 73.4565 4
      vertex 13.6028 74.4035 4
      vertex 13.5444 74.5177 4
    endloop
  endfacet
  facet normal 0 0 1
    outer loop
      vertex 13.6475 74.2743 4
      vertex 13.5355 73.2417 4
      vertex 13.6047 73.2127 4
    endloop
  endfacet
  facet normal 0 0 1
    outer loop
      vertex 12.7716 73.4565 4
      vertex 13.5444 74.5177 4
      vertex 13.4724 74.6169 4
    endloop
  endfacet
  facet normal 0 0 1
    outer loop
      vertex 13.6475 74.2743 4
      vertex 13.4644 73.2688 4
      vertex 13.5355 73.2417 4
    endloop
  endfacet
  facet normal 0 0 1
    outer loop
      vertex 13.6475 74.2743 4
      vertex 13.3917 73.2944 4
      vertex 13.4644 73.2688 4
    endloop
  endfacet
  facet normal 0 0 1
    outer loop
      vertex 12.7716 73.4565 4
      vertex 13.4724 74.6169 4
      vertex 13.3867 74.701 4
    endloop
  endfacet
  facet normal 0 0 1
    outer loop
      vertex 13.6475 74.2743 4
      vertex 13.3176 73.3184 4
      vertex 13.3917 73.2944 4
    endloop
  endfacet
  facet normal 0 0 1
    outer loop
      vertex 12.7716 73.4565 4
      vertex 13.3867 74.701 4
      vertex 13.2874 74.7702 4
    endloop
  endfacet
  facet normal 0 0 1
    outer loop
      vertex 13.6475 74.2743 4
      vertex 13.2423 73.341 4
      vertex 13.3176 73.3184 4
    endloop
  endfacet
  facet normal 0 0 1
    outer loop
      vertex 12.7716 73.4565 4
      vertex 13.2874 74.7702 4
      vertex 13.173 74.8257 4
    endloop
  endfacet
  facet normal 0 0 1
    outer loop
      vertex 13.6475 74.2743 4
      vertex 13.1655 73.3621 4
      vertex 13.2423 73.341 4
    endloop
  endfacet
  facet normal 0 0 1
    outer loop
      vertex 13.6475 74.2743 4
      vertex 13.0875 73.3818 4
      vertex 13.1655 73.3621 4
    endloop
  endfacet
  facet normal 0 0 1
    outer loop
      vertex 12.6923 73.4748 4
      vertex 13.173 74.8257 4
      vertex 13.0423 74.8688 4
    endloop
  endfacet
  facet normal 0 0 1
    outer loop
      vertex 13.6475 74.2743 4
      vertex 13.0087 73.4006 4
      vertex 13.0875 73.3818 4
    endloop
  endfacet
  facet normal 0 0 1
    outer loop
      vertex 13.6475 74.2743 4
      vertex 12.9298 73.4193 4
      vertex 13.0087 73.4006 4
    endloop
  endfacet
  facet normal 0 0 1
    outer loop
      vertex 12.6923 73.4748 4
      vertex 13.0423 74.8688 4
      vertex 12.8952 74.8996 4
    endloop
  endfacet
  facet normal 0 0 1
    outer loop
      vertex 13.6475 74.2743 4
      vertex 12.8508 73.438 4
      vertex 12.9298 73.4193 4
    endloop
  endfacet
  facet normal 0 0 1
    outer loop
      vertex 13.6028 74.4035 4
      vertex 12.7716 73.4565 4
      vertex 12.8508 73.438 4
    endloop
  endfacet
  facet normal 0 0 1
    outer loop
      vertex 12.4713 73.5257 4
      vertex 12.8952 74.8996 4
      vertex 12.7317 74.9181 4
    endloop
  endfacet
  facet normal 0 0 1
    outer loop
      vertex 13.173 74.8257 4
      vertex 12.6923 73.4748 4
      vertex 12.7716 73.4565 4
    endloop
  endfacet
  facet normal 0 0 1
    outer loop
      vertex 12.4713 73.5257 4
      vertex 12.7317 74.9181 4
      vertex 12.5519 74.9243 4
    endloop
  endfacet
  facet normal 0 0 1
    outer loop
      vertex 12.8952 74.8996 4
      vertex 12.4713 73.5257 4
      vertex 12.6923 73.4748 4
    endloop
  endfacet
  facet normal 0 0 1
    outer loop
      vertex 12.2817 73.5732 4
      vertex 12.5519 74.9243 4
      vertex 12.3554 74.9175 4
    endloop
  endfacet
  facet normal 0 0 1
    outer loop
      vertex 12.5519 74.9243 4
      vertex 12.2817 73.5732 4
      vertex 12.4713 73.5257 4
    endloop
  endfacet
  facet normal 0 0 1
    outer loop
      vertex 12.1236 73.6174 4
      vertex 12.3554 74.9175 4
      vertex 12.1784 74.897 4
    endloop
  endfacet
  facet normal 0 0 1
    outer loop
      vertex 12.3554 74.9175 4
      vertex 12.1236 73.6174 4
      vertex 12.2817 73.5732 4
    endloop
  endfacet
  facet normal 0 0 1
    outer loop
      vertex 11.997 73.6584 4
      vertex 12.1784 74.897 4
      vertex 12.021 74.8628 4
    endloop
  endfacet
  facet normal 0 0 1
    outer loop
      vertex 12.1784 74.897 4
      vertex 11.997 73.6584 4
      vertex 12.1236 73.6174 4
    endloop
  endfacet
  facet normal 0 0 1
    outer loop
      vertex 12.021 74.8628 4
      vertex 11.902 73.696 4
      vertex 11.997 73.6584 4
    endloop
  endfacet
  facet normal -0 0 1
    outer loop
      vertex 11.883 74.8149 4
      vertex 11.902 73.696 4
      vertex 12.021 74.8628 4
    endloop
  endfacet
  facet normal 0 0 1
    outer loop
      vertex 11.883 74.8149 4
      vertex 11.8263 73.7336 4
      vertex 11.902 73.696 4
    endloop
  endfacet
  facet normal -0 0 1
    outer loop
      vertex 11.7646 74.7534 4
      vertex 11.8263 73.7336 4
      vertex 11.883 74.8149 4
    endloop
  endfacet
  facet normal 0 0 1
    outer loop
      vertex 11.7646 74.7534 4
      vertex 11.7582 73.7744 4
      vertex 11.8263 73.7336 4
    endloop
  endfacet
  facet normal -0 0 1
    outer loop
      vertex 11.5039 74.3726 4
      vertex 11.7582 73.7744 4
      vertex 11.7646 74.7534 4
    endloop
  endfacet
  facet normal 0 0 1
    outer loop
      vertex 11.5039 74.3726 4
      vertex 11.7646 74.7534 4
      vertex 11.6669 74.6783 4
    endloop
  endfacet
  facet normal -0 0 1
    outer loop
      vertex 11.493 74.2438 4
      vertex 11.7582 73.7744 4
      vertex 11.5039 74.3726 4
    endloop
  endfacet
  facet normal 0 0 1
    outer loop
      vertex 11.7582 73.7744 4
      vertex 11.493 74.2438 4
      vertex 11.6974 73.8184 4
    endloop
  endfacet
  facet normal 0 0 1
    outer loop
      vertex 11.5039 74.3726 4
      vertex 11.6669 74.6783 4
      vertex 11.5908 74.5898 4
    endloop
  endfacet
  facet normal 0 0 1
    outer loop
      vertex 11.6974 73.8184 4
      vertex 11.493 74.2438 4
      vertex 11.6441 73.8655 4
    endloop
  endfacet
  facet normal 0 0 1
    outer loop
      vertex 11.5039 74.3726 4
      vertex 11.5908 74.5898 4
      vertex 11.5365 74.4879 4
    endloop
  endfacet
  facet normal -0 -0 1
    outer loop
      vertex 11.4973 74.1672 4
      vertex 11.6441 73.8655 4
      vertex 11.493 74.2438 4
    endloop
  endfacet
  facet normal 0 0 1
    outer loop
      vertex 11.6441 73.8655 4
      vertex 11.4973 74.1672 4
      vertex 11.5983 73.9158 4
    endloop
  endfacet
  facet normal -0 -0 1
    outer loop
      vertex 11.5099 74.0961 4
      vertex 11.5983 73.9158 4
      vertex 11.4973 74.1672 4
    endloop
  endfacet
  facet normal 0 0 1
    outer loop
      vertex 11.5983 73.9158 4
      vertex 11.5099 74.0961 4
      vertex 11.5604 73.9704 4
    endloop
  endfacet
  facet normal 0 0 1
    outer loop
      vertex 11.5604 73.9704 4
      vertex 11.5099 74.0961 4
      vertex 11.5309 74.0305 4
    endloop
  endfacet
  facet normal 0 0 1
    outer loop
      vertex 13.5056 72.6393 4
      vertex 13.7451 72.1565 4
      vertex 13.7413 72.2376 4
    endloop
  endfacet
  facet normal 0 0 1
    outer loop
      vertex 13.5596 72.596 4
      vertex 13.7413 72.2376 4
      vertex 13.7297 72.3123 4
    endloop
  endfacet
  facet normal 0 0 1
    outer loop
      vertex 13.6074 72.549 4
      vertex 13.7297 72.3123 4
      vertex 13.7105 72.3806 4
    endloop
  endfacet
  facet normal 0 0 1
    outer loop
      vertex 13.7413 72.2376 4
      vertex 13.5596 72.596 4
      vertex 13.5056 72.6393 4
    endloop
  endfacet
  facet normal 0 0 1
    outer loop
      vertex 13.6074 72.549 4
      vertex 13.7105 72.3806 4
      vertex 13.6836 72.4427 4
    endloop
  endfacet
  facet normal 0 0 1
    outer loop
      vertex 13.6074 72.549 4
      vertex 13.6836 72.4427 4
      vertex 13.649 72.4983 4
    endloop
  endfacet
  facet normal 0 0 1
    outer loop
      vertex 13.7297 72.3123 4
      vertex 13.6074 72.549 4
      vertex 13.5596 72.596 4
    endloop
  endfacet
  facet normal 0 0 1
    outer loop
      vertex 13.7451 72.1565 4
      vertex 13.5056 72.6393 4
      vertex 13.4454 72.6789 4
    endloop
  endfacet
  facet normal 0 0 1
    outer loop
      vertex 13.7451 72.1565 4
      vertex 13.4454 72.6789 4
      vertex 13.7328 72.0137 4
    endloop
  endfacet
  facet normal 0 -0 1
    outer loop
      vertex 13.5488 71.6722 4
      vertex 13.7328 72.0137 4
      vertex 13.4454 72.6789 4
    endloop
  endfacet
  facet normal 0 0 1
    outer loop
      vertex 13.7328 72.0137 4
      vertex 13.5488 71.6722 4
      vertex 13.696 71.8853 4
    endloop
  endfacet
  facet normal 0 0 1
    outer loop
      vertex 13.696 71.8853 4
      vertex 13.5488 71.6722 4
      vertex 13.6347 71.7715 4
    endloop
  endfacet
  facet normal 0 0 1
    outer loop
      vertex 13.4454 72.6789 4
      vertex 13.4384 71.5874 4
      vertex 13.5488 71.6722 4
    endloop
  endfacet
  facet normal 0 0 1
    outer loop
      vertex 13.3789 72.7149 4
      vertex 13.4384 71.5874 4
      vertex 13.4454 72.6789 4
    endloop
  endfacet
  facet normal 0 0 1
    outer loop
      vertex 13.3066 72.748 4
      vertex 13.4384 71.5874 4
      vertex 13.3789 72.7149 4
    endloop
  endfacet
  facet normal 0 0 1
    outer loop
      vertex 13.3066 72.748 4
      vertex 13.3055 71.5177 4
      vertex 13.4384 71.5874 4
    endloop
  endfacet
  facet normal 0 0 1
    outer loop
      vertex 13.229 72.7789 4
      vertex 13.3055 71.5177 4
      vertex 13.3066 72.748 4
    endloop
  endfacet
  facet normal 0 0 1
    outer loop
      vertex 13.229 72.7789 4
      vertex 13.1518 71.4634 4
      vertex 13.3055 71.5177 4
    endloop
  endfacet
  facet normal 0 0 1
    outer loop
      vertex 13.146 72.8076 4
      vertex 13.1518 71.4634 4
      vertex 13.229 72.7789 4
    endloop
  endfacet
  facet normal 0 0 1
    outer loop
      vertex 12.9776 71.4247 4
      vertex 13.146 72.8076 4
      vertex 13.0576 72.8341 4
    endloop
  endfacet
  facet normal 0 0 1
    outer loop
      vertex 13.146 72.8076 4
      vertex 12.9776 71.4247 4
      vertex 13.1518 71.4634 4
    endloop
  endfacet
  facet normal 0 0 1
    outer loop
      vertex 12.9639 72.8584 4
      vertex 12.9776 71.4247 4
      vertex 13.0576 72.8341 4
    endloop
  endfacet
  facet normal 0 0 1
    outer loop
      vertex 12.7827 71.4014 4
      vertex 12.9639 72.8584 4
      vertex 12.8654 72.8819 4
    endloop
  endfacet
  facet normal 0 0 1
    outer loop
      vertex 12.9639 72.8584 4
      vertex 12.7827 71.4014 4
      vertex 12.9776 71.4247 4
    endloop
  endfacet
  facet normal 0 0 1
    outer loop
      vertex 12.5672 71.3936 4
      vertex 12.8654 72.8819 4
      vertex 12.7628 72.9062 4
    endloop
  endfacet
  facet normal 0 0 1
    outer loop
      vertex 12.5672 71.3936 4
      vertex 12.7628 72.9062 4
      vertex 12.656 72.9313 4
    endloop
  endfacet
  facet normal 0 0 1
    outer loop
      vertex 12.8654 72.8819 4
      vertex 12.5672 71.3936 4
      vertex 12.7827 71.4014 4
    endloop
  endfacet
  facet normal 0 0 1
    outer loop
      vertex 12.3579 71.4009 4
      vertex 12.656 72.9313 4
      vertex 12.545 72.957 4
    endloop
  endfacet
  facet normal 0 0 1
    outer loop
      vertex 12.1668 71.4227 4
      vertex 12.545 72.957 4
      vertex 12.4299 72.9835 4
    endloop
  endfacet
  facet normal 0 0 1
    outer loop
      vertex 12.656 72.9313 4
      vertex 12.3579 71.4009 4
      vertex 12.5672 71.3936 4
    endloop
  endfacet
  facet normal 0 0 1
    outer loop
      vertex 11.8397 71.5099 4
      vertex 12.4299 72.9835 4
      vertex 12.2359 73.0287 4
    endloop
  endfacet
  facet normal 0 0 1
    outer loop
      vertex 12.545 72.957 4
      vertex 12.1668 71.4227 4
      vertex 12.3579 71.4009 4
    endloop
  endfacet
  facet normal 0 0 1
    outer loop
      vertex 11.2886 72.1443 4
      vertex 12.2359 73.0287 4
      vertex 12.0615 73.0738 4
    endloop
  endfacet
  facet normal 0 0 1
    outer loop
      vertex 12.4299 72.9835 4
      vertex 11.9941 71.459 4
      vertex 12.1668 71.4227 4
    endloop
  endfacet
  facet normal 0 0 1
    outer loop
      vertex 11.2886 72.1443 4
      vertex 12.0615 73.0738 4
      vertex 11.9068 73.119 4
    endloop
  endfacet
  facet normal 0 0 1
    outer loop
      vertex 12.4299 72.9835 4
      vertex 11.8397 71.5099 4
      vertex 11.9941 71.459 4
    endloop
  endfacet
  facet normal 0 0 1
    outer loop
      vertex 11.2886 72.1443 4
      vertex 11.9068 73.119 4
      vertex 11.7717 73.1642 4
    endloop
  endfacet
  facet normal 0 0 1
    outer loop
      vertex 12.2359 73.0287 4
      vertex 11.7036 71.5752 4
      vertex 11.8397 71.5099 4
    endloop
  endfacet
  facet normal 0 0 1
    outer loop
      vertex 11.2886 72.1443 4
      vertex 11.7717 73.1642 4
      vertex 11.6563 73.2093 4
    endloop
  endfacet
  facet normal 0 0 1
    outer loop
      vertex 12.2359 73.0287 4
      vertex 11.2886 72.1443 4
      vertex 11.3365 71.9976 4
    endloop
  endfacet
  facet normal 0 0 1
    outer loop
      vertex 11.2886 72.1443 4
      vertex 11.6563 73.2093 4
      vertex 11.5552 73.2555 4
    endloop
  endfacet
  facet normal 0 0 1
    outer loop
      vertex 12.2359 73.0287 4
      vertex 11.3365 71.9976 4
      vertex 11.4019 71.8673 4
    endloop
  endfacet
  facet normal 0 0 1
    outer loop
      vertex 11.2886 72.1443 4
      vertex 11.5552 73.2555 4
      vertex 11.463 73.3038 4
    endloop
  endfacet
  facet normal 0 0 1
    outer loop
      vertex 12.2359 73.0287 4
      vertex 11.5854 71.6561 4
      vertex 11.7036 71.5752 4
    endloop
  endfacet
  facet normal 0 0 1
    outer loop
      vertex 11.2886 72.1443 4
      vertex 11.463 73.3038 4
      vertex 11.3797 73.3541 4
    endloop
  endfacet
  facet normal 0 0 1
    outer loop
      vertex 12.2359 73.0287 4
      vertex 11.4849 71.7534 4
      vertex 11.5854 71.6561 4
    endloop
  endfacet
  facet normal 0 0 1
    outer loop
      vertex 11.2886 72.1443 4
      vertex 11.3797 73.3541 4
      vertex 11.3053 73.4066 4
    endloop
  endfacet
  facet normal 0 0 1
    outer loop
      vertex 12.2359 73.0287 4
      vertex 11.4019 71.8673 4
      vertex 11.4849 71.7534 4
    endloop
  endfacet
  facet normal 0 0 1
    outer loop
      vertex 10.7241 72.0314 4
      vertex 11.3053 73.4066 4
      vertex 11.2398 73.461 4
    endloop
  endfacet
  facet normal 0 0 1
    outer loop
      vertex 10.7241 72.0314 4
      vertex 11.2398 73.461 4
      vertex 11.1816 73.5185 4
    endloop
  endfacet
  facet normal 0 0 1
    outer loop
      vertex 10.7241 72.0314 4
      vertex 11.1816 73.5185 4
      vertex 11.1292 73.5797 4
    endloop
  endfacet
  facet normal 0 0 1
    outer loop
      vertex 10.7241 72.0314 4
      vertex 11.1292 73.5797 4
      vertex 11.0825 73.6447 4
    endloop
  endfacet
  facet normal 0 0 1
    outer loop
      vertex 10.7241 72.0314 4
      vertex 11.0825 73.6447 4
      vertex 11.0415 73.7135 4
    endloop
  endfacet
  facet normal 0 0 1
    outer loop
      vertex 10.7241 72.0314 4
      vertex 11.0415 73.7135 4
      vertex 11.0063 73.786 4
    endloop
  endfacet
  facet normal 0 0 1
    outer loop
      vertex 10.7241 72.0314 4
      vertex 11.0063 73.786 4
      vertex 10.9772 73.8627 4
    endloop
  endfacet
  facet normal 0 0 1
    outer loop
      vertex 10.7241 72.0314 4
      vertex 10.9772 73.8627 4
      vertex 10.9546 73.9438 4
    endloop
  endfacet
  facet normal 0 0 1
    outer loop
      vertex 10.7241 72.0314 4
      vertex 10.9546 73.9438 4
      vertex 10.9384 74.0292 4
    endloop
  endfacet
  facet normal 0 0 1
    outer loop
      vertex 11.3053 73.4066 4
      vertex 10.7241 72.0314 4
      vertex 11.2886 72.1443 4
    endloop
  endfacet
  facet normal 0 0 1
    outer loop
      vertex 10.9287 74.1191 4
      vertex 10.7241 72.0314 4
      vertex 10.9384 74.0292 4
    endloop
  endfacet
  facet normal 0 0 1
    outer loop
      vertex 10.7241 72.0314 4
      vertex 10.9287 74.1191 4
      vertex 10.9255 74.2133 4
    endloop
  endfacet
  facet normal 0 0 1
    outer loop
      vertex 8.68544 72.4159 4
      vertex 7.79921 72.3121 4
      vertex 8.27522 72.0741 4
    endloop
  endfacet
  facet normal 0 0 1
    outer loop
      vertex 8.68544 72.9042 4
      vertex 7.68324 74.1157 4
      vertex 7.79921 72.3121 4
    endloop
  endfacet
  facet normal 0 0 1
    outer loop
      vertex 7.06523 74.7607 4
      vertex 7.68324 74.1157 4
      vertex 7.61617 74.2587 4
    endloop
  endfacet
  facet normal 0 0 1
    outer loop
      vertex 7.68324 74.1157 4
      vertex 4.90935 73.1697 4
      vertex 7.79921 72.3121 4
    endloop
  endfacet
  facet normal 0 0 1
    outer loop
      vertex 7.06523 74.7607 4
      vertex 7.61617 74.2587 4
      vertex 7.53456 74.3876 4
    endloop
  endfacet
  facet normal 0 0 1
    outer loop
      vertex 7.20259 74.6893 4
      vertex 7.53456 74.3876 4
      vertex 7.43843 74.5023 4
    endloop
  endfacet
  facet normal -0 -0 1
    outer loop
      vertex 4.92589 72.8659 4
      vertex 7.79921 72.3121 4
      vertex 4.90935 73.1697 4
    endloop
  endfacet
  facet normal 0 0 1
    outer loop
      vertex 7.20259 74.6893 4
      vertex 7.43843 74.5023 4
      vertex 7.32777 74.6029 4
    endloop
  endfacet
  facet normal 0 0 1
    outer loop
      vertex 7.06523 74.7607 4
      vertex 7.53456 74.3876 4
      vertex 7.20259 74.6893 4
    endloop
  endfacet
  facet normal -0 -0 1
    outer loop
      vertex 4.97551 72.5869 4
      vertex 7.79921 72.3121 4
      vertex 4.92589 72.8659 4
    endloop
  endfacet
  facet normal 0 0 1
    outer loop
      vertex 7.68324 74.1157 4
      vertex 7.06523 74.7607 4
      vertex 6.91797 74.8163 4
    endloop
  endfacet
  facet normal 0 0 1
    outer loop
      vertex 7.68324 74.1157 4
      vertex 6.91797 74.8163 4
      vertex 6.76082 74.8559 4
    endloop
  endfacet
  facet normal 0 0 1
    outer loop
      vertex 7.79921 72.3121 4
      vertex 4.97551 72.5869 4
      vertex 7.5994 71.9903 4
    endloop
  endfacet
  facet normal 0 0 1
    outer loop
      vertex 7.68324 74.1157 4
      vertex 6.76082 74.8559 4
      vertex 6.59378 74.8797 4
    endloop
  endfacet
  facet normal 0 0 1
    outer loop
      vertex 7.68324 74.1157 4
      vertex 6.59378 74.8797 4
      vertex 6.41685 74.8877 4
    endloop
  endfacet
  facet normal -0 -0 1
    outer loop
      vertex 5.0582 72.3327 4
      vertex 7.5994 71.9903 4
      vertex 4.97551 72.5869 4
    endloop
  endfacet
  facet normal 0 0 1
    outer loop
      vertex 7.68324 74.1157 4
      vertex 6.41685 74.8877 4
      vertex 4.97282 73.7548 4
    endloop
  endfacet
  facet normal 0 0 1
    outer loop
      vertex 7.5994 71.9903 4
      vertex 6.44124 71.418 4
      vertex 7.36369 71.7399 4
    endloop
  endfacet
  facet normal 0 0 1
    outer loop
      vertex 4.97282 73.7548 4
      vertex 6.41685 74.8877 4
      vertex 6.14391 74.8693 4
    endloop
  endfacet
  facet normal 0 -0 1
    outer loop
      vertex 6.78461 71.4538 4
      vertex 7.36369 71.7399 4
      vertex 6.44124 71.418 4
    endloop
  endfacet
  facet normal 0 0 1
    outer loop
      vertex 5.16322 74.2311 4
      vertex 6.14391 74.8693 4
      vertex 5.89635 74.8142 4
    endloop
  endfacet
  facet normal 0 0 1
    outer loop
      vertex 7.36369 71.7399 4
      vertex 6.78461 71.4538 4
      vertex 7.09209 71.5611 4
    endloop
  endfacet
  facet normal 0 0 1
    outer loop
      vertex 5.16322 74.2311 4
      vertex 5.89635 74.8142 4
      vertex 5.67418 74.7223 4
    endloop
  endfacet
  facet normal 0 0 1
    outer loop
      vertex 7.5994 71.9903 4
      vertex 5.0582 72.3327 4
      vertex 6.44124 71.418 4
    endloop
  endfacet
  facet normal 0 0 1
    outer loop
      vertex 5.30603 74.4284 4
      vertex 5.67418 74.7223 4
      vertex 5.47742 74.5938 4
    endloop
  endfacet
  facet normal 0 0 1
    outer loop
      vertex 6.44124 71.418 4
      vertex 5.0582 72.3327 4
      vertex 6.17093 71.4373 4
    endloop
  endfacet
  facet normal 0 0 1
    outer loop
      vertex 5.16322 74.2311 4
      vertex 5.67418 74.7223 4
      vertex 5.30603 74.4284 4
    endloop
  endfacet
  facet normal -0 -0 1
    outer loop
      vertex 5.17397 72.1033 4
      vertex 6.17093 71.4373 4
      vertex 5.0582 72.3327 4
    endloop
  endfacet
  facet normal 0 0 1
    outer loop
      vertex 6.14391 74.8693 4
      vertex 5.16322 74.2311 4
      vertex 5.05215 74.0066 4
    endloop
  endfacet
  facet normal 0 0 1
    outer loop
      vertex 6.17093 71.4373 4
      vertex 5.17397 72.1033 4
      vertex 5.92393 71.4949 4
    endloop
  endfacet
  facet normal 0 0 1
    outer loop
      vertex 6.14391 74.8693 4
      vertex 5.05215 74.0066 4
      vertex 4.97282 73.7548 4
    endloop
  endfacet
  facet normal -0 -0 1
    outer loop
      vertex 5.32281 71.8986 4
      vertex 5.92393 71.4949 4
      vertex 5.17397 72.1033 4
    endloop
  endfacet
  facet normal 0 0 1
    outer loop
      vertex 7.68324 74.1157 4
      vertex 4.97282 73.7548 4
      vertex 4.92522 73.4759 4
    endloop
  endfacet
  facet normal 0 0 1
    outer loop
      vertex 5.70024 71.5911 4
      vertex 5.32281 71.8986 4
      vertex 5.49988 71.7256 4
    endloop
  endfacet
  facet normal 0 0 1
    outer loop
      vertex 7.68324 74.1157 4
      vertex 4.92522 73.4759 4
      vertex 4.90935 73.1697 4
    endloop
  endfacet
  facet normal 0 0 1
    outer loop
      vertex 5.92393 71.4949 4
      vertex 5.32281 71.8986 4
      vertex 5.70024 71.5911 4
    endloop
  endfacet
  facet normal 0 0 1
    outer loop
      vertex 18.8194 74.7995 4
      vertex 19.46 73.9997 4
      vertex 19.42 74.2996 4
    endloop
  endfacet
  facet normal 0 -0 1
    outer loop
      vertex 18.835 73.1706 4
      vertex 19.46 73.9997 4
      vertex 18.8194 74.7995 4
    endloop
  endfacet
  facet normal 0 0 1
    outer loop
      vertex 19.0997 74.6995 4
      vertex 19.42 74.2996 4
      vertex 19.2999 74.5329 4
    endloop
  endfacet
  facet normal 0 0 1
    outer loop
      vertex 19.42 74.2996 4
      vertex 19.0997 74.6995 4
      vertex 18.8194 74.7995 4
    endloop
  endfacet
  facet normal 0 0 1
    outer loop
      vertex 19.46 73.9997 4
      vertex 18.835 73.1706 4
      vertex 19.4209 73.6888 4
    endloop
  endfacet
  facet normal 0 0 1
    outer loop
      vertex 19.4209 73.6888 4
      vertex 19.1085 73.2743 4
      vertex 19.3038 73.447 4
    endloop
  endfacet
  facet normal 0 -0 1
    outer loop
      vertex 19.1085 73.2743 4
      vertex 19.4209 73.6888 4
      vertex 18.835 73.1706 4
    endloop
  endfacet
  facet normal 0 0 1
    outer loop
      vertex 18.8194 74.7995 4
      vertex 18.4835 73.1361 4
      vertex 18.835 73.1706 4
    endloop
  endfacet
  facet normal 0 0 1
    outer loop
      vertex 18.4591 74.8328 4
      vertex 18.4835 73.1361 4
      vertex 18.8194 74.7995 4
    endloop
  endfacet
  facet normal 0 0 1
    outer loop
      vertex 17.3026 73.1361 4
      vertex 18.4591 74.8328 4
      vertex 17.3026 74.8328 4
    endloop
  endfacet
  facet normal 0 0 1
    outer loop
      vertex 18.4591 74.8328 4
      vertex 17.3026 73.1361 4
      vertex 18.4835 73.1361 4
    endloop
  endfacet
  facet normal 0 0 -1
    outer loop
      vertex 180 0 0
      vertex 106 42 0
      vertex 180 80 0
    endloop
  endfacet
  facet normal 0 0 -1
    outer loop
      vertex 180 0 0
      vertex 105.539 37.3178 0
      vertex 106 42 0
    endloop
  endfacet
  facet normal 0 0 -1
    outer loop
      vertex 180 0 0
      vertex 104.173 32.8156 0
      vertex 105.539 37.3178 0
    endloop
  endfacet
  facet normal 0 0 -1
    outer loop
      vertex 180 0 0
      vertex 101.955 28.6663 0
      vertex 104.173 32.8156 0
    endloop
  endfacet
  facet normal 0 0 -1
    outer loop
      vertex 180 0 0
      vertex 98.9706 25.0294 0
      vertex 101.955 28.6663 0
    endloop
  endfacet
  facet normal 0 0 -1
    outer loop
      vertex 180 0 0
      vertex 95.3337 22.0447 0
      vertex 98.9706 25.0294 0
    endloop
  endfacet
  facet normal 0 0 -1
    outer loop
      vertex 180 0 0
      vertex 91.1844 19.8269 0
      vertex 95.3337 22.0447 0
    endloop
  endfacet
  facet normal 0 0 -1
    outer loop
      vertex 180 0 0
      vertex 86.6822 18.4612 0
      vertex 91.1844 19.8269 0
    endloop
  endfacet
  facet normal 0 0 -1
    outer loop
      vertex 180 0 0
      vertex 82 18 0
      vertex 86.6822 18.4612 0
    endloop
  endfacet
  facet normal 0 0 -1
    outer loop
      vertex 0 0 0
      vertex 82 18 0
      vertex 180 0 0
    endloop
  endfacet
  facet normal -0 0 -1
    outer loop
      vertex 82 18 0
      vertex 0 0 0
      vertex 28 18 0
    endloop
  endfacet
  facet normal -0 0 -1
    outer loop
      vertex 4.46115 37.3178 0
      vertex 0 0 0
      vertex 4 42 0
    endloop
  endfacet
  facet normal -0 0 -1
    outer loop
      vertex 5.82689 32.8156 0
      vertex 0 0 0
      vertex 4.46115 37.3178 0
    endloop
  endfacet
  facet normal -0 0 -1
    outer loop
      vertex 8.04473 28.6663 0
      vertex 0 0 0
      vertex 5.82689 32.8156 0
    endloop
  endfacet
  facet normal -0 0 -1
    outer loop
      vertex 11.0294 25.0294 0
      vertex 0 0 0
      vertex 8.04473 28.6663 0
    endloop
  endfacet
  facet normal -0 0 -1
    outer loop
      vertex 14.6663 22.0447 0
      vertex 0 0 0
      vertex 11.0294 25.0294 0
    endloop
  endfacet
  facet normal -0 0 -1
    outer loop
      vertex 18.8156 19.8269 0
      vertex 0 0 0
      vertex 14.6663 22.0447 0
    endloop
  endfacet
  facet normal -0 0 -1
    outer loop
      vertex 23.3178 18.4612 0
      vertex 0 0 0
      vertex 18.8156 19.8269 0
    endloop
  endfacet
  facet normal -0 0 -1
    outer loop
      vertex 28 18 0
      vertex 0 0 0
      vertex 23.3178 18.4612 0
    endloop
  endfacet
  facet normal 0 0 -1
    outer loop
      vertex 105.539 46.6822 0
      vertex 180 80 0
      vertex 106 42 0
    endloop
  endfacet
  facet normal 0 0 -1
    outer loop
      vertex 104.173 51.1844 0
      vertex 180 80 0
      vertex 105.539 46.6822 0
    endloop
  endfacet
  facet normal 0 0 -1
    outer loop
      vertex 101.955 55.3337 0
      vertex 180 80 0
      vertex 104.173 51.1844 0
    endloop
  endfacet
  facet normal 0 0 -1
    outer loop
      vertex 98.9706 58.9706 0
      vertex 180 80 0
      vertex 101.955 55.3337 0
    endloop
  endfacet
  facet normal 0 0 -1
    outer loop
      vertex 95.3337 61.9553 0
      vertex 180 80 0
      vertex 98.9706 58.9706 0
    endloop
  endfacet
  facet normal 0 0 -1
    outer loop
      vertex 91.1844 64.1731 0
      vertex 180 80 0
      vertex 95.3337 61.9553 0
    endloop
  endfacet
  facet normal 0 0 -1
    outer loop
      vertex 86.6822 65.5388 0
      vertex 180 80 0
      vertex 91.1844 64.1731 0
    endloop
  endfacet
  facet normal 0 0 -1
    outer loop
      vertex 82 66 0
      vertex 180 80 0
      vertex 86.6822 65.5388 0
    endloop
  endfacet
  facet normal 0 0 -1
    outer loop
      vertex 0 80 0
      vertex 82 66 0
      vertex 28 66 0
    endloop
  endfacet
  facet normal 0 0 -1
    outer loop
      vertex 82 66 0
      vertex 0 80 0
      vertex 180 80 0
    endloop
  endfacet
  facet normal 0 0 -1
    outer loop
      vertex 23.3178 65.5388 0
      vertex 0 80 0
      vertex 28 66 0
    endloop
  endfacet
  facet normal 0 0 -1
    outer loop
      vertex 18.8156 64.1731 0
      vertex 0 80 0
      vertex 23.3178 65.5388 0
    endloop
  endfacet
  facet normal 0 0 -1
    outer loop
      vertex 14.6663 61.9553 0
      vertex 0 80 0
      vertex 18.8156 64.1731 0
    endloop
  endfacet
  facet normal 0 0 -1
    outer loop
      vertex 11.0294 58.9706 0
      vertex 0 80 0
      vertex 14.6663 61.9553 0
    endloop
  endfacet
  facet normal 0 0 -1
    outer loop
      vertex 8.04473 55.3337 0
      vertex 0 80 0
      vertex 11.0294 58.9706 0
    endloop
  endfacet
  facet normal 0 0 -1
    outer loop
      vertex 5.82689 51.1844 0
      vertex 0 80 0
      vertex 8.04473 55.3337 0
    endloop
  endfacet
  facet normal 0 0 -1
    outer loop
      vertex 4.46115 46.6822 0
      vertex 0 80 0
      vertex 5.82689 51.1844 0
    endloop
  endfacet
  facet normal 0 0 -1
    outer loop
      vertex 4 42 0
      vertex 0 80 0
      vertex 4.46115 46.6822 0
    endloop
  endfacet
  facet normal 0 0 -1
    outer loop
      vertex 0 80 0
      vertex 4 42 0
      vertex 0 0 0
    endloop
  endfacet
  facet normal -1 0 0
    outer loop
      vertex 0 0 0
      vertex 0 80 4
      vertex 0 80 0
    endloop
  endfacet
  facet normal -1 -0 0
    outer loop
      vertex 0 80 4
      vertex 0 0 0
      vertex 0 0 4
    endloop
  endfacet
  facet normal 0 1 -0
    outer loop
      vertex 180 80 0
      vertex 0 80 4
      vertex 180 80 4
    endloop
  endfacet
  facet normal 0 1 0
    outer loop
      vertex 0 80 4
      vertex 180 80 0
      vertex 0 80 0
    endloop
  endfacet
  facet normal 0 -1 0
    outer loop
      vertex 0 0 0
      vertex 180 0 4
      vertex 0 0 4
    endloop
  endfacet
  facet normal 0 -1 -0
    outer loop
      vertex 180 0 4
      vertex 0 0 0
      vertex 180 0 0
    endloop
  endfacet
  facet normal 0.95694 -0.290287 0
    outer loop
      vertex 4.46115 46.6822 4
      vertex 5.82689 51.1844 0
      vertex 5.82689 51.1844 4
    endloop
  endfacet
  facet normal 0.95694 -0.290287 0
    outer loop
      vertex 5.82689 51.1844 0
      vertex 4.46115 46.6822 4
      vertex 4.46115 46.6822 0
    endloop
  endfacet
  facet normal 0.95694 0.290287 0
    outer loop
      vertex 5.82689 32.8156 4
      vertex 4.46115 37.3178 0
      vertex 4.46115 37.3178 4
    endloop
  endfacet
  facet normal 0.95694 0.290287 0
    outer loop
      vertex 4.46115 37.3178 0
      vertex 5.82689 32.8156 4
      vertex 5.82689 32.8156 0
    endloop
  endfacet
  facet normal -0.881908 0.471422 0
    outer loop
      vertex 101.955 28.6663 0
      vertex 104.173 32.8156 4
      vertex 104.173 32.8156 0
    endloop
  endfacet
  facet normal -0.881908 0.471422 0
    outer loop
      vertex 104.173 32.8156 4
      vertex 101.955 28.6663 0
      vertex 101.955 28.6663 4
    endloop
  endfacet
  facet normal -0.290279 0.956942 0
    outer loop
      vertex 91.1844 19.8269 0
      vertex 86.6822 18.4612 4
      vertex 91.1844 19.8269 4
    endloop
  endfacet
  facet normal -0.290279 0.956942 0
    outer loop
      vertex 86.6822 18.4612 4
      vertex 91.1844 19.8269 0
      vertex 86.6822 18.4612 0
    endloop
  endfacet
  facet normal 0 1 -0
    outer loop
      vertex 82 18 0
      vertex 28 18 4
      vertex 82 18 4
    endloop
  endfacet
  facet normal 0 1 0
    outer loop
      vertex 28 18 4
      vertex 82 18 0
      vertex 28 18 0
    endloop
  endfacet
  facet normal 0.881922 0.471396 0
    outer loop
      vertex 8.04473 28.6663 4
      vertex 5.82689 32.8156 0
      vertex 5.82689 32.8156 4
    endloop
  endfacet
  facet normal 0.881922 0.471396 0
    outer loop
      vertex 5.82689 32.8156 0
      vertex 8.04473 28.6663 4
      vertex 8.04473 28.6663 0
    endloop
  endfacet
  facet normal -0.471389 0.881925 0
    outer loop
      vertex 95.3337 22.0447 0
      vertex 91.1844 19.8269 4
      vertex 95.3337 22.0447 4
    endloop
  endfacet
  facet normal -0.471389 0.881925 0
    outer loop
      vertex 91.1844 19.8269 4
      vertex 95.3337 22.0447 0
      vertex 91.1844 19.8269 0
    endloop
  endfacet
  facet normal -0.290279 -0.956942 0
    outer loop
      vertex 86.6822 65.5388 0
      vertex 91.1844 64.1731 4
      vertex 86.6822 65.5388 4
    endloop
  endfacet
  facet normal -0.290279 -0.956942 -0
    outer loop
      vertex 91.1844 64.1731 4
      vertex 86.6822 65.5388 0
      vertex 91.1844 64.1731 0
    endloop
  endfacet
  facet normal 0.995185 -0.0980158 0
    outer loop
      vertex 4 42 4
      vertex 4.46115 46.6822 0
      vertex 4.46115 46.6822 4
    endloop
  endfacet
  facet normal 0.995185 -0.0980158 0
    outer loop
      vertex 4.46115 46.6822 0
      vertex 4 42 4
      vertex 4 42 0
    endloop
  endfacet
  facet normal 0.995185 0.0980158 0
    outer loop
      vertex 4.46115 37.3178 4
      vertex 4 42 0
      vertex 4 42 4
    endloop
  endfacet
  facet normal 0.995185 0.0980158 0
    outer loop
      vertex 4 42 0
      vertex 4.46115 37.3178 4
      vertex 4.46115 37.3178 0
    endloop
  endfacet
  facet normal 0.0980263 -0.995184 0
    outer loop
      vertex 23.3178 65.5388 0
      vertex 28 66 4
      vertex 23.3178 65.5388 4
    endloop
  endfacet
  facet normal 0.0980263 -0.995184 0
    outer loop
      vertex 28 66 4
      vertex 23.3178 65.5388 0
      vertex 28 66 0
    endloop
  endfacet
  facet normal -0.956924 0.290338 0
    outer loop
      vertex 104.173 32.8156 0
      vertex 105.539 37.3178 4
      vertex 105.539 37.3178 0
    endloop
  endfacet
  facet normal -0.956924 0.290338 0
    outer loop
      vertex 105.539 37.3178 4
      vertex 104.173 32.8156 0
      vertex 104.173 32.8156 4
    endloop
  endfacet
  facet normal -0.63439 -0.773013 0
    outer loop
      vertex 95.3337 61.9553 0
      vertex 98.9706 58.9706 4
      vertex 95.3337 61.9553 4
    endloop
  endfacet
  facet normal -0.63439 -0.773013 -0
    outer loop
      vertex 98.9706 58.9706 4
      vertex 95.3337 61.9553 0
      vertex 98.9706 58.9706 0
    endloop
  endfacet
  facet normal 0.63439 0.773013 -0
    outer loop
      vertex 14.6663 22.0447 0
      vertex 11.0294 25.0294 4
      vertex 14.6663 22.0447 4
    endloop
  endfacet
  facet normal 0.63439 0.773013 0
    outer loop
      vertex 11.0294 25.0294 4
      vertex 14.6663 22.0447 0
      vertex 11.0294 25.0294 0
    endloop
  endfacet
  facet normal 0.773016 0.634386 0
    outer loop
      vertex 11.0294 25.0294 4
      vertex 8.04473 28.6663 0
      vertex 8.04473 28.6663 4
    endloop
  endfacet
  facet normal 0.773016 0.634386 0
    outer loop
      vertex 8.04473 28.6663 0
      vertex 11.0294 25.0294 4
      vertex 11.0294 25.0294 0
    endloop
  endfacet
  facet normal 0 -1 0
    outer loop
      vertex 28 66 0
      vertex 82 66 4
      vertex 28 66 4
    endloop
  endfacet
  facet normal 0 -1 -0
    outer loop
      vertex 82 66 4
      vertex 28 66 0
      vertex 82 66 0
    endloop
  endfacet
  facet normal 0.290279 -0.956942 0
    outer loop
      vertex 18.8156 64.1731 0
      vertex 23.3178 65.5388 4
      vertex 18.8156 64.1731 4
    endloop
  endfacet
  facet normal 0.290279 -0.956942 0
    outer loop
      vertex 23.3178 65.5388 4
      vertex 18.8156 64.1731 0
      vertex 23.3178 65.5388 0
    endloop
  endfacet
  facet normal -0.63439 0.773013 0
    outer loop
      vertex 98.9706 25.0294 0
      vertex 95.3337 22.0447 4
      vertex 98.9706 25.0294 4
    endloop
  endfacet
  facet normal -0.63439 0.773013 0
    outer loop
      vertex 95.3337 22.0447 4
      vertex 98.9706 25.0294 0
      vertex 95.3337 22.0447 0
    endloop
  endfacet
  facet normal -0.0980263 0.995184 0
    outer loop
      vertex 86.6822 18.4612 0
      vertex 82 18 4
      vertex 86.6822 18.4612 4
    endloop
  endfacet
  facet normal -0.0980263 0.995184 0
    outer loop
      vertex 82 18 4
      vertex 86.6822 18.4612 0
      vertex 82 18 0
    endloop
  endfacet
  facet normal -0.995188 0.0979842 0
    outer loop
      vertex 105.539 37.3178 0
      vertex 106 42 4
      vertex 106 42 0
    endloop
  endfacet
  facet normal -0.995188 0.0979842 0
    outer loop
      vertex 106 42 4
      vertex 105.539 37.3178 0
      vertex 105.539 37.3178 4
    endloop
  endfacet
  facet normal 0.471389 0.881925 -0
    outer loop
      vertex 18.8156 19.8269 0
      vertex 14.6663 22.0447 4
      vertex 18.8156 19.8269 4
    endloop
  endfacet
  facet normal 0.471389 0.881925 0
    outer loop
      vertex 14.6663 22.0447 4
      vertex 18.8156 19.8269 0
      vertex 14.6663 22.0447 0
    endloop
  endfacet
  facet normal -0.773045 0.634352 0
    outer loop
      vertex 98.9706 25.0294 0
      vertex 101.955 28.6663 4
      vertex 101.955 28.6663 0
    endloop
  endfacet
  facet normal -0.773045 0.634352 0
    outer loop
      vertex 101.955 28.6663 4
      vertex 98.9706 25.0294 0
      vertex 98.9706 25.0294 4
    endloop
  endfacet
  facet normal 0.290279 0.956942 -0
    outer loop
      vertex 23.3178 18.4612 0
      vertex 18.8156 19.8269 4
      vertex 23.3178 18.4612 4
    endloop
  endfacet
  facet normal 0.290279 0.956942 0
    outer loop
      vertex 18.8156 19.8269 4
      vertex 23.3178 18.4612 0
      vertex 18.8156 19.8269 0
    endloop
  endfacet
  facet normal -0.471389 -0.881925 0
    outer loop
      vertex 91.1844 64.1731 0
      vertex 95.3337 61.9553 4
      vertex 91.1844 64.1731 4
    endloop
  endfacet
  facet normal -0.471389 -0.881925 -0
    outer loop
      vertex 95.3337 61.9553 4
      vertex 91.1844 64.1731 0
      vertex 95.3337 61.9553 0
    endloop
  endfacet
  facet normal -0.995188 -0.0979842 0
    outer loop
      vertex 106 42 0
      vertex 105.539 46.6822 4
      vertex 105.539 46.6822 0
    endloop
  endfacet
  facet normal -0.995188 -0.0979842 0
    outer loop
      vertex 105.539 46.6822 4
      vertex 106 42 0
      vertex 106 42 4
    endloop
  endfacet
  facet normal 0.0980263 0.995184 -0
    outer loop
      vertex 28 18 0
      vertex 23.3178 18.4612 4
      vertex 28 18 4
    endloop
  endfacet
  facet normal 0.0980263 0.995184 0
    outer loop
      vertex 23.3178 18.4612 4
      vertex 28 18 0
      vertex 23.3178 18.4612 0
    endloop
  endfacet
  facet normal -0.956924 -0.290338 0
    outer loop
      vertex 105.539 46.6822 0
      vertex 104.173 51.1844 4
      vertex 104.173 51.1844 0
    endloop
  endfacet
  facet normal -0.956924 -0.290338 0
    outer loop
      vertex 104.173 51.1844 4
      vertex 105.539 46.6822 0
      vertex 105.539 46.6822 4
    endloop
  endfacet
  facet normal 0.773016 -0.634386 0
    outer loop
      vertex 8.04473 55.3337 4
      vertex 11.0294 58.9706 0
      vertex 11.0294 58.9706 4
    endloop
  endfacet
  facet normal 0.773016 -0.634386 0
    outer loop
      vertex 11.0294 58.9706 0
      vertex 8.04473 55.3337 4
      vertex 8.04473 55.3337 0
    endloop
  endfacet
  facet normal 0.881922 -0.471396 0
    outer loop
      vertex 5.82689 51.1844 4
      vertex 8.04473 55.3337 0
      vertex 8.04473 55.3337 4
    endloop
  endfacet
  facet normal 0.881922 -0.471396 0
    outer loop
      vertex 8.04473 55.3337 0
      vertex 5.82689 51.1844 4
      vertex 5.82689 51.1844 0
    endloop
  endfacet
  facet normal -0.0980263 -0.995184 0
    outer loop
      vertex 82 66 0
      vertex 86.6822 65.5388 4
      vertex 82 66 4
    endloop
  endfacet
  facet normal -0.0980263 -0.995184 -0
    outer loop
      vertex 86.6822 65.5388 4
      vertex 82 66 0
      vertex 86.6822 65.5388 0
    endloop
  endfacet
  facet normal 0.471389 -0.881925 0
    outer loop
      vertex 14.6663 61.9553 0
      vertex 18.8156 64.1731 4
      vertex 14.6663 61.9553 4
    endloop
  endfacet
  facet normal 0.471389 -0.881925 0
    outer loop
      vertex 18.8156 64.1731 4
      vertex 14.6663 61.9553 0
      vertex 18.8156 64.1731 0
    endloop
  endfacet
  facet normal -0.881908 -0.471422 0
    outer loop
      vertex 104.173 51.1844 0
      vertex 101.955 55.3337 4
      vertex 101.955 55.3337 0
    endloop
  endfacet
  facet normal -0.881908 -0.471422 0
    outer loop
      vertex 101.955 55.3337 4
      vertex 104.173 51.1844 0
      vertex 104.173 51.1844 4
    endloop
  endfacet
  facet normal -0.773045 -0.634352 0
    outer loop
      vertex 101.955 55.3337 0
      vertex 98.9706 58.9706 4
      vertex 98.9706 58.9706 0
    endloop
  endfacet
  facet normal -0.773045 -0.634352 0
    outer loop
      vertex 98.9706 58.9706 4
      vertex 101.955 55.3337 0
      vertex 101.955 55.3337 4
    endloop
  endfacet
  facet normal 0.63439 -0.773013 0
    outer loop
      vertex 11.0294 58.9706 0
      vertex 14.6663 61.9553 4
      vertex 11.0294 58.9706 4
    endloop
  endfacet
  facet normal 0.63439 -0.773013 0
    outer loop
      vertex 14.6663 61.9553 4
      vertex 11.0294 58.9706 0
      vertex 14.6663 61.9553 0
    endloop
  endfacet
  facet normal 0 0 1
    outer loop
      vertex 7.61617 74.2587 4.8
      vertex 8.13914 74.4995 4.8
      vertex 8.02318 74.6796 4.8
    endloop
  endfacet
  facet normal 0 0 1
    outer loop
      vertex 7.53456 74.3876 4.8
      vertex 8.02318 74.6796 4.8
      vertex 7.88768 74.8389 4.8
    endloop
  endfacet
  facet normal 0 0 1
    outer loop
      vertex 7.43843 74.5023 4.8
      vertex 7.88768 74.8389 4.8
      vertex 7.73265 74.9774 4.8
    endloop
  endfacet
  facet normal 0 0 1
    outer loop
      vertex 8.02318 74.6796 4.8
      vertex 7.53456 74.3876 4.8
      vertex 7.61617 74.2587 4.8
    endloop
  endfacet
  facet normal 0 0 1
    outer loop
      vertex 8.13914 74.4995 4.8
      vertex 7.68324 74.1157 4.8
      vertex 8.23557 74.2987 4.8
    endloop
  endfacet
  facet normal 0 0 1
    outer loop
      vertex 7.32777 74.6029 4.8
      vertex 7.73265 74.9774 4.8
      vertex 7.55809 75.0952 4.8
    endloop
  endfacet
  facet normal 0 -0 1
    outer loop
      vertex 7.68324 74.1157 4.8
      vertex 8.13914 74.4995 4.8
      vertex 7.61617 74.2587 4.8
    endloop
  endfacet
  facet normal 0 0 1
    outer loop
      vertex 7.88768 74.8389 4.8
      vertex 7.43843 74.5023 4.8
      vertex 7.53456 74.3876 4.8
    endloop
  endfacet
  facet normal 0 0 1
    outer loop
      vertex 7.20259 74.6893 4.8
      vertex 7.55809 75.0952 4.8
      vertex 7.36476 75.1918 4.8
    endloop
  endfacet
  facet normal 0 0 1
    outer loop
      vertex 7.73265 74.9774 4.8
      vertex 7.32777 74.6029 4.8
      vertex 7.43843 74.5023 4.8
    endloop
  endfacet
  facet normal 0 0 1
    outer loop
      vertex 7.55809 75.0952 4.8
      vertex 7.20259 74.6893 4.8
      vertex 7.32777 74.6029 4.8
    endloop
  endfacet
  facet normal 0 0 1
    outer loop
      vertex 7.06523 74.7607 4.8
      vertex 7.36476 75.1918 4.8
      vertex 7.15335 75.267 4.8
    endloop
  endfacet
  facet normal 0 0 1
    outer loop
      vertex 7.36476 75.1918 4.8
      vertex 7.06523 74.7607 4.8
      vertex 7.20259 74.6893 4.8
    endloop
  endfacet
  facet normal 0 0 1
    outer loop
      vertex 6.91797 74.8163 4.8
      vertex 7.15335 75.267 4.8
      vertex 6.92389 75.3208 4.8
    endloop
  endfacet
  facet normal 0 0 1
    outer loop
      vertex 7.15335 75.267 4.8
      vertex 6.91797 74.8163 4.8
      vertex 7.06523 74.7607 4.8
    endloop
  endfacet
  facet normal 0 0 1
    outer loop
      vertex 6.92389 75.3208 4.8
      vertex 6.76082 74.8559 4.8
      vertex 6.91797 74.8163 4.8
    endloop
  endfacet
  facet normal 0 0 1
    outer loop
      vertex 6.67635 75.353 4.8
      vertex 6.76082 74.8559 4.8
      vertex 6.92389 75.3208 4.8
    endloop
  endfacet
  facet normal 0 0 1
    outer loop
      vertex 6.67635 75.353 4.8
      vertex 6.59378 74.8797 4.8
      vertex 6.76082 74.8559 4.8
    endloop
  endfacet
  facet normal 0 0 1
    outer loop
      vertex 6.41074 75.3637 4.8
      vertex 6.59378 74.8797 4.8
      vertex 6.67635 75.353 4.8
    endloop
  endfacet
  facet normal 0 0 1
    outer loop
      vertex 6.59378 74.8797 4.8
      vertex 6.41074 75.3637 4.8
      vertex 6.41685 74.8877 4.8
    endloop
  endfacet
  facet normal 0 0 1
    outer loop
      vertex 6.41074 75.3637 4.8
      vertex 6.14391 74.8693 4.8
      vertex 6.41685 74.8877 4.8
    endloop
  endfacet
  facet normal -0 0 1
    outer loop
      vertex 6.03477 75.3404 4.8
      vertex 6.14391 74.8693 4.8
      vertex 6.41074 75.3637 4.8
    endloop
  endfacet
  facet normal 0 0 1
    outer loop
      vertex 6.03477 75.3404 4.8
      vertex 5.89635 74.8142 4.8
      vertex 6.14391 74.8693 4.8
    endloop
  endfacet
  facet normal -0 0 1
    outer loop
      vertex 5.69299 75.2705 4.8
      vertex 5.89635 74.8142 4.8
      vertex 6.03477 75.3404 4.8
    endloop
  endfacet
  facet normal 0 0 1
    outer loop
      vertex 5.69299 75.2705 4.8
      vertex 5.67418 74.7223 4.8
      vertex 5.89635 74.8142 4.8
    endloop
  endfacet
  facet normal -0 0 1
    outer loop
      vertex 5.38539 75.1539 4.8
      vertex 5.67418 74.7223 4.8
      vertex 5.69299 75.2705 4.8
    endloop
  endfacet
  facet normal 0 0 1
    outer loop
      vertex 5.67418 74.7223 4.8
      vertex 5.38539 75.1539 4.8
      vertex 5.47742 74.5938 4.8
    endloop
  endfacet
  facet normal -0 0 1
    outer loop
      vertex 5.11197 74.9907 4.8
      vertex 5.47742 74.5938 4.8
      vertex 5.38539 75.1539 4.8
    endloop
  endfacet
  facet normal 0 0 1
    outer loop
      vertex 5.47742 74.5938 4.8
      vertex 5.11197 74.9907 4.8
      vertex 5.30603 74.4284 4.8
    endloop
  endfacet
  facet normal -0 0 1
    outer loop
      vertex 4.87273 74.7809 4.8
      vertex 5.30603 74.4284 4.8
      vertex 5.11197 74.9907 4.8
    endloop
  endfacet
  facet normal 0 0 1
    outer loop
      vertex 5.30603 74.4284 4.8
      vertex 4.87273 74.7809 4.8
      vertex 5.16322 74.2311 4.8
    endloop
  endfacet
  facet normal -0 0 1
    outer loop
      vertex 4.67281 74.5299 4.8
      vertex 5.16322 74.2311 4.8
      vertex 4.87273 74.7809 4.8
    endloop
  endfacet
  facet normal 0 0 1
    outer loop
      vertex 5.16322 74.2311 4.8
      vertex 4.67281 74.5299 4.8
      vertex 5.05215 74.0066 4.8
    endloop
  endfacet
  facet normal 0 0 1
    outer loop
      vertex 4.40623 73.9211 4.8
      vertex 5.05215 74.0066 4.8
      vertex 4.5173 74.2433 4.8
    endloop
  endfacet
  facet normal -0 0 1
    outer loop
      vertex 4.5173 74.2433 4.8
      vertex 5.05215 74.0066 4.8
      vertex 4.67281 74.5299 4.8
    endloop
  endfacet
  facet normal 0 0 1
    outer loop
      vertex 7.79921 72.3121 4.8
      vertex 8.16043 71.8626 4.8
      vertex 8.27522 72.0741 4.8
    endloop
  endfacet
  facet normal 0 0 1
    outer loop
      vertex 8.16043 71.8626 4.8
      vertex 7.5994 71.9903 4.8
      vertex 8.02843 71.6723 4.8
    endloop
  endfacet
  facet normal 0 0 1
    outer loop
      vertex 8.16043 71.8626 4.8
      vertex 7.79921 72.3121 4.8
      vertex 7.5994 71.9903 4.8
    endloop
  endfacet
  facet normal 0 0 1
    outer loop
      vertex 8.02843 71.6723 4.8
      vertex 7.5994 71.9903 4.8
      vertex 7.8792 71.5033 4.8
    endloop
  endfacet
  facet normal -0 0 1
    outer loop
      vertex 7.36369 71.7399 4.8
      vertex 7.8792 71.5033 4.8
      vertex 7.5994 71.9903 4.8
    endloop
  endfacet
  facet normal 0 0 1
    outer loop
      vertex 7.8792 71.5033 4.8
      vertex 7.36369 71.7399 4.8
      vertex 7.71277 71.3554 4.8
    endloop
  endfacet
  facet normal 0 0 1
    outer loop
      vertex 7.71277 71.3554 4.8
      vertex 7.36369 71.7399 4.8
      vertex 7.52911 71.2289 4.8
    endloop
  endfacet
  facet normal -0 0 1
    outer loop
      vertex 7.09209 71.5611 4.8
      vertex 7.52911 71.2289 4.8
      vertex 7.36369 71.7399 4.8
    endloop
  endfacet
  facet normal 0 0 1
    outer loop
      vertex 7.52911 71.2289 4.8
      vertex 7.09209 71.5611 4.8
      vertex 7.33072 71.1245 4.8
    endloop
  endfacet
  facet normal 0 0 1
    outer loop
      vertex 7.33072 71.1245 4.8
      vertex 7.09209 71.5611 4.8
      vertex 7.11998 71.0433 4.8
    endloop
  endfacet
  facet normal -0 0 1
    outer loop
      vertex 6.78461 71.4538 4.8
      vertex 7.11998 71.0433 4.8
      vertex 7.09209 71.5611 4.8
    endloop
  endfacet
  facet normal 0 0 1
    outer loop
      vertex 7.11998 71.0433 4.8
      vertex 6.78461 71.4538 4.8
      vertex 6.89691 70.9854 4.8
    endloop
  endfacet
  facet normal 0 0 1
    outer loop
      vertex 6.78461 71.4538 4.8
      vertex 6.66151 70.9506 4.8
      vertex 6.89691 70.9854 4.8
    endloop
  endfacet
  facet normal -0 0 1
    outer loop
      vertex 6.44124 71.418 4.8
      vertex 6.66151 70.9506 4.8
      vertex 6.78461 71.4538 4.8
    endloop
  endfacet
  facet normal 0 0 1
    outer loop
      vertex 6.44124 71.418 4.8
      vertex 6.41379 70.939 4.8
      vertex 6.66151 70.9506 4.8
    endloop
  endfacet
  facet normal 0 0 1
    outer loop
      vertex 6.16081 70.9498 4.8
      vertex 6.44124 71.418 4.8
      vertex 6.17093 71.4373 4.8
    endloop
  endfacet
  facet normal 0 0 1
    outer loop
      vertex 6.44124 71.418 4.8
      vertex 6.16081 70.9498 4.8
      vertex 6.41379 70.939 4.8
    endloop
  endfacet
  facet normal 0 0 1
    outer loop
      vertex 5.92188 70.9822 4.8
      vertex 6.17093 71.4373 4.8
      vertex 5.92393 71.4949 4.8
    endloop
  endfacet
  facet normal 0 0 1
    outer loop
      vertex 6.17093 71.4373 4.8
      vertex 5.92188 70.9822 4.8
      vertex 6.16081 70.9498 4.8
    endloop
  endfacet
  facet normal 0 0 1
    outer loop
      vertex 5.69698 71.0362 4.8
      vertex 5.92393 71.4949 4.8
      vertex 5.70024 71.5911 4.8
    endloop
  endfacet
  facet normal 0 0 1
    outer loop
      vertex 5.92393 71.4949 4.8
      vertex 5.69698 71.0362 4.8
      vertex 5.92188 70.9822 4.8
    endloop
  endfacet
  facet normal 0 0 1
    outer loop
      vertex 5.28929 71.209 4.8
      vertex 5.70024 71.5911 4.8
      vertex 5.49988 71.7256 4.8
    endloop
  endfacet
  facet normal 0 0 1
    outer loop
      vertex 5.70024 71.5911 4.8
      vertex 5.48611 71.1118 4.8
      vertex 5.69698 71.0362 4.8
    endloop
  endfacet
  facet normal 0 0 1
    outer loop
      vertex 5.10851 71.3263 4.8
      vertex 5.49988 71.7256 4.8
      vertex 5.32281 71.8986 4.8
    endloop
  endfacet
  facet normal 0 0 1
    outer loop
      vertex 5.70024 71.5911 4.8
      vertex 5.28929 71.209 4.8
      vertex 5.48611 71.1118 4.8
    endloop
  endfacet
  facet normal 0 0 1
    outer loop
      vertex 4.80115 71.6166 4.8
      vertex 5.32281 71.8986 4.8
      vertex 5.17397 72.1033 4.8
    endloop
  endfacet
  facet normal 0 0 1
    outer loop
      vertex 5.49988 71.7256 4.8
      vertex 5.10851 71.3263 4.8
      vertex 5.28929 71.209 4.8
    endloop
  endfacet
  facet normal 0 0 1
    outer loop
      vertex 4.56604 71.9811 4.8
      vertex 5.17397 72.1033 4.8
      vertex 5.0582 72.3327 4.8
    endloop
  endfacet
  facet normal 0 0 1
    outer loop
      vertex 4.47653 72.1893 4.8
      vertex 5.0582 72.3327 4.8
      vertex 4.97551 72.5869 4.8
    endloop
  endfacet
  facet normal 0 0 1
    outer loop
      vertex 5.32281 71.8986 4.8
      vertex 4.9458 71.4622 4.8
      vertex 5.10851 71.3263 4.8
    endloop
  endfacet
  facet normal -0 0 1
    outer loop
      vertex 4.35716 72.6499 4.8
      vertex 4.97551 72.5869 4.8
      vertex 4.92589 72.8659 4.8
    endloop
  endfacet
  facet normal -0 0 1
    outer loop
      vertex 4.32733 72.9024 4.8
      vertex 4.92589 72.8659 4.8
      vertex 4.90935 73.1697 4.8
    endloop
  endfacet
  facet normal 0 0 1
    outer loop
      vertex 5.05215 74.0066 4.8
      vertex 4.40623 73.9211 4.8
      vertex 4.97282 73.7548 4.8
    endloop
  endfacet
  facet normal 0 -0 1
    outer loop
      vertex 4.32733 72.9024 4.8
      vertex 4.90935 73.1697 4.8
      vertex 4.31738 73.1697 4.8
    endloop
  endfacet
  facet normal 0 0 1
    outer loop
      vertex 4.92589 72.8659 4.8
      vertex 4.32733 72.9024 4.8
      vertex 4.35716 72.6499 4.8
    endloop
  endfacet
  facet normal 0 0 1
    outer loop
      vertex 4.33958 73.5632 4.8
      vertex 4.97282 73.7548 4.8
      vertex 4.40623 73.9211 4.8
    endloop
  endfacet
  facet normal 0 0 1
    outer loop
      vertex 4.97551 72.5869 4.8
      vertex 4.35716 72.6499 4.8
      vertex 4.40691 72.4122 4.8
    endloop
  endfacet
  facet normal 0 0 1
    outer loop
      vertex 4.97282 73.7548 4.8
      vertex 4.33958 73.5632 4.8
      vertex 4.92522 73.4759 4.8
    endloop
  endfacet
  facet normal 0 0 1
    outer loop
      vertex 4.97551 72.5869 4.8
      vertex 4.40691 72.4122 4.8
      vertex 4.47653 72.1893 4.8
    endloop
  endfacet
  facet normal 0 0 1
    outer loop
      vertex 5.17397 72.1033 4.8
      vertex 4.67456 71.7896 4.8
      vertex 4.80115 71.6166 4.8
    endloop
  endfacet
  facet normal 0 0 1
    outer loop
      vertex 4.31738 73.1697 4.8
      vertex 4.92522 73.4759 4.8
      vertex 4.33958 73.5632 4.8
    endloop
  endfacet
  facet normal 0 0 1
    outer loop
      vertex 5.17397 72.1033 4.8
      vertex 4.56604 71.9811 4.8
      vertex 4.67456 71.7896 4.8
    endloop
  endfacet
  facet normal 0 0 1
    outer loop
      vertex 4.92522 73.4759 4.8
      vertex 4.31738 73.1697 4.8
      vertex 4.90935 73.1697 4.8
    endloop
  endfacet
  facet normal 0 0 1
    outer loop
      vertex 5.32281 71.8986 4.8
      vertex 4.80115 71.6166 4.8
      vertex 4.9458 71.4622 4.8
    endloop
  endfacet
  facet normal 0 0 1
    outer loop
      vertex 5.0582 72.3327 4.8
      vertex 4.47653 72.1893 4.8
      vertex 4.56604 71.9811 4.8
    endloop
  endfacet
  facet normal 0 0 1
    outer loop
      vertex 19.46 73.9997 4.8
      vertex 20.0459 74.0058 4.8
      vertex 20.03 74.2412 4.8
    endloop
  endfacet
  facet normal -0 0 1
    outer loop
      vertex 19.42 74.2996 4.8
      vertex 20.03 74.2412 4.8
      vertex 19.9824 74.4545 4.8
    endloop
  endfacet
  facet normal 0 0 1
    outer loop
      vertex 20.0459 74.0058 4.8
      vertex 19.46 73.9997 4.8
      vertex 20.03 73.7717 4.8
    endloop
  endfacet
  facet normal 0 0 1
    outer loop
      vertex 19.42 74.2996 4.8
      vertex 19.9824 74.4545 4.8
      vertex 19.9031 74.6455 4.8
    endloop
  endfacet
  facet normal 0 0 1
    outer loop
      vertex 19.4209 73.6888 4.8
      vertex 20.03 73.7717 4.8
      vertex 19.46 73.9997 4.8
    endloop
  endfacet
  facet normal 0 0 1
    outer loop
      vertex 19.2999 74.5329 4.8
      vertex 19.9031 74.6455 4.8
      vertex 19.792 74.8143 4.8
    endloop
  endfacet
  facet normal 0 0 1
    outer loop
      vertex 20.03 73.7717 4.8
      vertex 19.4209 73.6888 4.8
      vertex 19.9822 73.5576 4.8
    endloop
  endfacet
  facet normal 0 0 1
    outer loop
      vertex 19.2999 74.5329 4.8
      vertex 19.792 74.8143 4.8
      vertex 19.6492 74.9609 4.8
    endloop
  endfacet
  facet normal 0 0 1
    outer loop
      vertex 19.9822 73.5576 4.8
      vertex 19.4209 73.6888 4.8
      vertex 19.9025 73.3635 4.8
    endloop
  endfacet
  facet normal 0 0 1
    outer loop
      vertex 19.2999 74.5329 4.8
      vertex 19.6492 74.9609 4.8
      vertex 19.4774 75.0828 4.8
    endloop
  endfacet
  facet normal -0 0 1
    outer loop
      vertex 19.3038 73.447 4.8
      vertex 19.9025 73.3635 4.8
      vertex 19.4209 73.6888 4.8
    endloop
  endfacet
  facet normal 0 0 1
    outer loop
      vertex 19.9025 73.3635 4.8
      vertex 19.3038 73.447 4.8
      vertex 19.791 73.1894 4.8
    endloop
  endfacet
  facet normal 0 0 1
    outer loop
      vertex 20.03 74.2412 4.8
      vertex 19.42 74.2996 4.8
      vertex 19.46 73.9997 4.8
    endloop
  endfacet
  facet normal 0 0 1
    outer loop
      vertex 19.9031 74.6455 4.8
      vertex 19.2999 74.5329 4.8
      vertex 19.42 74.2996 4.8
    endloop
  endfacet
  facet normal 0 0 1
    outer loop
      vertex 19.0997 74.6995 4.8
      vertex 19.4774 75.0828 4.8
      vertex 19.2796 75.1777 4.8
    endloop
  endfacet
  facet normal 0 0 1
    outer loop
      vertex 19.4774 75.0828 4.8
      vertex 19.0997 74.6995 4.8
      vertex 19.2999 74.5329 4.8
    endloop
  endfacet
  facet normal 0 0 1
    outer loop
      vertex 19.0556 75.2455 4.8
      vertex 19.0997 74.6995 4.8
      vertex 19.2796 75.1777 4.8
    endloop
  endfacet
  facet normal 0 0 1
    outer loop
      vertex 19.0556 75.2455 4.8
      vertex 18.8194 74.7995 4.8
      vertex 19.0997 74.6995 4.8
    endloop
  endfacet
  facet normal 0 0 1
    outer loop
      vertex 18.8055 75.2861 4.8
      vertex 18.8194 74.7995 4.8
      vertex 19.0556 75.2455 4.8
    endloop
  endfacet
  facet normal 0 0 1
    outer loop
      vertex 18.4591 74.8328 4.8
      vertex 18.8055 75.2861 4.8
      vertex 18.5293 75.2997 4.8
    endloop
  endfacet
  facet normal 0 0 1
    outer loop
      vertex 18.8055 75.2861 4.8
      vertex 18.4591 74.8328 4.8
      vertex 18.8194 74.7995 4.8
    endloop
  endfacet
  facet normal 0 0 1
    outer loop
      vertex 18.5293 75.2997 4.8
      vertex 17.3026 74.8328 4.8
      vertex 18.4591 74.8328 4.8
    endloop
  endfacet
  facet normal 0 0 1
    outer loop
      vertex 16.7197 75.2997 4.8
      vertex 17.3026 73.1361 4.8
      vertex 17.3026 74.8328 4.8
    endloop
  endfacet
  facet normal 0 0 1
    outer loop
      vertex 16.7197 71 4.8
      vertex 17.3026 73.1361 4.8
      vertex 16.7197 75.2997 4.8
    endloop
  endfacet
  facet normal -0 0 1
    outer loop
      vertex 16.7197 75.2997 4.8
      vertex 17.3026 74.8328 4.8
      vertex 18.5293 75.2997 4.8
    endloop
  endfacet
  facet normal 0 0 1
    outer loop
      vertex 17.3026 73.1361 4.8
      vertex 16.7197 71 4.8
      vertex 17.3026 72.6753 4.8
    endloop
  endfacet
  facet normal 0 0 1
    outer loop
      vertex 17.3026 72.6753 4.8
      vertex 16.7197 71 4.8
      vertex 17.3026 71 4.8
    endloop
  endfacet
  facet normal 0 0 1
    outer loop
      vertex 19.791 73.1894 4.8
      vertex 19.3038 73.447 4.8
      vertex 19.6476 73.0354 4.8
    endloop
  endfacet
  facet normal 0 0 1
    outer loop
      vertex 19.6476 73.0354 4.8
      vertex 19.3038 73.447 4.8
      vertex 19.4769 72.9058 4.8
    endloop
  endfacet
  facet normal -0 0 1
    outer loop
      vertex 19.1085 73.2743 4.8
      vertex 19.4769 72.9058 4.8
      vertex 19.3038 73.447 4.8
    endloop
  endfacet
  facet normal 0 0 1
    outer loop
      vertex 19.4769 72.9058 4.8
      vertex 19.1085 73.2743 4.8
      vertex 19.2834 72.8049 4.8
    endloop
  endfacet
  facet normal 0 0 1
    outer loop
      vertex 19.1085 73.2743 4.8
      vertex 19.0671 72.7329 4.8
      vertex 19.2834 72.8049 4.8
    endloop
  endfacet
  facet normal -0 0 1
    outer loop
      vertex 18.835 73.1706 4.8
      vertex 19.0671 72.7329 4.8
      vertex 19.1085 73.2743 4.8
    endloop
  endfacet
  facet normal 0 0 1
    outer loop
      vertex 18.835 73.1706 4.8
      vertex 18.8279 72.6897 4.8
      vertex 19.0671 72.7329 4.8
    endloop
  endfacet
  facet normal 0 0 1
    outer loop
      vertex 18.835 73.1706 4.8
      vertex 18.5659 72.6753 4.8
      vertex 18.8279 72.6897 4.8
    endloop
  endfacet
  facet normal -0 0 1
    outer loop
      vertex 18.4835 73.1361 4.8
      vertex 18.5659 72.6753 4.8
      vertex 18.835 73.1706 4.8
    endloop
  endfacet
  facet normal 0 0 1
    outer loop
      vertex 17.3026 72.6753 4.8
      vertex 18.4835 73.1361 4.8
      vertex 17.3026 73.1361 4.8
    endloop
  endfacet
  facet normal 0 0 1
    outer loop
      vertex 18.4835 73.1361 4.8
      vertex 17.3026 72.6753 4.8
      vertex 18.5659 72.6753 4.8
    endloop
  endfacet
  facet normal 0 0 1
    outer loop
      vertex 13.6028 74.4035 4.8
      vertex 14.1496 74.5784 4.8
      vertex 14.0595 74.7566 4.8
    endloop
  endfacet
  facet normal 0 0 1
    outer loop
      vertex 13.5444 74.5177 4.8
      vertex 14.0595 74.7566 4.8
      vertex 13.9509 74.9095 4.8
    endloop
  endfacet
  facet normal 0 0 1
    outer loop
      vertex 13.4724 74.6169 4.8
      vertex 13.9509 74.9095 4.8
      vertex 13.8237 75.0371 4.8
    endloop
  endfacet
  facet normal 0 0 1
    outer loop
      vertex 13.3867 74.701 4.8
      vertex 13.8237 75.0371 4.8
      vertex 13.678 75.1394 4.8
    endloop
  endfacet
  facet normal 0 0 1
    outer loop
      vertex 14.0595 74.7566 4.8
      vertex 13.5444 74.5177 4.8
      vertex 13.6028 74.4035 4.8
    endloop
  endfacet
  facet normal 0 0 1
    outer loop
      vertex 14.1496 74.5784 4.8
      vertex 13.6475 74.2743 4.8
      vertex 14.2212 74.375 4.8
    endloop
  endfacet
  facet normal 0 -0 1
    outer loop
      vertex 13.6475 74.2743 4.8
      vertex 14.1496 74.5784 4.8
      vertex 13.6028 74.4035 4.8
    endloop
  endfacet
  facet normal 0 0 1
    outer loop
      vertex 13.3867 74.701 4.8
      vertex 13.678 75.1394 4.8
      vertex 13.5092 75.2202 4.8
    endloop
  endfacet
  facet normal 0 0 1
    outer loop
      vertex 13.9509 74.9095 4.8
      vertex 13.4724 74.6169 4.8
      vertex 13.5444 74.5177 4.8
    endloop
  endfacet
  facet normal 0 0 1
    outer loop
      vertex 13.8237 75.0371 4.8
      vertex 13.3867 74.701 4.8
      vertex 13.4724 74.6169 4.8
    endloop
  endfacet
  facet normal 0 0 1
    outer loop
      vertex 13.2874 74.7702 4.8
      vertex 13.5092 75.2202 4.8
      vertex 13.3128 75.283 4.8
    endloop
  endfacet
  facet normal 0 0 1
    outer loop
      vertex 13.5092 75.2202 4.8
      vertex 13.2874 74.7702 4.8
      vertex 13.3867 74.701 4.8
    endloop
  endfacet
  facet normal 0 0 1
    outer loop
      vertex 13.3128 75.283 4.8
      vertex 13.173 74.8257 4.8
      vertex 13.2874 74.7702 4.8
    endloop
  endfacet
  facet normal 0 0 1
    outer loop
      vertex 13.0423 74.8688 4.8
      vertex 13.3128 75.283 4.8
      vertex 13.0888 75.3278 4.8
    endloop
  endfacet
  facet normal 0 0 1
    outer loop
      vertex 13.3128 75.283 4.8
      vertex 13.0423 74.8688 4.8
      vertex 13.173 74.8257 4.8
    endloop
  endfacet
  facet normal 0 0 1
    outer loop
      vertex 13.0888 75.3278 4.8
      vertex 12.8952 74.8996 4.8
      vertex 13.0423 74.8688 4.8
    endloop
  endfacet
  facet normal 0 0 1
    outer loop
      vertex 12.8372 75.3548 4.8
      vertex 12.8952 74.8996 4.8
      vertex 13.0888 75.3278 4.8
    endloop
  endfacet
  facet normal 0 0 1
    outer loop
      vertex 12.8372 75.3548 4.8
      vertex 12.7317 74.9181 4.8
      vertex 12.8952 74.8996 4.8
    endloop
  endfacet
  facet normal 0 0 1
    outer loop
      vertex 12.5581 75.3637 4.8
      vertex 12.7317 74.9181 4.8
      vertex 12.8372 75.3548 4.8
    endloop
  endfacet
  facet normal 0 0 1
    outer loop
      vertex 12.5581 75.3637 4.8
      vertex 12.5519 74.9243 4.8
      vertex 12.7317 74.9181 4.8
    endloop
  endfacet
  facet normal 0 0 1
    outer loop
      vertex 12.5581 75.3637 4.8
      vertex 12.3554 74.9175 4.8
      vertex 12.5519 74.9243 4.8
    endloop
  endfacet
  facet normal -0 0 1
    outer loop
      vertex 12.2577 75.3518 4.8
      vertex 12.3554 74.9175 4.8
      vertex 12.5581 75.3637 4.8
    endloop
  endfacet
  facet normal 0 0 1
    outer loop
      vertex 12.2577 75.3518 4.8
      vertex 12.1784 74.897 4.8
      vertex 12.3554 74.9175 4.8
    endloop
  endfacet
  facet normal -0 0 1
    outer loop
      vertex 11.9865 75.3159 4.8
      vertex 12.1784 74.897 4.8
      vertex 12.2577 75.3518 4.8
    endloop
  endfacet
  facet normal 0 0 1
    outer loop
      vertex 12.1784 74.897 4.8
      vertex 11.9865 75.3159 4.8
      vertex 12.021 74.8628 4.8
    endloop
  endfacet
  facet normal -0 0 1
    outer loop
      vertex 11.7446 75.2561 4.8
      vertex 12.021 74.8628 4.8
      vertex 11.9865 75.3159 4.8
    endloop
  endfacet
  facet normal 0 0 1
    outer loop
      vertex 12.021 74.8628 4.8
      vertex 11.7446 75.2561 4.8
      vertex 11.883 74.8149 4.8
    endloop
  endfacet
  facet normal -0 0 1
    outer loop
      vertex 11.5317 75.1723 4.8
      vertex 11.883 74.8149 4.8
      vertex 11.7446 75.2561 4.8
    endloop
  endfacet
  facet normal 0 0 1
    outer loop
      vertex 11.883 74.8149 4.8
      vertex 11.5317 75.1723 4.8
      vertex 11.7646 74.7534 4.8
    endloop
  endfacet
  facet normal 0 0 1
    outer loop
      vertex 11.7646 74.7534 4.8
      vertex 11.5317 75.1723 4.8
      vertex 11.6669 74.6783 4.8
    endloop
  endfacet
  facet normal -0 0 1
    outer loop
      vertex 11.3481 75.0647 4.8
      vertex 11.6669 74.6783 4.8
      vertex 11.5317 75.1723 4.8
    endloop
  endfacet
  facet normal -0 0 1
    outer loop
      vertex 11.1959 74.9349 4.8
      vertex 11.6669 74.6783 4.8
      vertex 11.3481 75.0647 4.8
    endloop
  endfacet
  facet normal 0 0 1
    outer loop
      vertex 11.6669 74.6783 4.8
      vertex 11.1959 74.9349 4.8
      vertex 11.5908 74.5898 4.8
    endloop
  endfacet
  facet normal -0 0 1
    outer loop
      vertex 11.0776 74.7849 4.8
      vertex 11.5908 74.5898 4.8
      vertex 11.1959 74.9349 4.8
    endloop
  endfacet
  facet normal 0 0 1
    outer loop
      vertex 11.6974 73.8184 4.8
      vertex 11.3797 73.3541 4.8
      vertex 11.463 73.3038 4.8
    endloop
  endfacet
  facet normal 0 0 1
    outer loop
      vertex 11.5908 74.5898 4.8
      vertex 11.0776 74.7849 4.8
      vertex 11.5365 74.4879 4.8
    endloop
  endfacet
  facet normal -0 0 1
    outer loop
      vertex 10.9931 74.6146 4.8
      vertex 11.5365 74.4879 4.8
      vertex 11.0776 74.7849 4.8
    endloop
  endfacet
  facet normal 0 0 1
    outer loop
      vertex 11.4973 74.1672 4.8
      vertex 10.9255 74.2133 4.8
      vertex 10.9287 74.1191 4.8
    endloop
  endfacet
  facet normal 0 0 1
    outer loop
      vertex 11.4973 74.1672 4.8
      vertex 10.9287 74.1191 4.8
      vertex 10.9384 74.0292 4.8
    endloop
  endfacet
  facet normal 0 0 1
    outer loop
      vertex 11.5365 74.4879 4.8
      vertex 10.9931 74.6146 4.8
      vertex 11.5039 74.3726 4.8
    endloop
  endfacet
  facet normal 0 0 1
    outer loop
      vertex 11.4973 74.1672 4.8
      vertex 11.3053 73.4066 4.8
      vertex 11.3797 73.3541 4.8
    endloop
  endfacet
  facet normal 0 0 1
    outer loop
      vertex 11.4973 74.1672 4.8
      vertex 10.9384 74.0292 4.8
      vertex 10.9546 73.9438 4.8
    endloop
  endfacet
  facet normal 0 0 1
    outer loop
      vertex 11.4973 74.1672 4.8
      vertex 11.2398 73.461 4.8
      vertex 11.3053 73.4066 4.8
    endloop
  endfacet
  facet normal -0 0 1
    outer loop
      vertex 10.9424 74.4241 4.8
      vertex 11.5039 74.3726 4.8
      vertex 10.9931 74.6146 4.8
    endloop
  endfacet
  facet normal 0 0 1
    outer loop
      vertex 11.4973 74.1672 4.8
      vertex 11.1816 73.5185 4.8
      vertex 11.2398 73.461 4.8
    endloop
  endfacet
  facet normal 0 0 1
    outer loop
      vertex 11.4973 74.1672 4.8
      vertex 11.1292 73.5797 4.8
      vertex 11.1816 73.5185 4.8
    endloop
  endfacet
  facet normal 0 0 1
    outer loop
      vertex 11.5039 74.3726 4.8
      vertex 10.9424 74.4241 4.8
      vertex 11.493 74.2438 4.8
    endloop
  endfacet
  facet normal 0 0 1
    outer loop
      vertex 11.493 74.2438 4.8
      vertex 10.9424 74.4241 4.8
      vertex 10.9255 74.2133 4.8
    endloop
  endfacet
  facet normal 0 0 1
    outer loop
      vertex 11.4973 74.1672 4.8
      vertex 10.9772 73.8627 4.8
      vertex 11.0063 73.786 4.8
    endloop
  endfacet
  facet normal 0 0 1
    outer loop
      vertex 11.4973 74.1672 4.8
      vertex 11.0825 73.6447 4.8
      vertex 11.1292 73.5797 4.8
    endloop
  endfacet
  facet normal 0 0 1
    outer loop
      vertex 11.4973 74.1672 4.8
      vertex 10.9546 73.9438 4.8
      vertex 10.9772 73.8627 4.8
    endloop
  endfacet
  facet normal 0 0 1
    outer loop
      vertex 11.4973 74.1672 4.8
      vertex 11.0063 73.786 4.8
      vertex 11.0415 73.7135 4.8
    endloop
  endfacet
  facet normal 0 0 1
    outer loop
      vertex 11.4973 74.1672 4.8
      vertex 11.0415 73.7135 4.8
      vertex 11.0825 73.6447 4.8
    endloop
  endfacet
  facet normal 0 0 1
    outer loop
      vertex 14.3219 72.187 4.8
      vertex 13.7413 72.2376 4.8
      vertex 13.7451 72.1565 4.8
    endloop
  endfacet
  facet normal 0 0 1
    outer loop
      vertex 13.5056 72.6393 4.8
      vertex 13.8015 73.1147 4.8
      vertex 13.7378 73.1492 4.8
    endloop
  endfacet
  facet normal 0 0 1
    outer loop
      vertex 13.8628 73.0777 4.8
      vertex 13.7297 72.3123 4.8
      vertex 13.7413 72.2376 4.8
    endloop
  endfacet
  facet normal 0 0 1
    outer loop
      vertex 13.8628 73.0777 4.8
      vertex 13.7105 72.3806 4.8
      vertex 13.7297 72.3123 4.8
    endloop
  endfacet
  facet normal 0 0 1
    outer loop
      vertex 13.8628 73.0777 4.8
      vertex 13.6836 72.4427 4.8
      vertex 13.7105 72.3806 4.8
    endloop
  endfacet
  facet normal 0 0 1
    outer loop
      vertex 13.4454 72.6789 4.8
      vertex 13.7378 73.1492 4.8
      vertex 13.6722 73.1819 4.8
    endloop
  endfacet
  facet normal 0 0 1
    outer loop
      vertex 13.8628 73.0777 4.8
      vertex 13.649 72.4983 4.8
      vertex 13.6836 72.4427 4.8
    endloop
  endfacet
  facet normal 0 0 1
    outer loop
      vertex 13.8628 73.0777 4.8
      vertex 13.6074 72.549 4.8
      vertex 13.649 72.4983 4.8
    endloop
  endfacet
  facet normal 0 0 1
    outer loop
      vertex 13.3789 72.7149 4.8
      vertex 13.6722 73.1819 4.8
      vertex 13.6047 73.2127 4.8
    endloop
  endfacet
  facet normal 0 0 1
    outer loop
      vertex 13.8628 73.0777 4.8
      vertex 13.5596 72.596 4.8
      vertex 13.6074 72.549 4.8
    endloop
  endfacet
  facet normal 0 0 1
    outer loop
      vertex 13.3789 72.7149 4.8
      vertex 13.6047 73.2127 4.8
      vertex 13.5355 73.2417 4.8
    endloop
  endfacet
  facet normal 0 0 1
    outer loop
      vertex 13.8628 73.0777 4.8
      vertex 13.5056 72.6393 4.8
      vertex 13.5596 72.596 4.8
    endloop
  endfacet
  facet normal 0 0 1
    outer loop
      vertex 13.3066 72.748 4.8
      vertex 13.5355 73.2417 4.8
      vertex 13.4644 73.2688 4.8
    endloop
  endfacet
  facet normal 0 0 1
    outer loop
      vertex 13.7378 73.1492 4.8
      vertex 13.4454 72.6789 4.8
      vertex 13.5056 72.6393 4.8
    endloop
  endfacet
  facet normal 0 0 1
    outer loop
      vertex 13.229 72.7789 4.8
      vertex 13.4644 73.2688 4.8
      vertex 13.3917 73.2944 4.8
    endloop
  endfacet
  facet normal 0 0 1
    outer loop
      vertex 13.6722 73.1819 4.8
      vertex 13.3789 72.7149 4.8
      vertex 13.4454 72.6789 4.8
    endloop
  endfacet
  facet normal 0 0 1
    outer loop
      vertex 13.146 72.8076 4.8
      vertex 13.3917 73.2944 4.8
      vertex 13.3176 73.3184 4.8
    endloop
  endfacet
  facet normal 0 0 1
    outer loop
      vertex 13.5355 73.2417 4.8
      vertex 13.3066 72.748 4.8
      vertex 13.3789 72.7149 4.8
    endloop
  endfacet
  facet normal 0 0 1
    outer loop
      vertex 13.146 72.8076 4.8
      vertex 13.3176 73.3184 4.8
      vertex 13.2423 73.341 4.8
    endloop
  endfacet
  facet normal 0 0 1
    outer loop
      vertex 13.4644 73.2688 4.8
      vertex 13.229 72.7789 4.8
      vertex 13.3066 72.748 4.8
    endloop
  endfacet
  facet normal 0 0 1
    outer loop
      vertex 13.0576 72.8341 4.8
      vertex 13.2423 73.341 4.8
      vertex 13.1655 73.3621 4.8
    endloop
  endfacet
  facet normal 0 0 1
    outer loop
      vertex 13.3917 73.2944 4.8
      vertex 13.146 72.8076 4.8
      vertex 13.229 72.7789 4.8
    endloop
  endfacet
  facet normal 0 0 1
    outer loop
      vertex 12.9639 72.8584 4.8
      vertex 13.1655 73.3621 4.8
      vertex 13.0875 73.3818 4.8
    endloop
  endfacet
  facet normal 0 0 1
    outer loop
      vertex 13.2423 73.341 4.8
      vertex 13.0576 72.8341 4.8
      vertex 13.146 72.8076 4.8
    endloop
  endfacet
  facet normal 0 0 1
    outer loop
      vertex 12.9639 72.8584 4.8
      vertex 13.0875 73.3818 4.8
      vertex 13.0087 73.4006 4.8
    endloop
  endfacet
  facet normal 0 0 1
    outer loop
      vertex 13.1655 73.3621 4.8
      vertex 12.9639 72.8584 4.8
      vertex 13.0576 72.8341 4.8
    endloop
  endfacet
  facet normal 0 0 1
    outer loop
      vertex 12.8654 72.8819 4.8
      vertex 13.0087 73.4006 4.8
      vertex 12.9298 73.4193 4.8
    endloop
  endfacet
  facet normal 0 0 1
    outer loop
      vertex 13.0087 73.4006 4.8
      vertex 12.8654 72.8819 4.8
      vertex 12.9639 72.8584 4.8
    endloop
  endfacet
  facet normal 0 0 1
    outer loop
      vertex 12.7628 72.9062 4.8
      vertex 12.9298 73.4193 4.8
      vertex 12.8508 73.438 4.8
    endloop
  endfacet
  facet normal 0 0 1
    outer loop
      vertex 12.656 72.9313 4.8
      vertex 12.8508 73.438 4.8
      vertex 12.7716 73.4565 4.8
    endloop
  endfacet
  facet normal 0 0 1
    outer loop
      vertex 12.9298 73.4193 4.8
      vertex 12.7628 72.9062 4.8
      vertex 12.8654 72.8819 4.8
    endloop
  endfacet
  facet normal 0 0 1
    outer loop
      vertex 12.656 72.9313 4.8
      vertex 12.7716 73.4565 4.8
      vertex 12.6923 73.4748 4.8
    endloop
  endfacet
  facet normal 0 0 1
    outer loop
      vertex 12.8508 73.438 4.8
      vertex 12.656 72.9313 4.8
      vertex 12.7628 72.9062 4.8
    endloop
  endfacet
  facet normal 0 0 1
    outer loop
      vertex 12.6923 73.4748 4.8
      vertex 12.545 72.957 4.8
      vertex 12.656 72.9313 4.8
    endloop
  endfacet
  facet normal 0 0 1
    outer loop
      vertex 12.4299 72.9835 4.8
      vertex 12.6923 73.4748 4.8
      vertex 12.4713 73.5257 4.8
    endloop
  endfacet
  facet normal 0 0 1
    outer loop
      vertex 12.6923 73.4748 4.8
      vertex 12.4299 72.9835 4.8
      vertex 12.545 72.957 4.8
    endloop
  endfacet
  facet normal 0 0 1
    outer loop
      vertex 12.2359 73.0287 4.8
      vertex 12.4713 73.5257 4.8
      vertex 12.2817 73.5732 4.8
    endloop
  endfacet
  facet normal 0 0 1
    outer loop
      vertex 12.4713 73.5257 4.8
      vertex 12.2359 73.0287 4.8
      vertex 12.4299 72.9835 4.8
    endloop
  endfacet
  facet normal 0 0 1
    outer loop
      vertex 12.0615 73.0738 4.8
      vertex 12.2817 73.5732 4.8
      vertex 12.1236 73.6174 4.8
    endloop
  endfacet
  facet normal 0 0 1
    outer loop
      vertex 12.2817 73.5732 4.8
      vertex 12.0615 73.0738 4.8
      vertex 12.2359 73.0287 4.8
    endloop
  endfacet
  facet normal 0 0 1
    outer loop
      vertex 11.9068 73.119 4.8
      vertex 12.1236 73.6174 4.8
      vertex 11.997 73.6584 4.8
    endloop
  endfacet
  facet normal 0 0 1
    outer loop
      vertex 12.1236 73.6174 4.8
      vertex 11.9068 73.119 4.8
      vertex 12.0615 73.0738 4.8
    endloop
  endfacet
  facet normal 0 0 1
    outer loop
      vertex 11.7717 73.1642 4.8
      vertex 11.997 73.6584 4.8
      vertex 11.902 73.696 4.8
    endloop
  endfacet
  facet normal 0 0 1
    outer loop
      vertex 11.6563 73.2093 4.8
      vertex 11.902 73.696 4.8
      vertex 11.8263 73.7336 4.8
    endloop
  endfacet
  facet normal 0 0 1
    outer loop
      vertex 11.997 73.6584 4.8
      vertex 11.7717 73.1642 4.8
      vertex 11.9068 73.119 4.8
    endloop
  endfacet
  facet normal 0 0 1
    outer loop
      vertex 11.5552 73.2555 4.8
      vertex 11.8263 73.7336 4.8
      vertex 11.7582 73.7744 4.8
    endloop
  endfacet
  facet normal 0 0 1
    outer loop
      vertex 11.463 73.3038 4.8
      vertex 11.7582 73.7744 4.8
      vertex 11.6974 73.8184 4.8
    endloop
  endfacet
  facet normal 0 0 1
    outer loop
      vertex 11.902 73.696 4.8
      vertex 11.6563 73.2093 4.8
      vertex 11.7717 73.1642 4.8
    endloop
  endfacet
  facet normal 0 0 1
    outer loop
      vertex 11.3797 73.3541 4.8
      vertex 11.6974 73.8184 4.8
      vertex 11.6441 73.8655 4.8
    endloop
  endfacet
  facet normal 0 0 1
    outer loop
      vertex 11.3797 73.3541 4.8
      vertex 11.6441 73.8655 4.8
      vertex 11.5983 73.9158 4.8
    endloop
  endfacet
  facet normal 0 0 1
    outer loop
      vertex 11.3797 73.3541 4.8
      vertex 11.5983 73.9158 4.8
      vertex 11.5604 73.9704 4.8
    endloop
  endfacet
  facet normal 0 0 1
    outer loop
      vertex 11.8263 73.7336 4.8
      vertex 11.5552 73.2555 4.8
      vertex 11.6563 73.2093 4.8
    endloop
  endfacet
  facet normal 0 0 1
    outer loop
      vertex 11.3797 73.3541 4.8
      vertex 11.5604 73.9704 4.8
      vertex 11.5309 74.0305 4.8
    endloop
  endfacet
  facet normal 0 0 1
    outer loop
      vertex 11.3797 73.3541 4.8
      vertex 11.5309 74.0305 4.8
      vertex 11.5099 74.0961 4.8
    endloop
  endfacet
  facet normal 0 0 1
    outer loop
      vertex 11.3797 73.3541 4.8
      vertex 11.5099 74.0961 4.8
      vertex 11.4973 74.1672 4.8
    endloop
  endfacet
  facet normal 0 0 1
    outer loop
      vertex 11.7582 73.7744 4.8
      vertex 11.463 73.3038 4.8
      vertex 11.5552 73.2555 4.8
    endloop
  endfacet
  facet normal -0 0 1
    outer loop
      vertex 10.9255 74.2133 4.8
      vertex 11.4973 74.1672 4.8
      vertex 11.493 74.2438 4.8
    endloop
  endfacet
  facet normal 0 0 1
    outer loop
      vertex 13.7413 72.2376 4.8
      vertex 14.3192 72.2786 4.8
      vertex 14.3114 72.3653 4.8
    endloop
  endfacet
  facet normal -0 0 1
    outer loop
      vertex 13.7413 72.2376 4.8
      vertex 14.3219 72.187 4.8
      vertex 14.3192 72.2786 4.8
    endloop
  endfacet
  facet normal 0 0 1
    outer loop
      vertex 13.7413 72.2376 4.8
      vertex 14.3114 72.3653 4.8
      vertex 14.2983 72.4471 4.8
    endloop
  endfacet
  facet normal 0 0 1
    outer loop
      vertex 13.7413 72.2376 4.8
      vertex 14.2983 72.4471 4.8
      vertex 14.2799 72.524 4.8
    endloop
  endfacet
  facet normal 0 0 1
    outer loop
      vertex 13.7413 72.2376 4.8
      vertex 14.2799 72.524 4.8
      vertex 14.2563 72.596 4.8
    endloop
  endfacet
  facet normal 0 0 1
    outer loop
      vertex 14.3219 72.187 4.8
      vertex 13.7451 72.1565 4.8
      vertex 14.3033 71.9598 4.8
    endloop
  endfacet
  facet normal 0 0 1
    outer loop
      vertex 13.7413 72.2376 4.8
      vertex 14.2563 72.596 4.8
      vertex 14.228 72.6637 4.8
    endloop
  endfacet
  facet normal 0 0 1
    outer loop
      vertex 13.7413 72.2376 4.8
      vertex 14.228 72.6637 4.8
      vertex 14.1957 72.7278 4.8
    endloop
  endfacet
  facet normal 0 0 1
    outer loop
      vertex 13.7413 72.2376 4.8
      vertex 14.1957 72.7278 4.8
      vertex 14.1594 72.7882 4.8
    endloop
  endfacet
  facet normal -0 0 1
    outer loop
      vertex 13.7328 72.0137 4.8
      vertex 14.3033 71.9598 4.8
      vertex 13.7451 72.1565 4.8
    endloop
  endfacet
  facet normal 0 0 1
    outer loop
      vertex 13.7413 72.2376 4.8
      vertex 14.1594 72.7882 4.8
      vertex 14.1191 72.845 4.8
    endloop
  endfacet
  facet normal 0 0 1
    outer loop
      vertex 13.7413 72.2376 4.8
      vertex 14.1191 72.845 4.8
      vertex 14.0747 72.898 4.8
    endloop
  endfacet
  facet normal 0 0 1
    outer loop
      vertex 13.7413 72.2376 4.8
      vertex 14.0747 72.898 4.8
      vertex 14.0267 72.9477 4.8
    endloop
  endfacet
  facet normal 0 0 1
    outer loop
      vertex 14.3033 71.9598 4.8
      vertex 13.7328 72.0137 4.8
      vertex 14.2474 71.754 4.8
    endloop
  endfacet
  facet normal 0 0 1
    outer loop
      vertex 13.7413 72.2376 4.8
      vertex 14.0267 72.9477 4.8
      vertex 13.9753 72.9942 4.8
    endloop
  endfacet
  facet normal 0 0 1
    outer loop
      vertex 13.7413 72.2376 4.8
      vertex 13.9753 72.9942 4.8
      vertex 13.9207 73.0376 4.8
    endloop
  endfacet
  facet normal 0 0 1
    outer loop
      vertex 13.7413 72.2376 4.8
      vertex 13.9207 73.0376 4.8
      vertex 13.8628 73.0777 4.8
    endloop
  endfacet
  facet normal -0 0 1
    outer loop
      vertex 13.696 71.8853 4.8
      vertex 14.2474 71.754 4.8
      vertex 13.7328 72.0137 4.8
    endloop
  endfacet
  facet normal 0 0 1
    outer loop
      vertex 13.5056 72.6393 4.8
      vertex 13.8628 73.0777 4.8
      vertex 13.8015 73.1147 4.8
    endloop
  endfacet
  facet normal 0 0 1
    outer loop
      vertex 14.2474 71.754 4.8
      vertex 13.696 71.8853 4.8
      vertex 14.1543 71.5697 4.8
    endloop
  endfacet
  facet normal -0 0 1
    outer loop
      vertex 13.6347 71.7715 4.8
      vertex 14.1543 71.5697 4.8
      vertex 13.696 71.8853 4.8
    endloop
  endfacet
  facet normal 0 0 1
    outer loop
      vertex 14.1543 71.5697 4.8
      vertex 13.6347 71.7715 4.8
      vertex 14.024 71.4068 4.8
    endloop
  endfacet
  facet normal -0 0 1
    outer loop
      vertex 13.5488 71.6722 4.8
      vertex 14.024 71.4068 4.8
      vertex 13.6347 71.7715 4.8
    endloop
  endfacet
  facet normal 0 0 1
    outer loop
      vertex 14.024 71.4068 4.8
      vertex 13.5488 71.6722 4.8
      vertex 13.8565 71.2655 4.8
    endloop
  endfacet
  facet normal -0 0 1
    outer loop
      vertex 13.4384 71.5874 4.8
      vertex 13.8565 71.2655 4.8
      vertex 13.5488 71.6722 4.8
    endloop
  endfacet
  facet normal 0 0 1
    outer loop
      vertex 13.8565 71.2655 4.8
      vertex 13.4384 71.5874 4.8
      vertex 13.6552 71.1479 4.8
    endloop
  endfacet
  facet normal -0 0 1
    outer loop
      vertex 13.3055 71.5177 4.8
      vertex 13.6552 71.1479 4.8
      vertex 13.4384 71.5874 4.8
    endloop
  endfacet
  facet normal 0 0 1
    outer loop
      vertex 13.6552 71.1479 4.8
      vertex 13.3055 71.5177 4.8
      vertex 13.4234 71.0565 4.8
    endloop
  endfacet
  facet normal -0 0 1
    outer loop
      vertex 13.1518 71.4634 4.8
      vertex 13.4234 71.0565 4.8
      vertex 13.3055 71.5177 4.8
    endloop
  endfacet
  facet normal 0 0 1
    outer loop
      vertex 13.4234 71.0565 4.8
      vertex 13.1518 71.4634 4.8
      vertex 13.1613 70.9912 4.8
    endloop
  endfacet
  facet normal -0 0 1
    outer loop
      vertex 12.9776 71.4247 4.8
      vertex 13.1613 70.9912 4.8
      vertex 13.1518 71.4634 4.8
    endloop
  endfacet
  facet normal 0 0 1
    outer loop
      vertex 12.9776 71.4247 4.8
      vertex 12.8688 70.952 4.8
      vertex 13.1613 70.9912 4.8
    endloop
  endfacet
  facet normal -0 0 1
    outer loop
      vertex 12.7827 71.4014 4.8
      vertex 12.8688 70.952 4.8
      vertex 12.9776 71.4247 4.8
    endloop
  endfacet
  facet normal 0 0 1
    outer loop
      vertex 12.5459 70.939 4.8
      vertex 12.7827 71.4014 4.8
      vertex 12.5672 71.3936 4.8
    endloop
  endfacet
  facet normal 0 0 1
    outer loop
      vertex 12.7827 71.4014 4.8
      vertex 12.5459 70.939 4.8
      vertex 12.8688 70.952 4.8
    endloop
  endfacet
  facet normal 0 0 1
    outer loop
      vertex 12.3579 71.4009 4.8
      vertex 12.5459 70.939 4.8
      vertex 12.5672 71.3936 4.8
    endloop
  endfacet
  facet normal 0 0 1
    outer loop
      vertex 11.9701 70.9827 4.8
      vertex 12.3579 71.4009 4.8
      vertex 12.1668 71.4227 4.8
    endloop
  endfacet
  facet normal 0 0 1
    outer loop
      vertex 11.9701 70.9827 4.8
      vertex 12.1668 71.4227 4.8
      vertex 11.9941 71.459 4.8
    endloop
  endfacet
  facet normal 0 0 1
    outer loop
      vertex 12.3579 71.4009 4.8
      vertex 11.9701 70.9827 4.8
      vertex 12.5459 70.939 4.8
    endloop
  endfacet
  facet normal 0 0 1
    outer loop
      vertex 11.8397 71.5099 4.8
      vertex 11.9701 70.9827 4.8
      vertex 11.9941 71.459 4.8
    endloop
  endfacet
  facet normal 0 0 1
    outer loop
      vertex 11.5 71.1138 4.8
      vertex 11.8397 71.5099 4.8
      vertex 11.7036 71.5752 4.8
    endloop
  endfacet
  facet normal 0 0 1
    outer loop
      vertex 11.5 71.1138 4.8
      vertex 11.7036 71.5752 4.8
      vertex 11.5854 71.6561 4.8
    endloop
  endfacet
  facet normal 0 0 1
    outer loop
      vertex 11.8397 71.5099 4.8
      vertex 11.5 71.1138 4.8
      vertex 11.9701 70.9827 4.8
    endloop
  endfacet
  facet normal 0 0 1
    outer loop
      vertex 11.1357 71.3323 4.8
      vertex 11.5854 71.6561 4.8
      vertex 11.4849 71.7534 4.8
    endloop
  endfacet
  facet normal 0 0 1
    outer loop
      vertex 11.1357 71.3323 4.8
      vertex 11.4849 71.7534 4.8
      vertex 11.4019 71.8673 4.8
    endloop
  endfacet
  facet normal 0 0 1
    outer loop
      vertex 10.877 71.6382 4.8
      vertex 11.4019 71.8673 4.8
      vertex 11.3365 71.9976 4.8
    endloop
  endfacet
  facet normal -0 0 1
    outer loop
      vertex 10.7241 72.0314 4.8
      vertex 11.3365 71.9976 4.8
      vertex 11.2886 72.1443 4.8
    endloop
  endfacet
  facet normal 0 0 1
    outer loop
      vertex 11.5854 71.6561 4.8
      vertex 11.1357 71.3323 4.8
      vertex 11.5 71.1138 4.8
    endloop
  endfacet
  facet normal 0 0 1
    outer loop
      vertex 11.4019 71.8673 4.8
      vertex 10.877 71.6382 4.8
      vertex 11.1357 71.3323 4.8
    endloop
  endfacet
  facet normal 0 0 1
    outer loop
      vertex 11.3365 71.9976 4.8
      vertex 10.7241 72.0314 4.8
      vertex 10.877 71.6382 4.8
    endloop
  endfacet
  facet normal -0 0 1
    outer loop
      vertex 20.7907 75.2997 4.8
      vertex 21.3736 73.4809 4.8
      vertex 21.3736 75.2997 4.8
    endloop
  endfacet
  facet normal 0 0 1
    outer loop
      vertex 21.3736 73.4809 4.8
      vertex 20.7907 75.2997 4.8
      vertex 21.3736 72.9927 4.8
    endloop
  endfacet
  facet normal 0 0 1
    outer loop
      vertex 20.7907 71 4.8
      vertex 21.3736 72.9927 4.8
      vertex 20.7907 75.2997 4.8
    endloop
  endfacet
  facet normal 0 0 1
    outer loop
      vertex 21.3736 72.9927 4.8
      vertex 20.7907 71 4.8
      vertex 21.3736 71 4.8
    endloop
  endfacet
  facet normal -0 0 1
    outer loop
      vertex 21.3736 73.4809 4.8
      vertex 23.6989 72.9927 4.8
      vertex 23.6989 73.4809 4.8
    endloop
  endfacet
  facet normal 0 0 1
    outer loop
      vertex 23.6989 72.9927 4.8
      vertex 21.3736 73.4809 4.8
      vertex 21.3736 72.9927 4.8
    endloop
  endfacet
  facet normal 0 0 1
    outer loop
      vertex 23.6989 73.4809 4.8
      vertex 24.2817 75.2997 4.8
      vertex 23.6989 75.2997 4.8
    endloop
  endfacet
  facet normal 0 0 1
    outer loop
      vertex 23.6989 72.9927 4.8
      vertex 24.2817 75.2997 4.8
      vertex 23.6989 73.4809 4.8
    endloop
  endfacet
  facet normal 0 0 1
    outer loop
      vertex 24.2817 75.2997 4.8
      vertex 23.6989 72.9927 4.8
      vertex 24.2817 71 4.8
    endloop
  endfacet
  facet normal 0 0 1
    outer loop
      vertex 24.2817 71 4.8
      vertex 23.6989 72.9927 4.8
      vertex 23.6989 71 4.8
    endloop
  endfacet
  facet normal -0 0 1
    outer loop
      vertex 8.68544 72.9042 4.8
      vertex 10.2112 72.4159 4.8
      vertex 10.2112 72.9042 4.8
    endloop
  endfacet
  facet normal 0 0 1
    outer loop
      vertex 10.2112 72.4159 4.8
      vertex 8.68544 72.9042 4.8
      vertex 8.68544 72.4159 4.8
    endloop
  endfacet
  facet normal 0.146244 -0.989249 0
    outer loop
      vertex 6.66151 70.9506 4
      vertex 6.89691 70.9854 4.8
      vertex 6.66151 70.9506 4.8
    endloop
  endfacet
  facet normal 0.146244 -0.989249 0
    outer loop
      vertex 6.89691 70.9854 4.8
      vertex 6.66151 70.9506 4
      vertex 6.89691 70.9854 4
    endloop
  endfacet
  facet normal 0.251235 -0.967926 0
    outer loop
      vertex 6.89691 70.9854 4
      vertex 7.11998 71.0433 4.8
      vertex 6.89691 70.9854 4.8
    endloop
  endfacet
  facet normal 0.251235 -0.967926 0
    outer loop
      vertex 7.11998 71.0433 4.8
      vertex 6.89691 70.9854 4
      vertex 7.11998 71.0433 4
    endloop
  endfacet
  facet normal 0.359543 -0.933129 0
    outer loop
      vertex 7.11998 71.0433 4
      vertex 7.33072 71.1245 4.8
      vertex 7.11998 71.0433 4.8
    endloop
  endfacet
  facet normal 0.359543 -0.933129 0
    outer loop
      vertex 7.33072 71.1245 4.8
      vertex 7.11998 71.0433 4
      vertex 7.33072 71.1245 4
    endloop
  endfacet
  facet normal 0.465691 -0.884947 0
    outer loop
      vertex 7.33072 71.1245 4
      vertex 7.52911 71.2289 4.8
      vertex 7.33072 71.1245 4.8
    endloop
  endfacet
  facet normal 0.465691 -0.884947 0
    outer loop
      vertex 7.52911 71.2289 4.8
      vertex 7.33072 71.1245 4
      vertex 7.52911 71.2289 4
    endloop
  endfacet
  facet normal 0.56724 -0.823552 0
    outer loop
      vertex 7.52911 71.2289 4
      vertex 7.71277 71.3554 4.8
      vertex 7.52911 71.2289 4.8
    endloop
  endfacet
  facet normal 0.56724 -0.823552 0
    outer loop
      vertex 7.71277 71.3554 4.8
      vertex 7.52911 71.2289 4
      vertex 7.71277 71.3554 4
    endloop
  endfacet
  facet normal 0.664269 -0.747494 0
    outer loop
      vertex 7.71277 71.3554 4
      vertex 7.8792 71.5033 4.8
      vertex 7.71277 71.3554 4.8
    endloop
  endfacet
  facet normal 0.664269 -0.747494 0
    outer loop
      vertex 7.8792 71.5033 4.8
      vertex 7.71277 71.3554 4
      vertex 7.8792 71.5033 4
    endloop
  endfacet
  facet normal 0.749591 -0.661902 0
    outer loop
      vertex 7.8792 71.5033 4.8
      vertex 8.02843 71.6723 4
      vertex 8.02843 71.6723 4.8
    endloop
  endfacet
  facet normal 0.749591 -0.661902 0
    outer loop
      vertex 8.02843 71.6723 4
      vertex 7.8792 71.5033 4.8
      vertex 7.8792 71.5033 4
    endloop
  endfacet
  facet normal 0.821679 -0.569951 0
    outer loop
      vertex 8.02843 71.6723 4.8
      vertex 8.16043 71.8626 4
      vertex 8.16043 71.8626 4.8
    endloop
  endfacet
  facet normal 0.821679 -0.569951 0
    outer loop
      vertex 8.16043 71.8626 4
      vertex 8.02843 71.6723 4.8
      vertex 8.02843 71.6723 4
    endloop
  endfacet
  facet normal 0.878896 -0.477014 0
    outer loop
      vertex 8.16043 71.8626 4.8
      vertex 8.27522 72.0741 4
      vertex 8.27522 72.0741 4.8
    endloop
  endfacet
  facet normal 0.878896 -0.477014 0
    outer loop
      vertex 8.27522 72.0741 4
      vertex 8.16043 71.8626 4.8
      vertex 8.16043 71.8626 4
    endloop
  endfacet
  facet normal 0.447206 0.894431 -0
    outer loop
      vertex 8.27522 72.0741 4
      vertex 7.79921 72.3121 4.8
      vertex 8.27522 72.0741 4.8
    endloop
  endfacet
  facet normal 0.447206 0.894431 0
    outer loop
      vertex 7.79921 72.3121 4.8
      vertex 8.27522 72.0741 4
      vertex 7.79921 72.3121 4
    endloop
  endfacet
  facet normal -0.849555 0.5275 0
    outer loop
      vertex 7.5994 71.9903 4
      vertex 7.79921 72.3121 4.8
      vertex 7.79921 72.3121 4
    endloop
  endfacet
  facet normal -0.849555 0.5275 0
    outer loop
      vertex 7.79921 72.3121 4.8
      vertex 7.5994 71.9903 4
      vertex 7.5994 71.9903 4.8
    endloop
  endfacet
  facet normal -0.728143 0.685425 0
    outer loop
      vertex 7.36369 71.7399 4
      vertex 7.5994 71.9903 4.8
      vertex 7.5994 71.9903 4
    endloop
  endfacet
  facet normal -0.728143 0.685425 0
    outer loop
      vertex 7.5994 71.9903 4.8
      vertex 7.36369 71.7399 4
      vertex 7.36369 71.7399 4.8
    endloop
  endfacet
  facet normal -0.549865 0.835254 0
    outer loop
      vertex 7.36369 71.7399 4
      vertex 7.09209 71.5611 4.8
      vertex 7.36369 71.7399 4.8
    endloop
  endfacet
  facet normal -0.549865 0.835254 0
    outer loop
      vertex 7.09209 71.5611 4.8
      vertex 7.36369 71.7399 4
      vertex 7.09209 71.5611 4
    endloop
  endfacet
  facet normal -0.32948 0.944162 0
    outer loop
      vertex 7.09209 71.5611 4
      vertex 6.78461 71.4538 4.8
      vertex 7.09209 71.5611 4.8
    endloop
  endfacet
  facet normal -0.32948 0.944162 0
    outer loop
      vertex 6.78461 71.4538 4.8
      vertex 7.09209 71.5611 4
      vertex 6.78461 71.4538 4
    endloop
  endfacet
  facet normal -0.103699 0.994609 0
    outer loop
      vertex 6.78461 71.4538 4
      vertex 6.44124 71.418 4.8
      vertex 6.78461 71.4538 4.8
    endloop
  endfacet
  facet normal -0.103699 0.994609 0
    outer loop
      vertex 6.44124 71.418 4.8
      vertex 6.78461 71.4538 4
      vertex 6.44124 71.418 4
    endloop
  endfacet
  facet normal 0.0712182 0.997461 -0
    outer loop
      vertex 6.44124 71.418 4
      vertex 6.17093 71.4373 4.8
      vertex 6.44124 71.418 4.8
    endloop
  endfacet
  facet normal 0.0712182 0.997461 0
    outer loop
      vertex 6.17093 71.4373 4.8
      vertex 6.44124 71.418 4
      vertex 6.17093 71.4373 4
    endloop
  endfacet
  facet normal 0.227105 0.97387 -0
    outer loop
      vertex 6.17093 71.4373 4
      vertex 5.92393 71.4949 4.8
      vertex 6.17093 71.4373 4.8
    endloop
  endfacet
  facet normal 0.227105 0.97387 0
    outer loop
      vertex 5.92393 71.4949 4.8
      vertex 6.17093 71.4373 4
      vertex 5.92393 71.4949 4
    endloop
  endfacet
  facet normal 0.395074 0.918649 -0
    outer loop
      vertex 5.92393 71.4949 4
      vertex 5.70024 71.5911 4.8
      vertex 5.92393 71.4949 4.8
    endloop
  endfacet
  facet normal 0.395074 0.918649 0
    outer loop
      vertex 5.70024 71.5911 4.8
      vertex 5.92393 71.4949 4
      vertex 5.70024 71.5911 4
    endloop
  endfacet
  facet normal 0.557356 0.830274 -0
    outer loop
      vertex 5.70024 71.5911 4
      vertex 5.49988 71.7256 4.8
      vertex 5.70024 71.5911 4.8
    endloop
  endfacet
  facet normal 0.557356 0.830274 0
    outer loop
      vertex 5.49988 71.7256 4.8
      vertex 5.70024 71.5911 4
      vertex 5.49988 71.7256 4
    endloop
  endfacet
  facet normal 0.698839 0.715279 -0
    outer loop
      vertex 5.49988 71.7256 4
      vertex 5.32281 71.8986 4.8
      vertex 5.49988 71.7256 4.8
    endloop
  endfacet
  facet normal 0.698839 0.715279 0
    outer loop
      vertex 5.32281 71.8986 4.8
      vertex 5.49988 71.7256 4
      vertex 5.32281 71.8986 4
    endloop
  endfacet
  facet normal 0.808798 0.588087 0
    outer loop
      vertex 5.32281 71.8986 4.8
      vertex 5.17397 72.1033 4
      vertex 5.17397 72.1033 4.8
    endloop
  endfacet
  facet normal 0.808798 0.588087 0
    outer loop
      vertex 5.17397 72.1033 4
      vertex 5.32281 71.8986 4.8
      vertex 5.32281 71.8986 4
    endloop
  endfacet
  facet normal 0.892755 0.450542 0
    outer loop
      vertex 5.17397 72.1033 4.8
      vertex 5.0582 72.3327 4
      vertex 5.0582 72.3327 4.8
    endloop
  endfacet
  facet normal 0.892755 0.450542 0
    outer loop
      vertex 5.0582 72.3327 4
      vertex 5.17397 72.1033 4.8
      vertex 5.17397 72.1033 4
    endloop
  endfacet
  facet normal 0.950952 0.30934 0
    outer loop
      vertex 5.0582 72.3327 4.8
      vertex 4.97551 72.5869 4
      vertex 4.97551 72.5869 4.8
    endloop
  endfacet
  facet normal 0.950952 0.30934 0
    outer loop
      vertex 4.97551 72.5869 4
      vertex 5.0582 72.3327 4.8
      vertex 5.0582 72.3327 4
    endloop
  endfacet
  facet normal 0.98455 0.175102 0
    outer loop
      vertex 4.97551 72.5869 4.8
      vertex 4.92589 72.8659 4
      vertex 4.92589 72.8659 4.8
    endloop
  endfacet
  facet normal 0.98455 0.175102 0
    outer loop
      vertex 4.92589 72.8659 4
      vertex 4.97551 72.5869 4.8
      vertex 4.97551 72.5869 4
    endloop
  endfacet
  facet normal 0.998521 0.0543632 0
    outer loop
      vertex 4.92589 72.8659 4.8
      vertex 4.90935 73.1697 4
      vertex 4.90935 73.1697 4.8
    endloop
  endfacet
  facet normal 0.998521 0.0543632 0
    outer loop
      vertex 4.90935 73.1697 4
      vertex 4.92589 72.8659 4.8
      vertex 4.92589 72.8659 4
    endloop
  endfacet
  facet normal 0.99866 -0.0517594 0
    outer loop
      vertex 4.90935 73.1697 4.8
      vertex 4.92522 73.4759 4
      vertex 4.92522 73.4759 4.8
    endloop
  endfacet
  facet normal 0.99866 -0.0517594 0
    outer loop
      vertex 4.92522 73.4759 4
      vertex 4.90935 73.1697 4.8
      vertex 4.90935 73.1697 4
    endloop
  endfacet
  facet normal 0.985746 -0.168238 0
    outer loop
      vertex 4.92522 73.4759 4.8
      vertex 4.97282 73.7548 4
      vertex 4.97282 73.7548 4.8
    endloop
  endfacet
  facet normal 0.985746 -0.168238 0
    outer loop
      vertex 4.97282 73.7548 4
      vertex 4.92522 73.4759 4.8
      vertex 4.92522 73.4759 4
    endloop
  endfacet
  facet normal 0.953785 -0.300491 0
    outer loop
      vertex 4.97282 73.7548 4.8
      vertex 5.05215 74.0066 4
      vertex 5.05215 74.0066 4.8
    endloop
  endfacet
  facet normal 0.953785 -0.300491 0
    outer loop
      vertex 5.05215 74.0066 4
      vertex 4.97282 73.7548 4.8
      vertex 4.97282 73.7548 4
    endloop
  endfacet
  facet normal 0.896304 -0.443441 0
    outer loop
      vertex 5.05215 74.0066 4.8
      vertex 5.16322 74.2311 4
      vertex 5.16322 74.2311 4.8
    endloop
  endfacet
  facet normal 0.896304 -0.443441 0
    outer loop
      vertex 5.16322 74.2311 4
      vertex 5.05215 74.0066 4.8
      vertex 5.05215 74.0066 4
    endloop
  endfacet
  facet normal 0.810064 -0.586342 0
    outer loop
      vertex 5.16322 74.2311 4.8
      vertex 5.30603 74.4284 4
      vertex 5.30603 74.4284 4.8
    endloop
  endfacet
  facet normal 0.810064 -0.586342 0
    outer loop
      vertex 5.30603 74.4284 4
      vertex 5.16322 74.2311 4.8
      vertex 5.16322 74.2311 4
    endloop
  endfacet
  facet normal 0.694421 -0.719569 0
    outer loop
      vertex 5.30603 74.4284 4
      vertex 5.47742 74.5938 4.8
      vertex 5.30603 74.4284 4.8
    endloop
  endfacet
  facet normal 0.694421 -0.719569 0
    outer loop
      vertex 5.47742 74.5938 4.8
      vertex 5.30603 74.4284 4
      vertex 5.47742 74.5938 4
    endloop
  endfacet
  facet normal 0.5468 -0.837263 0
    outer loop
      vertex 5.47742 74.5938 4
      vertex 5.67418 74.7223 4.8
      vertex 5.47742 74.5938 4.8
    endloop
  endfacet
  facet normal 0.5468 -0.837263 0
    outer loop
      vertex 5.67418 74.7223 4.8
      vertex 5.47742 74.5938 4
      vertex 5.67418 74.7223 4
    endloop
  endfacet
  facet normal 0.382237 -0.924064 0
    outer loop
      vertex 5.67418 74.7223 4
      vertex 5.89635 74.8142 4.8
      vertex 5.67418 74.7223 4.8
    endloop
  endfacet
  facet normal 0.382237 -0.924064 0
    outer loop
      vertex 5.89635 74.8142 4.8
      vertex 5.67418 74.7223 4
      vertex 5.89635 74.8142 4
    endloop
  endfacet
  facet normal 0.217256 -0.976115 0
    outer loop
      vertex 5.89635 74.8142 4
      vertex 6.14391 74.8693 4.8
      vertex 5.89635 74.8142 4.8
    endloop
  endfacet
  facet normal 0.217256 -0.976115 0
    outer loop
      vertex 6.14391 74.8693 4.8
      vertex 5.89635 74.8142 4
      vertex 6.14391 74.8693 4
    endloop
  endfacet
  facet normal 0.0672614 -0.997735 0
    outer loop
      vertex 6.14391 74.8693 4
      vertex 6.41685 74.8877 4.8
      vertex 6.14391 74.8693 4.8
    endloop
  endfacet
  facet normal 0.0672614 -0.997735 0
    outer loop
      vertex 6.41685 74.8877 4.8
      vertex 6.14391 74.8693 4
      vertex 6.41685 74.8877 4
    endloop
  endfacet
  facet normal -0.0451695 -0.998979 0
    outer loop
      vertex 6.41685 74.8877 4
      vertex 6.59378 74.8797 4.8
      vertex 6.41685 74.8877 4.8
    endloop
  endfacet
  facet normal -0.0451695 -0.998979 -0
    outer loop
      vertex 6.59378 74.8797 4.8
      vertex 6.41685 74.8877 4
      vertex 6.59378 74.8797 4
    endloop
  endfacet
  facet normal -0.141056 -0.990002 0
    outer loop
      vertex 6.59378 74.8797 4
      vertex 6.76082 74.8559 4.8
      vertex 6.59378 74.8797 4.8
    endloop
  endfacet
  facet normal -0.141056 -0.990002 -0
    outer loop
      vertex 6.76082 74.8559 4.8
      vertex 6.59378 74.8797 4
      vertex 6.76082 74.8559 4
    endloop
  endfacet
  facet normal -0.24435 -0.969687 0
    outer loop
      vertex 6.76082 74.8559 4
      vertex 6.91797 74.8163 4.8
      vertex 6.76082 74.8559 4.8
    endloop
  endfacet
  facet normal -0.24435 -0.969687 -0
    outer loop
      vertex 6.91797 74.8163 4.8
      vertex 6.76082 74.8559 4
      vertex 6.91797 74.8163 4
    endloop
  endfacet
  facet normal -0.353225 -0.935538 0
    outer loop
      vertex 6.91797 74.8163 4
      vertex 7.06523 74.7607 4.8
      vertex 6.91797 74.8163 4.8
    endloop
  endfacet
  facet normal -0.353225 -0.935538 -0
    outer loop
      vertex 7.06523 74.7607 4.8
      vertex 6.91797 74.8163 4
      vertex 7.06523 74.7607 4
    endloop
  endfacet
  facet normal -0.461214 -0.887289 0
    outer loop
      vertex 7.06523 74.7607 4
      vertex 7.20259 74.6893 4.8
      vertex 7.06523 74.7607 4.8
    endloop
  endfacet
  facet normal -0.461214 -0.887289 -0
    outer loop
      vertex 7.20259 74.6893 4.8
      vertex 7.06523 74.7607 4
      vertex 7.20259 74.6893 4
    endloop
  endfacet
  facet normal -0.56804 -0.823001 0
    outer loop
      vertex 7.20259 74.6893 4
      vertex 7.32777 74.6029 4.8
      vertex 7.20259 74.6893 4.8
    endloop
  endfacet
  facet normal -0.56804 -0.823001 -0
    outer loop
      vertex 7.32777 74.6029 4.8
      vertex 7.20259 74.6893 4
      vertex 7.32777 74.6029 4
    endloop
  endfacet
  facet normal -0.672673 -0.73994 0
    outer loop
      vertex 7.32777 74.6029 4
      vertex 7.43843 74.5023 4.8
      vertex 7.32777 74.6029 4.8
    endloop
  endfacet
  facet normal -0.672673 -0.73994 -0
    outer loop
      vertex 7.43843 74.5023 4.8
      vertex 7.32777 74.6029 4
      vertex 7.43843 74.5023 4
    endloop
  endfacet
  facet normal -0.766422 -0.642338 0
    outer loop
      vertex 7.53456 74.3876 4
      vertex 7.43843 74.5023 4.8
      vertex 7.43843 74.5023 4
    endloop
  endfacet
  facet normal -0.766422 -0.642338 0
    outer loop
      vertex 7.43843 74.5023 4.8
      vertex 7.53456 74.3876 4
      vertex 7.53456 74.3876 4.8
    endloop
  endfacet
  facet normal -0.844898 -0.534927 0
    outer loop
      vertex 7.61617 74.2587 4
      vertex 7.53456 74.3876 4.8
      vertex 7.53456 74.3876 4
    endloop
  endfacet
  facet normal -0.844898 -0.534927 0
    outer loop
      vertex 7.53456 74.3876 4.8
      vertex 7.61617 74.2587 4
      vertex 7.61617 74.2587 4.8
    endloop
  endfacet
  facet normal -0.905365 -0.424635 0
    outer loop
      vertex 7.68324 74.1157 4
      vertex 7.61617 74.2587 4.8
      vertex 7.61617 74.2587 4
    endloop
  endfacet
  facet normal -0.905365 -0.424635 0
    outer loop
      vertex 7.61617 74.2587 4.8
      vertex 7.68324 74.1157 4
      vertex 7.68324 74.1157 4.8
    endloop
  endfacet
  facet normal 0.31451 -0.949254 0
    outer loop
      vertex 7.68324 74.1157 4
      vertex 8.23557 74.2987 4.8
      vertex 7.68324 74.1157 4.8
    endloop
  endfacet
  facet normal 0.31451 -0.949254 0
    outer loop
      vertex 8.23557 74.2987 4.8
      vertex 7.68324 74.1157 4
      vertex 8.23557 74.2987 4
    endloop
  endfacet
  facet normal 0.901442 0.432899 0
    outer loop
      vertex 8.23557 74.2987 4.8
      vertex 8.13914 74.4995 4
      vertex 8.13914 74.4995 4.8
    endloop
  endfacet
  facet normal 0.901442 0.432899 0
    outer loop
      vertex 8.13914 74.4995 4
      vertex 8.23557 74.2987 4.8
      vertex 8.23557 74.2987 4
    endloop
  endfacet
  facet normal 0.840793 0.541357 0
    outer loop
      vertex 8.13914 74.4995 4.8
      vertex 8.02318 74.6796 4
      vertex 8.02318 74.6796 4.8
    endloop
  endfacet
  facet normal 0.840793 0.541357 0
    outer loop
      vertex 8.02318 74.6796 4
      vertex 8.13914 74.4995 4.8
      vertex 8.13914 74.4995 4
    endloop
  endfacet
  facet normal 0.761715 0.647912 0
    outer loop
      vertex 8.02318 74.6796 4.8
      vertex 7.88768 74.8389 4
      vertex 7.88768 74.8389 4.8
    endloop
  endfacet
  facet normal 0.761715 0.647912 0
    outer loop
      vertex 7.88768 74.8389 4
      vertex 8.02318 74.6796 4.8
      vertex 8.02318 74.6796 4
    endloop
  endfacet
  facet normal 0.666231 0.745746 -0
    outer loop
      vertex 7.88768 74.8389 4
      vertex 7.73265 74.9774 4.8
      vertex 7.88768 74.8389 4.8
    endloop
  endfacet
  facet normal 0.666231 0.745746 0
    outer loop
      vertex 7.73265 74.9774 4.8
      vertex 7.88768 74.8389 4
      vertex 7.73265 74.9774 4
    endloop
  endfacet
  facet normal 0.559382 0.82891 -0
    outer loop
      vertex 7.73265 74.9774 4
      vertex 7.55809 75.0952 4.8
      vertex 7.73265 74.9774 4.8
    endloop
  endfacet
  facet normal 0.559382 0.82891 0
    outer loop
      vertex 7.55809 75.0952 4.8
      vertex 7.73265 74.9774 4
      vertex 7.55809 75.0952 4
    endloop
  endfacet
  facet normal 0.446973 0.894547 -0
    outer loop
      vertex 7.55809 75.0952 4
      vertex 7.36476 75.1918 4.8
      vertex 7.55809 75.0952 4.8
    endloop
  endfacet
  facet normal 0.446973 0.894547 0
    outer loop
      vertex 7.36476 75.1918 4.8
      vertex 7.55809 75.0952 4
      vertex 7.36476 75.1918 4
    endloop
  endfacet
  facet normal 0.335136 0.94217 -0
    outer loop
      vertex 7.36476 75.1918 4
      vertex 7.15335 75.267 4.8
      vertex 7.36476 75.1918 4.8
    endloop
  endfacet
  facet normal 0.335136 0.94217 0
    outer loop
      vertex 7.15335 75.267 4.8
      vertex 7.36476 75.1918 4
      vertex 7.15335 75.267 4
    endloop
  endfacet
  facet normal 0.228273 0.973597 -0
    outer loop
      vertex 7.15335 75.267 4
      vertex 6.92389 75.3208 4.8
      vertex 7.15335 75.267 4.8
    endloop
  endfacet
  facet normal 0.228273 0.973597 0
    outer loop
      vertex 6.92389 75.3208 4.8
      vertex 7.15335 75.267 4
      vertex 6.92389 75.3208 4
    endloop
  endfacet
  facet normal 0.128993 0.991645 -0
    outer loop
      vertex 6.92389 75.3208 4
      vertex 6.67635 75.353 4.8
      vertex 6.92389 75.3208 4.8
    endloop
  endfacet
  facet normal 0.128993 0.991645 0
    outer loop
      vertex 6.67635 75.353 4.8
      vertex 6.92389 75.3208 4
      vertex 6.67635 75.353 4
    endloop
  endfacet
  facet normal 0.040252 0.99919 -0
    outer loop
      vertex 6.67635 75.353 4
      vertex 6.41074 75.3637 4.8
      vertex 6.67635 75.353 4.8
    endloop
  endfacet
  facet normal 0.040252 0.99919 0
    outer loop
      vertex 6.41074 75.3637 4.8
      vertex 6.67635 75.353 4
      vertex 6.41074 75.3637 4
    endloop
  endfacet
  facet normal -0.0618544 0.998085 0
    outer loop
      vertex 6.41074 75.3637 4
      vertex 6.03477 75.3404 4.8
      vertex 6.41074 75.3637 4.8
    endloop
  endfacet
  facet normal -0.0618544 0.998085 0
    outer loop
      vertex 6.03477 75.3404 4.8
      vertex 6.41074 75.3637 4
      vertex 6.03477 75.3404 4
    endloop
  endfacet
  facet normal -0.20037 0.97972 0
    outer loop
      vertex 6.03477 75.3404 4
      vertex 5.69299 75.2705 4.8
      vertex 6.03477 75.3404 4.8
    endloop
  endfacet
  facet normal -0.20037 0.97972 0
    outer loop
      vertex 5.69299 75.2705 4.8
      vertex 6.03477 75.3404 4
      vertex 5.69299 75.2705 4
    endloop
  endfacet
  facet normal -0.354453 0.935074 0
    outer loop
      vertex 5.69299 75.2705 4
      vertex 5.38539 75.1539 4.8
      vertex 5.69299 75.2705 4.8
    endloop
  endfacet
  facet normal -0.354453 0.935074 0
    outer loop
      vertex 5.38539 75.1539 4.8
      vertex 5.69299 75.2705 4
      vertex 5.38539 75.1539 4
    endloop
  endfacet
  facet normal -0.512527 0.858671 0
    outer loop
      vertex 5.38539 75.1539 4
      vertex 5.11197 74.9907 4.8
      vertex 5.38539 75.1539 4.8
    endloop
  endfacet
  facet normal -0.512527 0.858671 0
    outer loop
      vertex 5.11197 74.9907 4.8
      vertex 5.38539 75.1539 4
      vertex 5.11197 74.9907 4
    endloop
  endfacet
  facet normal -0.659332 0.751852 0
    outer loop
      vertex 5.11197 74.9907 4
      vertex 4.87273 74.7809 4.8
      vertex 5.11197 74.9907 4.8
    endloop
  endfacet
  facet normal -0.659332 0.751852 0
    outer loop
      vertex 4.87273 74.7809 4.8
      vertex 5.11197 74.9907 4
      vertex 4.87273 74.7809 4
    endloop
  endfacet
  facet normal -0.782205 0.623021 0
    outer loop
      vertex 4.67281 74.5299 4
      vertex 4.87273 74.7809 4.8
      vertex 4.87273 74.7809 4
    endloop
  endfacet
  facet normal -0.782205 0.623021 0
    outer loop
      vertex 4.87273 74.7809 4.8
      vertex 4.67281 74.5299 4
      vertex 4.67281 74.5299 4.8
    endloop
  endfacet
  facet normal -0.878947 0.476919 0
    outer loop
      vertex 4.5173 74.2433 4
      vertex 4.67281 74.5299 4.8
      vertex 4.67281 74.5299 4
    endloop
  endfacet
  facet normal -0.878947 0.476919 0
    outer loop
      vertex 4.67281 74.5299 4.8
      vertex 4.5173 74.2433 4
      vertex 4.5173 74.2433 4.8
    endloop
  endfacet
  facet normal -0.945403 0.325903 0
    outer loop
      vertex 4.40623 73.9211 4
      vertex 4.5173 74.2433 4.8
      vertex 4.5173 74.2433 4
    endloop
  endfacet
  facet normal -0.945403 0.325903 0
    outer loop
      vertex 4.5173 74.2433 4.8
      vertex 4.40623 73.9211 4
      vertex 4.40623 73.9211 4.8
    endloop
  endfacet
  facet normal -0.983098 0.183078 0
    outer loop
      vertex 4.33958 73.5632 4
      vertex 4.40623 73.9211 4.8
      vertex 4.40623 73.9211 4
    endloop
  endfacet
  facet normal -0.983098 0.183078 0
    outer loop
      vertex 4.40623 73.9211 4.8
      vertex 4.33958 73.5632 4
      vertex 4.33958 73.5632 4.8
    endloop
  endfacet
  facet normal -0.998412 0.0563272 0
    outer loop
      vertex 4.31738 73.1697 4
      vertex 4.33958 73.5632 4.8
      vertex 4.33958 73.5632 4
    endloop
  endfacet
  facet normal -0.998412 0.0563272 0
    outer loop
      vertex 4.33958 73.5632 4.8
      vertex 4.31738 73.1697 4
      vertex 4.31738 73.1697 4.8
    endloop
  endfacet
  facet normal -0.999308 -0.0371983 0
    outer loop
      vertex 4.32733 72.9024 4
      vertex 4.31738 73.1697 4.8
      vertex 4.31738 73.1697 4
    endloop
  endfacet
  facet normal -0.999308 -0.0371983 0
    outer loop
      vertex 4.31738 73.1697 4.8
      vertex 4.32733 72.9024 4
      vertex 4.32733 72.9024 4.8
    endloop
  endfacet
  facet normal -0.993094 -0.117323 0
    outer loop
      vertex 4.35716 72.6499 4
      vertex 4.32733 72.9024 4.8
      vertex 4.32733 72.9024 4
    endloop
  endfacet
  facet normal -0.993094 -0.117323 0
    outer loop
      vertex 4.32733 72.9024 4.8
      vertex 4.35716 72.6499 4
      vertex 4.35716 72.6499 4.8
    endloop
  endfacet
  facet normal -0.978792 -0.204859 0
    outer loop
      vertex 4.40691 72.4122 4
      vertex 4.35716 72.6499 4.8
      vertex 4.35716 72.6499 4
    endloop
  endfacet
  facet normal -0.978792 -0.204859 0
    outer loop
      vertex 4.35716 72.6499 4.8
      vertex 4.40691 72.4122 4
      vertex 4.40691 72.4122 4.8
    endloop
  endfacet
  facet normal -0.954524 -0.298134 0
    outer loop
      vertex 4.47653 72.1893 4
      vertex 4.40691 72.4122 4.8
      vertex 4.40691 72.4122 4
    endloop
  endfacet
  facet normal -0.954524 -0.298134 0
    outer loop
      vertex 4.40691 72.4122 4.8
      vertex 4.47653 72.1893 4
      vertex 4.47653 72.1893 4.8
    endloop
  endfacet
  facet normal -0.918695 -0.394968 0
    outer loop
      vertex 4.56604 71.9811 4
      vertex 4.47653 72.1893 4.8
      vertex 4.47653 72.1893 4
    endloop
  endfacet
  facet normal -0.918695 -0.394968 0
    outer loop
      vertex 4.47653 72.1893 4.8
      vertex 4.56604 71.9811 4
      vertex 4.56604 71.9811 4.8
    endloop
  endfacet
  facet normal -0.870016 -0.493024 0
    outer loop
      vertex 4.67456 71.7896 4
      vertex 4.56604 71.9811 4.8
      vertex 4.56604 71.9811 4
    endloop
  endfacet
  facet normal -0.870016 -0.493024 0
    outer loop
      vertex 4.56604 71.9811 4.8
      vertex 4.67456 71.7896 4
      vertex 4.67456 71.7896 4.8
    endloop
  endfacet
  facet normal -0.80702 -0.590524 0
    outer loop
      vertex 4.80115 71.6166 4
      vertex 4.67456 71.7896 4.8
      vertex 4.67456 71.7896 4
    endloop
  endfacet
  facet normal -0.80702 -0.590524 0
    outer loop
      vertex 4.67456 71.7896 4.8
      vertex 4.80115 71.6166 4
      vertex 4.80115 71.6166 4.8
    endloop
  endfacet
  facet normal -0.729773 -0.68369 0
    outer loop
      vertex 4.9458 71.4622 4
      vertex 4.80115 71.6166 4.8
      vertex 4.80115 71.6166 4
    endloop
  endfacet
  facet normal -0.729773 -0.68369 0
    outer loop
      vertex 4.80115 71.6166 4.8
      vertex 4.9458 71.4622 4
      vertex 4.9458 71.4622 4.8
    endloop
  endfacet
  facet normal -0.641042 -0.767506 0
    outer loop
      vertex 4.9458 71.4622 4
      vertex 5.10851 71.3263 4.8
      vertex 4.9458 71.4622 4.8
    endloop
  endfacet
  facet normal -0.641042 -0.767506 -0
    outer loop
      vertex 5.10851 71.3263 4.8
      vertex 4.9458 71.4622 4
      vertex 5.10851 71.3263 4
    endloop
  endfacet
  facet normal -0.544313 -0.838882 0
    outer loop
      vertex 5.10851 71.3263 4
      vertex 5.28929 71.209 4.8
      vertex 5.10851 71.3263 4.8
    endloop
  endfacet
  facet normal -0.544313 -0.838882 -0
    outer loop
      vertex 5.28929 71.209 4.8
      vertex 5.10851 71.3263 4
      vertex 5.28929 71.209 4
    endloop
  endfacet
  facet normal -0.442798 -0.896621 0
    outer loop
      vertex 5.28929 71.209 4
      vertex 5.48611 71.1118 4.8
      vertex 5.28929 71.209 4.8
    endloop
  endfacet
  facet normal -0.442798 -0.896621 -0
    outer loop
      vertex 5.48611 71.1118 4.8
      vertex 5.28929 71.209 4
      vertex 5.48611 71.1118 4
    endloop
  endfacet
  facet normal -0.337481 -0.941332 0
    outer loop
      vertex 5.48611 71.1118 4
      vertex 5.69698 71.0362 4.8
      vertex 5.48611 71.1118 4.8
    endloop
  endfacet
  facet normal -0.337481 -0.941332 -0
    outer loop
      vertex 5.69698 71.0362 4.8
      vertex 5.48611 71.1118 4
      vertex 5.69698 71.0362 4
    endloop
  endfacet
  facet normal -0.233471 -0.972364 0
    outer loop
      vertex 5.69698 71.0362 4
      vertex 5.92188 70.9822 4.8
      vertex 5.69698 71.0362 4.8
    endloop
  endfacet
  facet normal -0.233471 -0.972364 -0
    outer loop
      vertex 5.92188 70.9822 4.8
      vertex 5.69698 71.0362 4
      vertex 5.92188 70.9822 4
    endloop
  endfacet
  facet normal -0.134375 -0.990931 0
    outer loop
      vertex 5.92188 70.9822 4
      vertex 6.16081 70.9498 4.8
      vertex 5.92188 70.9822 4.8
    endloop
  endfacet
  facet normal -0.134375 -0.990931 -0
    outer loop
      vertex 6.16081 70.9498 4.8
      vertex 5.92188 70.9822 4
      vertex 6.16081 70.9498 4
    endloop
  endfacet
  facet normal -0.0426523 -0.99909 0
    outer loop
      vertex 6.16081 70.9498 4
      vertex 6.41379 70.939 4.8
      vertex 6.16081 70.9498 4.8
    endloop
  endfacet
  facet normal -0.0426523 -0.99909 -0
    outer loop
      vertex 6.41379 70.939 4.8
      vertex 6.16081 70.9498 4
      vertex 6.41379 70.939 4
    endloop
  endfacet
  facet normal 0.0467758 -0.998905 0
    outer loop
      vertex 6.41379 70.939 4
      vertex 6.66151 70.9506 4.8
      vertex 6.41379 70.939 4.8
    endloop
  endfacet
  facet normal 0.0467758 -0.998905 0
    outer loop
      vertex 6.66151 70.9506 4.8
      vertex 6.41379 70.939 4
      vertex 6.66151 70.9506 4
    endloop
  endfacet
  facet normal 0.13283 -0.991139 0
    outer loop
      vertex 12.8688 70.952 4
      vertex 13.1613 70.9912 4.8
      vertex 12.8688 70.952 4.8
    endloop
  endfacet
  facet normal 0.13283 -0.991139 0
    outer loop
      vertex 13.1613 70.9912 4.8
      vertex 12.8688 70.952 4
      vertex 13.1613 70.9912 4
    endloop
  endfacet
  facet normal 0.241752 -0.970338 0
    outer loop
      vertex 13.1613 70.9912 4
      vertex 13.4234 71.0565 4.8
      vertex 13.1613 70.9912 4.8
    endloop
  endfacet
  facet normal 0.241752 -0.970338 0
    outer loop
      vertex 13.4234 71.0565 4.8
      vertex 13.1613 70.9912 4
      vertex 13.4234 71.0565 4
    endloop
  endfacet
  facet normal 0.366819 -0.930292 0
    outer loop
      vertex 13.4234 71.0565 4
      vertex 13.6552 71.1479 4.8
      vertex 13.4234 71.0565 4.8
    endloop
  endfacet
  facet normal 0.366819 -0.930292 0
    outer loop
      vertex 13.6552 71.1479 4.8
      vertex 13.4234 71.0565 4
      vertex 13.6552 71.1479 4
    endloop
  endfacet
  facet normal 0.504431 -0.863452 0
    outer loop
      vertex 13.6552 71.1479 4
      vertex 13.8565 71.2655 4.8
      vertex 13.6552 71.1479 4.8
    endloop
  endfacet
  facet normal 0.504431 -0.863452 0
    outer loop
      vertex 13.8565 71.2655 4.8
      vertex 13.6552 71.1479 4
      vertex 13.8565 71.2655 4
    endloop
  endfacet
  facet normal 0.644796 -0.764355 0
    outer loop
      vertex 13.8565 71.2655 4
      vertex 14.024 71.4068 4.8
      vertex 13.8565 71.2655 4.8
    endloop
  endfacet
  facet normal 0.644796 -0.764355 0
    outer loop
      vertex 14.024 71.4068 4.8
      vertex 13.8565 71.2655 4
      vertex 14.024 71.4068 4
    endloop
  endfacet
  facet normal 0.780916 -0.624637 0
    outer loop
      vertex 14.024 71.4068 4.8
      vertex 14.1543 71.5697 4
      vertex 14.1543 71.5697 4.8
    endloop
  endfacet
  facet normal 0.780916 -0.624637 0
    outer loop
      vertex 14.1543 71.5697 4
      vertex 14.024 71.4068 4.8
      vertex 14.024 71.4068 4
    endloop
  endfacet
  facet normal 0.892579 -0.450891 0
    outer loop
      vertex 14.1543 71.5697 4.8
      vertex 14.2474 71.754 4
      vertex 14.2474 71.754 4.8
    endloop
  endfacet
  facet normal 0.892579 -0.450891 0
    outer loop
      vertex 14.2474 71.754 4
      vertex 14.1543 71.5697 4.8
      vertex 14.1543 71.5697 4
    endloop
  endfacet
  facet normal 0.965034 -0.262125 0
    outer loop
      vertex 14.2474 71.754 4.8
      vertex 14.3033 71.9598 4
      vertex 14.3033 71.9598 4.8
    endloop
  endfacet
  facet normal 0.965034 -0.262125 0
    outer loop
      vertex 14.3033 71.9598 4
      vertex 14.2474 71.754 4.8
      vertex 14.2474 71.754 4
    endloop
  endfacet
  facet normal 0.996666 -0.0815932 0
    outer loop
      vertex 14.3033 71.9598 4.8
      vertex 14.3219 72.187 4
      vertex 14.3219 72.187 4.8
    endloop
  endfacet
  facet normal 0.996666 -0.0815932 0
    outer loop
      vertex 14.3219 72.187 4
      vertex 14.3033 71.9598 4.8
      vertex 14.3033 71.9598 4
    endloop
  endfacet
  facet normal 0.999566 0.0294632 0
    outer loop
      vertex 14.3219 72.187 4.8
      vertex 14.3192 72.2786 4
      vertex 14.3192 72.2786 4.8
    endloop
  endfacet
  facet normal 0.999566 0.0294632 0
    outer loop
      vertex 14.3192 72.2786 4
      vertex 14.3219 72.187 4.8
      vertex 14.3219 72.187 4
    endloop
  endfacet
  facet normal 0.995978 0.0896035 0
    outer loop
      vertex 14.3192 72.2786 4.8
      vertex 14.3114 72.3653 4
      vertex 14.3114 72.3653 4.8
    endloop
  endfacet
  facet normal 0.995978 0.0896035 0
    outer loop
      vertex 14.3114 72.3653 4
      vertex 14.3192 72.2786 4.8
      vertex 14.3192 72.2786 4
    endloop
  endfacet
  facet normal 0.987418 0.158132 0
    outer loop
      vertex 14.3114 72.3653 4.8
      vertex 14.2983 72.4471 4
      vertex 14.2983 72.4471 4.8
    endloop
  endfacet
  facet normal 0.987418 0.158132 0
    outer loop
      vertex 14.2983 72.4471 4
      vertex 14.3114 72.3653 4.8
      vertex 14.3114 72.3653 4
    endloop
  endfacet
  facet normal 0.972548 0.232703 0
    outer loop
      vertex 14.2983 72.4471 4.8
      vertex 14.2799 72.524 4
      vertex 14.2799 72.524 4.8
    endloop
  endfacet
  facet normal 0.972548 0.232703 0
    outer loop
      vertex 14.2799 72.524 4
      vertex 14.2983 72.4471 4.8
      vertex 14.2983 72.4471 4
    endloop
  endfacet
  facet normal 0.950255 0.311473 0
    outer loop
      vertex 14.2799 72.524 4.8
      vertex 14.2563 72.596 4
      vertex 14.2563 72.596 4.8
    endloop
  endfacet
  facet normal 0.950255 0.311473 0
    outer loop
      vertex 14.2563 72.596 4
      vertex 14.2799 72.524 4.8
      vertex 14.2799 72.524 4
    endloop
  endfacet
  facet normal 0.922633 0.38568 0
    outer loop
      vertex 14.2563 72.596 4.8
      vertex 14.228 72.6637 4
      vertex 14.228 72.6637 4.8
    endloop
  endfacet
  facet normal 0.922633 0.38568 0
    outer loop
      vertex 14.228 72.6637 4
      vertex 14.2563 72.596 4.8
      vertex 14.2563 72.596 4
    endloop
  endfacet
  facet normal 0.89303 0.449998 0
    outer loop
      vertex 14.228 72.6637 4.8
      vertex 14.1957 72.7278 4
      vertex 14.1957 72.7278 4.8
    endloop
  endfacet
  facet normal 0.89303 0.449998 0
    outer loop
      vertex 14.1957 72.7278 4
      vertex 14.228 72.6637 4.8
      vertex 14.228 72.6637 4
    endloop
  endfacet
  facet normal 0.857117 0.515122 0
    outer loop
      vertex 14.1957 72.7278 4.8
      vertex 14.1594 72.7882 4
      vertex 14.1594 72.7882 4.8
    endloop
  endfacet
  facet normal 0.857117 0.515122 0
    outer loop
      vertex 14.1594 72.7882 4
      vertex 14.1957 72.7278 4.8
      vertex 14.1957 72.7278 4
    endloop
  endfacet
  facet normal 0.815573 0.578655 0
    outer loop
      vertex 14.1594 72.7882 4.8
      vertex 14.1191 72.845 4
      vertex 14.1191 72.845 4.8
    endloop
  endfacet
  facet normal 0.815573 0.578655 0
    outer loop
      vertex 14.1191 72.845 4
      vertex 14.1594 72.7882 4.8
      vertex 14.1594 72.7882 4
    endloop
  endfacet
  facet normal 0.766559 0.642174 0
    outer loop
      vertex 14.1191 72.845 4.8
      vertex 14.0747 72.898 4
      vertex 14.0747 72.898 4.8
    endloop
  endfacet
  facet normal 0.766559 0.642174 0
    outer loop
      vertex 14.0747 72.898 4
      vertex 14.1191 72.845 4.8
      vertex 14.1191 72.845 4
    endloop
  endfacet
  facet normal 0.719302 0.694698 0
    outer loop
      vertex 14.0747 72.898 4.8
      vertex 14.0267 72.9477 4
      vertex 14.0267 72.9477 4.8
    endloop
  endfacet
  facet normal 0.719302 0.694698 0
    outer loop
      vertex 14.0267 72.9477 4
      vertex 14.0747 72.898 4.8
      vertex 14.0747 72.898 4
    endloop
  endfacet
  facet normal 0.670876 0.74157 -0
    outer loop
      vertex 14.0267 72.9477 4
      vertex 13.9753 72.9942 4.8
      vertex 14.0267 72.9477 4.8
    endloop
  endfacet
  facet normal 0.670876 0.74157 0
    outer loop
      vertex 13.9753 72.9942 4.8
      vertex 14.0267 72.9477 4
      vertex 13.9753 72.9942 4
    endloop
  endfacet
  facet normal 0.622244 0.782823 -0
    outer loop
      vertex 13.9753 72.9942 4
      vertex 13.9207 73.0376 4.8
      vertex 13.9753 72.9942 4.8
    endloop
  endfacet
  facet normal 0.622244 0.782823 0
    outer loop
      vertex 13.9207 73.0376 4.8
      vertex 13.9753 72.9942 4
      vertex 13.9207 73.0376 4
    endloop
  endfacet
  facet normal 0.569358 0.82209 -0
    outer loop
      vertex 13.9207 73.0376 4
      vertex 13.8628 73.0777 4.8
      vertex 13.9207 73.0376 4.8
    endloop
  endfacet
  facet normal 0.569358 0.82209 0
    outer loop
      vertex 13.8628 73.0777 4.8
      vertex 13.9207 73.0376 4
      vertex 13.8628 73.0777 4
    endloop
  endfacet
  facet normal 0.516753 0.856134 -0
    outer loop
      vertex 13.8628 73.0777 4
      vertex 13.8015 73.1147 4.8
      vertex 13.8628 73.0777 4.8
    endloop
  endfacet
  facet normal 0.516753 0.856134 0
    outer loop
      vertex 13.8015 73.1147 4.8
      vertex 13.8628 73.0777 4
      vertex 13.8015 73.1147 4
    endloop
  endfacet
  facet normal 0.476239 0.879316 -0
    outer loop
      vertex 13.8015 73.1147 4
      vertex 13.7378 73.1492 4.8
      vertex 13.8015 73.1147 4.8
    endloop
  endfacet
  facet normal 0.476239 0.879316 0
    outer loop
      vertex 13.7378 73.1492 4.8
      vertex 13.8015 73.1147 4
      vertex 13.7378 73.1492 4
    endloop
  endfacet
  facet normal 0.446122 0.894972 -0
    outer loop
      vertex 13.7378 73.1492 4
      vertex 13.6722 73.1819 4.8
      vertex 13.7378 73.1492 4.8
    endloop
  endfacet
  facet normal 0.446122 0.894972 0
    outer loop
      vertex 13.6722 73.1819 4.8
      vertex 13.7378 73.1492 4
      vertex 13.6722 73.1819 4
    endloop
  endfacet
  facet normal 0.415123 0.909765 -0
    outer loop
      vertex 13.6722 73.1819 4
      vertex 13.6047 73.2127 4.8
      vertex 13.6722 73.1819 4.8
    endloop
  endfacet
  facet normal 0.415123 0.909765 0
    outer loop
      vertex 13.6047 73.2127 4.8
      vertex 13.6722 73.1819 4
      vertex 13.6047 73.2127 4
    endloop
  endfacet
  facet normal 0.386507 0.922286 -0
    outer loop
      vertex 13.6047 73.2127 4
      vertex 13.5355 73.2417 4.8
      vertex 13.6047 73.2127 4.8
    endloop
  endfacet
  facet normal 0.386507 0.922286 0
    outer loop
      vertex 13.5355 73.2417 4.8
      vertex 13.6047 73.2127 4
      vertex 13.5355 73.2417 4
    endloop
  endfacet
  facet normal 0.356159 0.934425 -0
    outer loop
      vertex 13.5355 73.2417 4
      vertex 13.4644 73.2688 4.8
      vertex 13.5355 73.2417 4.8
    endloop
  endfacet
  facet normal 0.356159 0.934425 0
    outer loop
      vertex 13.4644 73.2688 4.8
      vertex 13.5355 73.2417 4
      vertex 13.4644 73.2688 4
    endloop
  endfacet
  facet normal 0.332141 0.94323 -0
    outer loop
      vertex 13.4644 73.2688 4
      vertex 13.3917 73.2944 4.8
      vertex 13.4644 73.2688 4.8
    endloop
  endfacet
  facet normal 0.332141 0.94323 0
    outer loop
      vertex 13.3917 73.2944 4.8
      vertex 13.4644 73.2688 4
      vertex 13.3917 73.2944 4
    endloop
  endfacet
  facet normal 0.308128 0.951345 -0
    outer loop
      vertex 13.3917 73.2944 4
      vertex 13.3176 73.3184 4.8
      vertex 13.3917 73.2944 4.8
    endloop
  endfacet
  facet normal 0.308128 0.951345 0
    outer loop
      vertex 13.3176 73.3184 4.8
      vertex 13.3917 73.2944 4
      vertex 13.3176 73.3184 4
    endloop
  endfacet
  facet normal 0.287465 0.957791 -0
    outer loop
      vertex 13.3176 73.3184 4
      vertex 13.2423 73.341 4.8
      vertex 13.3176 73.3184 4.8
    endloop
  endfacet
  facet normal 0.287465 0.957791 0
    outer loop
      vertex 13.2423 73.341 4.8
      vertex 13.3176 73.3184 4
      vertex 13.2423 73.341 4
    endloop
  endfacet
  facet normal 0.264923 0.96427 -0
    outer loop
      vertex 13.2423 73.341 4
      vertex 13.1655 73.3621 4.8
      vertex 13.2423 73.341 4.8
    endloop
  endfacet
  facet normal 0.264923 0.96427 0
    outer loop
      vertex 13.1655 73.3621 4.8
      vertex 13.2423 73.341 4
      vertex 13.1655 73.3621 4
    endloop
  endfacet
  facet normal 0.244875 0.969555 -0
    outer loop
      vertex 13.1655 73.3621 4
      vertex 13.0875 73.3818 4.8
      vertex 13.1655 73.3621 4.8
    endloop
  endfacet
  facet normal 0.244875 0.969555 0
    outer loop
      vertex 13.0875 73.3818 4.8
      vertex 13.1655 73.3621 4
      vertex 13.0875 73.3818 4
    endloop
  endfacet
  facet normal 0.232066 0.9727 -0
    outer loop
      vertex 13.0875 73.3818 4
      vertex 13.0087 73.4006 4.8
      vertex 13.0875 73.3818 4.8
    endloop
  endfacet
  facet normal 0.232066 0.9727 0
    outer loop
      vertex 13.0087 73.4006 4.8
      vertex 13.0875 73.3818 4
      vertex 13.0087 73.4006 4
    endloop
  endfacet
  facet normal 0.23062 0.973044 -0
    outer loop
      vertex 13.0087 73.4006 4
      vertex 12.9298 73.4193 4.8
      vertex 13.0087 73.4006 4.8
    endloop
  endfacet
  facet normal 0.23062 0.973044 0
    outer loop
      vertex 12.9298 73.4193 4.8
      vertex 13.0087 73.4006 4
      vertex 12.9298 73.4193 4
    endloop
  endfacet
  facet normal 0.230344 0.973109 -0
    outer loop
      vertex 12.9298 73.4193 4
      vertex 12.8508 73.438 4.8
      vertex 12.9298 73.4193 4.8
    endloop
  endfacet
  facet normal 0.230344 0.973109 0
    outer loop
      vertex 12.8508 73.438 4.8
      vertex 12.9298 73.4193 4
      vertex 12.8508 73.438 4
    endloop
  endfacet
  facet normal 0.227463 0.973787 -0
    outer loop
      vertex 12.8508 73.438 4
      vertex 12.7716 73.4565 4.8
      vertex 12.8508 73.438 4.8
    endloop
  endfacet
  facet normal 0.227463 0.973787 0
    outer loop
      vertex 12.7716 73.4565 4.8
      vertex 12.8508 73.438 4
      vertex 12.7716 73.4565 4
    endloop
  endfacet
  facet normal 0.22486 0.974391 -0
    outer loop
      vertex 12.7716 73.4565 4
      vertex 12.6923 73.4748 4.8
      vertex 12.7716 73.4565 4.8
    endloop
  endfacet
  facet normal 0.22486 0.974391 0
    outer loop
      vertex 12.6923 73.4748 4.8
      vertex 12.7716 73.4565 4
      vertex 12.6923 73.4748 4
    endloop
  endfacet
  facet normal 0.224441 0.974488 -0
    outer loop
      vertex 12.6923 73.4748 4
      vertex 12.4713 73.5257 4.8
      vertex 12.6923 73.4748 4.8
    endloop
  endfacet
  facet normal 0.224441 0.974488 0
    outer loop
      vertex 12.4713 73.5257 4.8
      vertex 12.6923 73.4748 4
      vertex 12.4713 73.5257 4
    endloop
  endfacet
  facet normal 0.243017 0.970022 -0
    outer loop
      vertex 12.4713 73.5257 4
      vertex 12.2817 73.5732 4.8
      vertex 12.4713 73.5257 4.8
    endloop
  endfacet
  facet normal 0.243017 0.970022 0
    outer loop
      vertex 12.2817 73.5732 4.8
      vertex 12.4713 73.5257 4
      vertex 12.2817 73.5732 4
    endloop
  endfacet
  facet normal 0.269246 0.963071 -0
    outer loop
      vertex 12.2817 73.5732 4
      vertex 12.1236 73.6174 4.8
      vertex 12.2817 73.5732 4.8
    endloop
  endfacet
  facet normal 0.269246 0.963071 0
    outer loop
      vertex 12.1236 73.6174 4.8
      vertex 12.2817 73.5732 4
      vertex 12.1236 73.6174 4
    endloop
  endfacet
  facet normal 0.3081 0.951354 -0
    outer loop
      vertex 12.1236 73.6174 4
      vertex 11.997 73.6584 4.8
      vertex 12.1236 73.6174 4.8
    endloop
  endfacet
  facet normal 0.3081 0.951354 0
    outer loop
      vertex 11.997 73.6584 4.8
      vertex 12.1236 73.6174 4
      vertex 11.997 73.6584 4
    endloop
  endfacet
  facet normal 0.368013 0.929821 -0
    outer loop
      vertex 11.997 73.6584 4
      vertex 11.902 73.696 4.8
      vertex 11.997 73.6584 4.8
    endloop
  endfacet
  facet normal 0.368013 0.929821 0
    outer loop
      vertex 11.902 73.696 4.8
      vertex 11.997 73.6584 4
      vertex 11.902 73.696 4
    endloop
  endfacet
  facet normal 0.444846 0.895607 -0
    outer loop
      vertex 11.902 73.696 4
      vertex 11.8263 73.7336 4.8
      vertex 11.902 73.696 4.8
    endloop
  endfacet
  facet normal 0.444846 0.895607 0
    outer loop
      vertex 11.8263 73.7336 4.8
      vertex 11.902 73.696 4
      vertex 11.8263 73.7336 4
    endloop
  endfacet
  facet normal 0.51394 0.857826 -0
    outer loop
      vertex 11.8263 73.7336 4
      vertex 11.7582 73.7744 4.8
      vertex 11.8263 73.7336 4.8
    endloop
  endfacet
  facet normal 0.51394 0.857826 0
    outer loop
      vertex 11.7582 73.7744 4.8
      vertex 11.8263 73.7336 4
      vertex 11.7582 73.7744 4
    endloop
  endfacet
  facet normal 0.586269 0.810117 -0
    outer loop
      vertex 11.7582 73.7744 4
      vertex 11.6974 73.8184 4.8
      vertex 11.7582 73.7744 4.8
    endloop
  endfacet
  facet normal 0.586269 0.810117 0
    outer loop
      vertex 11.6974 73.8184 4.8
      vertex 11.7582 73.7744 4
      vertex 11.6974 73.8184 4
    endloop
  endfacet
  facet normal 0.662179 0.749345 -0
    outer loop
      vertex 11.6974 73.8184 4
      vertex 11.6441 73.8655 4.8
      vertex 11.6974 73.8184 4.8
    endloop
  endfacet
  facet normal 0.662179 0.749345 0
    outer loop
      vertex 11.6441 73.8655 4.8
      vertex 11.6974 73.8184 4
      vertex 11.6441 73.8655 4
    endloop
  endfacet
  facet normal 0.739408 0.673258 0
    outer loop
      vertex 11.6441 73.8655 4.8
      vertex 11.5983 73.9158 4
      vertex 11.5983 73.9158 4.8
    endloop
  endfacet
  facet normal 0.739408 0.673258 0
    outer loop
      vertex 11.5983 73.9158 4
      vertex 11.6441 73.8655 4.8
      vertex 11.6441 73.8655 4
    endloop
  endfacet
  facet normal 0.821487 0.570227 0
    outer loop
      vertex 11.5983 73.9158 4.8
      vertex 11.5604 73.9704 4
      vertex 11.5604 73.9704 4.8
    endloop
  endfacet
  facet normal 0.821487 0.570227 0
    outer loop
      vertex 11.5604 73.9704 4
      vertex 11.5983 73.9158 4.8
      vertex 11.5983 73.9158 4
    endloop
  endfacet
  facet normal 0.897689 0.440629 0
    outer loop
      vertex 11.5604 73.9704 4.8
      vertex 11.5309 74.0305 4
      vertex 11.5309 74.0305 4.8
    endloop
  endfacet
  facet normal 0.897689 0.440629 0
    outer loop
      vertex 11.5309 74.0305 4
      vertex 11.5604 73.9704 4.8
      vertex 11.5604 73.9704 4
    endloop
  endfacet
  facet normal 0.95239 0.304881 0
    outer loop
      vertex 11.5309 74.0305 4.8
      vertex 11.5099 74.0961 4
      vertex 11.5099 74.0961 4.8
    endloop
  endfacet
  facet normal 0.95239 0.304881 0
    outer loop
      vertex 11.5099 74.0961 4
      vertex 11.5309 74.0305 4.8
      vertex 11.5309 74.0305 4
    endloop
  endfacet
  facet normal 0.984658 0.174496 0
    outer loop
      vertex 11.5099 74.0961 4.8
      vertex 11.4973 74.1672 4
      vertex 11.4973 74.1672 4.8
    endloop
  endfacet
  facet normal 0.984658 0.174496 0
    outer loop
      vertex 11.4973 74.1672 4
      vertex 11.5099 74.0961 4.8
      vertex 11.5099 74.0961 4
    endloop
  endfacet
  facet normal 0.998428 0.0560475 0
    outer loop
      vertex 11.4973 74.1672 4.8
      vertex 11.493 74.2438 4
      vertex 11.493 74.2438 4.8
    endloop
  endfacet
  facet normal 0.998428 0.0560475 0
    outer loop
      vertex 11.493 74.2438 4
      vertex 11.4973 74.1672 4.8
      vertex 11.4973 74.1672 4
    endloop
  endfacet
  facet normal 0.996438 -0.0843259 0
    outer loop
      vertex 11.493 74.2438 4.8
      vertex 11.5039 74.3726 4
      vertex 11.5039 74.3726 4.8
    endloop
  endfacet
  facet normal 0.996438 -0.0843259 0
    outer loop
      vertex 11.5039 74.3726 4
      vertex 11.493 74.2438 4.8
      vertex 11.493 74.2438 4
    endloop
  endfacet
  facet normal 0.962276 -0.272075 0
    outer loop
      vertex 11.5039 74.3726 4.8
      vertex 11.5365 74.4879 4
      vertex 11.5365 74.4879 4.8
    endloop
  endfacet
  facet normal 0.962276 -0.272075 0
    outer loop
      vertex 11.5365 74.4879 4
      vertex 11.5039 74.3726 4.8
      vertex 11.5039 74.3726 4
    endloop
  endfacet
  facet normal 0.882521 -0.470274 0
    outer loop
      vertex 11.5365 74.4879 4.8
      vertex 11.5908 74.5898 4
      vertex 11.5908 74.5898 4.8
    endloop
  endfacet
  facet normal 0.882521 -0.470274 0
    outer loop
      vertex 11.5908 74.5898 4
      vertex 11.5365 74.4879 4.8
      vertex 11.5365 74.4879 4
    endloop
  endfacet
  facet normal 0.758228 -0.65199 0
    outer loop
      vertex 11.5908 74.5898 4.8
      vertex 11.6669 74.6783 4
      vertex 11.6669 74.6783 4.8
    endloop
  endfacet
  facet normal 0.758228 -0.65199 0
    outer loop
      vertex 11.6669 74.6783 4
      vertex 11.5908 74.5898 4.8
      vertex 11.5908 74.5898 4
    endloop
  endfacet
  facet normal 0.609436 -0.792835 0
    outer loop
      vertex 11.6669 74.6783 4
      vertex 11.7646 74.7534 4.8
      vertex 11.6669 74.6783 4.8
    endloop
  endfacet
  facet normal 0.609436 -0.792835 0
    outer loop
      vertex 11.7646 74.7534 4.8
      vertex 11.6669 74.6783 4
      vertex 11.7646 74.7534 4
    endloop
  endfacet
  facet normal 0.460952 -0.887425 0
    outer loop
      vertex 11.7646 74.7534 4
      vertex 11.883 74.8149 4.8
      vertex 11.7646 74.7534 4.8
    endloop
  endfacet
  facet normal 0.460952 -0.887425 0
    outer loop
      vertex 11.883 74.8149 4.8
      vertex 11.7646 74.7534 4
      vertex 11.883 74.8149 4
    endloop
  endfacet
  facet normal 0.32791 -0.944709 0
    outer loop
      vertex 11.883 74.8149 4
      vertex 12.021 74.8628 4.8
      vertex 11.883 74.8149 4.8
    endloop
  endfacet
  facet normal 0.32791 -0.944709 0
    outer loop
      vertex 12.021 74.8628 4.8
      vertex 11.883 74.8149 4
      vertex 12.021 74.8628 4
    endloop
  endfacet
  facet normal 0.212327 -0.977199 0
    outer loop
      vertex 12.021 74.8628 4
      vertex 12.1784 74.897 4.8
      vertex 12.021 74.8628 4.8
    endloop
  endfacet
  facet normal 0.212327 -0.977199 0
    outer loop
      vertex 12.1784 74.897 4.8
      vertex 12.021 74.8628 4
      vertex 12.1784 74.897 4
    endloop
  endfacet
  facet normal 0.11505 -0.99336 0
    outer loop
      vertex 12.1784 74.897 4
      vertex 12.3554 74.9175 4.8
      vertex 12.1784 74.897 4.8
    endloop
  endfacet
  facet normal 0.11505 -0.99336 0
    outer loop
      vertex 12.3554 74.9175 4.8
      vertex 12.1784 74.897 4
      vertex 12.3554 74.9175 4
    endloop
  endfacet
  facet normal 0.0345849 -0.999402 0
    outer loop
      vertex 12.3554 74.9175 4
      vertex 12.5519 74.9243 4.8
      vertex 12.3554 74.9175 4.8
    endloop
  endfacet
  facet normal 0.0345849 -0.999402 0
    outer loop
      vertex 12.5519 74.9243 4.8
      vertex 12.3554 74.9175 4
      vertex 12.5519 74.9243 4
    endloop
  endfacet
  facet normal -0.0344623 -0.999406 0
    outer loop
      vertex 12.5519 74.9243 4
      vertex 12.7317 74.9181 4.8
      vertex 12.5519 74.9243 4.8
    endloop
  endfacet
  facet normal -0.0344623 -0.999406 -0
    outer loop
      vertex 12.7317 74.9181 4.8
      vertex 12.5519 74.9243 4
      vertex 12.7317 74.9181 4
    endloop
  endfacet
  facet normal -0.112432 -0.993659 0
    outer loop
      vertex 12.7317 74.9181 4
      vertex 12.8952 74.8996 4.8
      vertex 12.7317 74.9181 4.8
    endloop
  endfacet
  facet normal -0.112432 -0.993659 -0
    outer loop
      vertex 12.8952 74.8996 4.8
      vertex 12.7317 74.9181 4
      vertex 12.8952 74.8996 4
    endloop
  endfacet
  facet normal -0.204937 -0.978775 0
    outer loop
      vertex 12.8952 74.8996 4
      vertex 13.0423 74.8688 4.8
      vertex 12.8952 74.8996 4.8
    endloop
  endfacet
  facet normal -0.204937 -0.978775 -0
    outer loop
      vertex 13.0423 74.8688 4.8
      vertex 12.8952 74.8996 4
      vertex 13.0423 74.8688 4
    endloop
  endfacet
  facet normal -0.313174 -0.949696 0
    outer loop
      vertex 13.0423 74.8688 4
      vertex 13.173 74.8257 4.8
      vertex 13.0423 74.8688 4.8
    endloop
  endfacet
  facet normal -0.313174 -0.949696 -0
    outer loop
      vertex 13.173 74.8257 4.8
      vertex 13.0423 74.8688 4
      vertex 13.173 74.8257 4
    endloop
  endfacet
  facet normal -0.436486 -0.899711 0
    outer loop
      vertex 13.173 74.8257 4
      vertex 13.2874 74.7702 4.8
      vertex 13.173 74.8257 4.8
    endloop
  endfacet
  facet normal -0.436486 -0.899711 -0
    outer loop
      vertex 13.2874 74.7702 4.8
      vertex 13.173 74.8257 4
      vertex 13.2874 74.7702 4
    endloop
  endfacet
  facet normal -0.571742 -0.820433 0
    outer loop
      vertex 13.2874 74.7702 4
      vertex 13.3867 74.701 4.8
      vertex 13.2874 74.7702 4.8
    endloop
  endfacet
  facet normal -0.571742 -0.820433 -0
    outer loop
      vertex 13.3867 74.701 4.8
      vertex 13.2874 74.7702 4
      vertex 13.3867 74.701 4
    endloop
  endfacet
  facet normal -0.700413 -0.713738 0
    outer loop
      vertex 13.3867 74.701 4
      vertex 13.4724 74.6169 4.8
      vertex 13.3867 74.701 4.8
    endloop
  endfacet
  facet normal -0.700413 -0.713738 -0
    outer loop
      vertex 13.4724 74.6169 4.8
      vertex 13.3867 74.701 4
      vertex 13.4724 74.6169 4
    endloop
  endfacet
  facet normal -0.8093 -0.587395 0
    outer loop
      vertex 13.5444 74.5177 4
      vertex 13.4724 74.6169 4.8
      vertex 13.4724 74.6169 4
    endloop
  endfacet
  facet normal -0.8093 -0.587395 0
    outer loop
      vertex 13.4724 74.6169 4.8
      vertex 13.5444 74.5177 4
      vertex 13.5444 74.5177 4.8
    endloop
  endfacet
  facet normal -0.890336 -0.455303 0
    outer loop
      vertex 13.6028 74.4035 4
      vertex 13.5444 74.5177 4.8
      vertex 13.5444 74.5177 4
    endloop
  endfacet
  facet normal -0.890336 -0.455303 0
    outer loop
      vertex 13.5444 74.5177 4.8
      vertex 13.6028 74.4035 4
      vertex 13.6028 74.4035 4.8
    endloop
  endfacet
  facet normal -0.945038 -0.32696 0
    outer loop
      vertex 13.6475 74.2743 4
      vertex 13.6028 74.4035 4.8
      vertex 13.6028 74.4035 4
    endloop
  endfacet
  facet normal -0.945038 -0.32696 0
    outer loop
      vertex 13.6028 74.4035 4.8
      vertex 13.6475 74.2743 4
      vertex 13.6475 74.2743 4.8
    endloop
  endfacet
  facet normal 0.172884 -0.984942 0
    outer loop
      vertex 13.6475 74.2743 4
      vertex 14.2212 74.375 4.8
      vertex 13.6475 74.2743 4.8
    endloop
  endfacet
  facet normal 0.172884 -0.984942 0
    outer loop
      vertex 14.2212 74.375 4.8
      vertex 13.6475 74.2743 4
      vertex 14.2212 74.375 4
    endloop
  endfacet
  facet normal 0.943264 0.332044 0
    outer loop
      vertex 14.2212 74.375 4.8
      vertex 14.1496 74.5784 4
      vertex 14.1496 74.5784 4.8
    endloop
  endfacet
  facet normal 0.943264 0.332044 0
    outer loop
      vertex 14.1496 74.5784 4
      vertex 14.2212 74.375 4.8
      vertex 14.2212 74.375 4
    endloop
  endfacet
  facet normal 0.892415 0.451215 0
    outer loop
      vertex 14.1496 74.5784 4.8
      vertex 14.0595 74.7566 4
      vertex 14.0595 74.7566 4.8
    endloop
  endfacet
  facet normal 0.892415 0.451215 0
    outer loop
      vertex 14.0595 74.7566 4
      vertex 14.1496 74.5784 4.8
      vertex 14.1496 74.5784 4
    endloop
  endfacet
  facet normal 0.81528 0.579067 0
    outer loop
      vertex 14.0595 74.7566 4.8
      vertex 13.9509 74.9095 4
      vertex 13.9509 74.9095 4.8
    endloop
  endfacet
  facet normal 0.81528 0.579067 0
    outer loop
      vertex 13.9509 74.9095 4
      vertex 14.0595 74.7566 4.8
      vertex 14.0595 74.7566 4
    endloop
  endfacet
  facet normal 0.708216 0.705996 0
    outer loop
      vertex 13.9509 74.9095 4.8
      vertex 13.8237 75.0371 4
      vertex 13.8237 75.0371 4.8
    endloop
  endfacet
  facet normal 0.708216 0.705996 0
    outer loop
      vertex 13.8237 75.0371 4
      vertex 13.9509 74.9095 4.8
      vertex 13.9509 74.9095 4
    endloop
  endfacet
  facet normal 0.57463 0.818413 -0
    outer loop
      vertex 13.8237 75.0371 4
      vertex 13.678 75.1394 4.8
      vertex 13.8237 75.0371 4.8
    endloop
  endfacet
  facet normal 0.57463 0.818413 0
    outer loop
      vertex 13.678 75.1394 4.8
      vertex 13.8237 75.0371 4
      vertex 13.678 75.1394 4
    endloop
  endfacet
  facet normal 0.431758 0.901989 -0
    outer loop
      vertex 13.678 75.1394 4
      vertex 13.5092 75.2202 4.8
      vertex 13.678 75.1394 4.8
    endloop
  endfacet
  facet normal 0.431758 0.901989 0
    outer loop
      vertex 13.5092 75.2202 4.8
      vertex 13.678 75.1394 4
      vertex 13.5092 75.2202 4
    endloop
  endfacet
  facet normal 0.304565 0.952492 -0
    outer loop
      vertex 13.5092 75.2202 4
      vertex 13.3128 75.283 4.8
      vertex 13.5092 75.2202 4.8
    endloop
  endfacet
  facet normal 0.304565 0.952492 0
    outer loop
      vertex 13.3128 75.283 4.8
      vertex 13.5092 75.2202 4
      vertex 13.3128 75.283 4
    endloop
  endfacet
  facet normal 0.196116 0.980581 -0
    outer loop
      vertex 13.3128 75.283 4
      vertex 13.0888 75.3278 4.8
      vertex 13.3128 75.283 4.8
    endloop
  endfacet
  facet normal 0.196116 0.980581 0
    outer loop
      vertex 13.0888 75.3278 4.8
      vertex 13.3128 75.283 4
      vertex 13.0888 75.3278 4
    endloop
  endfacet
  facet normal 0.106701 0.994291 -0
    outer loop
      vertex 13.0888 75.3278 4
      vertex 12.8372 75.3548 4.8
      vertex 13.0888 75.3278 4.8
    endloop
  endfacet
  facet normal 0.106701 0.994291 0
    outer loop
      vertex 12.8372 75.3548 4.8
      vertex 13.0888 75.3278 4
      vertex 12.8372 75.3548 4
    endloop
  endfacet
  facet normal 0.031872 0.999492 -0
    outer loop
      vertex 12.8372 75.3548 4
      vertex 12.5581 75.3637 4.8
      vertex 12.8372 75.3548 4.8
    endloop
  endfacet
  facet normal 0.031872 0.999492 0
    outer loop
      vertex 12.5581 75.3637 4.8
      vertex 12.8372 75.3548 4
      vertex 12.5581 75.3637 4
    endloop
  endfacet
  facet normal -0.0395828 0.999216 0
    outer loop
      vertex 12.5581 75.3637 4
      vertex 12.2577 75.3518 4.8
      vertex 12.5581 75.3637 4.8
    endloop
  endfacet
  facet normal -0.0395828 0.999216 0
    outer loop
      vertex 12.2577 75.3518 4.8
      vertex 12.5581 75.3637 4
      vertex 12.2577 75.3518 4
    endloop
  endfacet
  facet normal -0.13123 0.991352 0
    outer loop
      vertex 12.2577 75.3518 4
      vertex 11.9865 75.3159 4.8
      vertex 12.2577 75.3518 4.8
    endloop
  endfacet
  facet normal -0.13123 0.991352 0
    outer loop
      vertex 11.9865 75.3159 4.8
      vertex 12.2577 75.3518 4
      vertex 11.9865 75.3159 4
    endloop
  endfacet
  facet normal -0.239985 0.970777 0
    outer loop
      vertex 11.9865 75.3159 4
      vertex 11.7446 75.2561 4.8
      vertex 11.9865 75.3159 4.8
    endloop
  endfacet
  facet normal -0.239985 0.970777 0
    outer loop
      vertex 11.7446 75.2561 4.8
      vertex 11.9865 75.3159 4
      vertex 11.7446 75.2561 4
    endloop
  endfacet
  facet normal -0.366261 0.930512 0
    outer loop
      vertex 11.7446 75.2561 4
      vertex 11.5317 75.1723 4.8
      vertex 11.7446 75.2561 4.8
    endloop
  endfacet
  facet normal -0.366261 0.930512 0
    outer loop
      vertex 11.5317 75.1723 4.8
      vertex 11.7446 75.2561 4
      vertex 11.5317 75.1723 4
    endloop
  endfacet
  facet normal -0.505623 0.862755 0
    outer loop
      vertex 11.5317 75.1723 4
      vertex 11.3481 75.0647 4.8
      vertex 11.5317 75.1723 4.8
    endloop
  endfacet
  facet normal -0.505623 0.862755 0
    outer loop
      vertex 11.3481 75.0647 4.8
      vertex 11.5317 75.1723 4
      vertex 11.3481 75.0647 4
    endloop
  endfacet
  facet normal -0.648896 0.760878 0
    outer loop
      vertex 11.3481 75.0647 4
      vertex 11.1959 74.9349 4.8
      vertex 11.3481 75.0647 4.8
    endloop
  endfacet
  facet normal -0.648896 0.760878 0
    outer loop
      vertex 11.1959 74.9349 4.8
      vertex 11.3481 75.0647 4
      vertex 11.1959 74.9349 4
    endloop
  endfacet
  facet normal -0.785191 0.619254 0
    outer loop
      vertex 11.0776 74.7849 4
      vertex 11.1959 74.9349 4.8
      vertex 11.1959 74.9349 4
    endloop
  endfacet
  facet normal -0.785191 0.619254 0
    outer loop
      vertex 11.1959 74.9349 4.8
      vertex 11.0776 74.7849 4
      vertex 11.0776 74.7849 4.8
    endloop
  endfacet
  facet normal -0.895791 0.444476 0
    outer loop
      vertex 10.9931 74.6146 4
      vertex 11.0776 74.7849 4.8
      vertex 11.0776 74.7849 4
    endloop
  endfacet
  facet normal -0.895791 0.444476 0
    outer loop
      vertex 11.0776 74.7849 4.8
      vertex 10.9931 74.6146 4
      vertex 10.9931 74.6146 4.8
    endloop
  endfacet
  facet normal -0.966361 0.257189 0
    outer loop
      vertex 10.9424 74.4241 4
      vertex 10.9931 74.6146 4.8
      vertex 10.9931 74.6146 4
    endloop
  endfacet
  facet normal -0.966361 0.257189 0
    outer loop
      vertex 10.9931 74.6146 4.8
      vertex 10.9424 74.4241 4
      vertex 10.9424 74.4241 4.8
    endloop
  endfacet
  facet normal -0.996802 0.0799144 0
    outer loop
      vertex 10.9255 74.2133 4
      vertex 10.9424 74.4241 4.8
      vertex 10.9424 74.4241 4
    endloop
  endfacet
  facet normal -0.996802 0.0799144 0
    outer loop
      vertex 10.9424 74.4241 4.8
      vertex 10.9255 74.2133 4
      vertex 10.9255 74.2133 4.8
    endloop
  endfacet
  facet normal -0.999424 -0.0339507 0
    outer loop
      vertex 10.9287 74.1191 4
      vertex 10.9255 74.2133 4.8
      vertex 10.9255 74.2133 4
    endloop
  endfacet
  facet normal -0.999424 -0.0339507 0
    outer loop
      vertex 10.9255 74.2133 4.8
      vertex 10.9287 74.1191 4
      vertex 10.9287 74.1191 4.8
    endloop
  endfacet
  facet normal -0.994229 -0.107275 0
    outer loop
      vertex 10.9384 74.0292 4
      vertex 10.9287 74.1191 4.8
      vertex 10.9287 74.1191 4
    endloop
  endfacet
  facet normal -0.994229 -0.107275 0
    outer loop
      vertex 10.9287 74.1191 4.8
      vertex 10.9384 74.0292 4
      vertex 10.9384 74.0292 4.8
    endloop
  endfacet
  facet normal -0.982479 -0.186372 0
    outer loop
      vertex 10.9546 73.9438 4
      vertex 10.9384 74.0292 4.8
      vertex 10.9384 74.0292 4
    endloop
  endfacet
  facet normal -0.982479 -0.186372 0
    outer loop
      vertex 10.9384 74.0292 4.8
      vertex 10.9546 73.9438 4
      vertex 10.9546 73.9438 4.8
    endloop
  endfacet
  facet normal -0.963296 -0.26844 0
    outer loop
      vertex 10.9772 73.8627 4
      vertex 10.9546 73.9438 4.8
      vertex 10.9546 73.9438 4
    endloop
  endfacet
  facet normal -0.963296 -0.26844 0
    outer loop
      vertex 10.9546 73.9438 4.8
      vertex 10.9772 73.8627 4
      vertex 10.9772 73.8627 4.8
    endloop
  endfacet
  facet normal -0.93497 -0.354728 0
    outer loop
      vertex 11.0063 73.786 4
      vertex 10.9772 73.8627 4.8
      vertex 10.9772 73.8627 4
    endloop
  endfacet
  facet normal -0.93497 -0.354728 0
    outer loop
      vertex 10.9772 73.8627 4.8
      vertex 11.0063 73.786 4
      vertex 11.0063 73.786 4.8
    endloop
  endfacet
  facet normal -0.899578 -0.436761 0
    outer loop
      vertex 11.0415 73.7135 4
      vertex 11.0063 73.786 4.8
      vertex 11.0063 73.786 4
    endloop
  endfacet
  facet normal -0.899578 -0.436761 0
    outer loop
      vertex 11.0063 73.786 4.8
      vertex 11.0415 73.7135 4
      vertex 11.0415 73.7135 4.8
    endloop
  endfacet
  facet normal -0.859031 -0.511923 0
    outer loop
      vertex 11.0825 73.6447 4
      vertex 11.0415 73.7135 4.8
      vertex 11.0415 73.7135 4
    endloop
  endfacet
  facet normal -0.859031 -0.511923 0
    outer loop
      vertex 11.0415 73.7135 4.8
      vertex 11.0825 73.6447 4
      vertex 11.0825 73.6447 4.8
    endloop
  endfacet
  facet normal -0.812126 -0.583482 0
    outer loop
      vertex 11.1292 73.5797 4
      vertex 11.0825 73.6447 4.8
      vertex 11.0825 73.6447 4
    endloop
  endfacet
  facet normal -0.812126 -0.583482 0
    outer loop
      vertex 11.0825 73.6447 4.8
      vertex 11.1292 73.5797 4
      vertex 11.1292 73.5797 4.8
    endloop
  endfacet
  facet normal -0.759607 -0.650382 0
    outer loop
      vertex 11.1816 73.5185 4
      vertex 11.1292 73.5797 4.8
      vertex 11.1292 73.5797 4
    endloop
  endfacet
  facet normal -0.759607 -0.650382 0
    outer loop
      vertex 11.1292 73.5797 4.8
      vertex 11.1816 73.5185 4
      vertex 11.1816 73.5185 4.8
    endloop
  endfacet
  facet normal -0.702816 -0.711372 0
    outer loop
      vertex 11.1816 73.5185 4
      vertex 11.2398 73.461 4.8
      vertex 11.1816 73.5185 4.8
    endloop
  endfacet
  facet normal -0.702816 -0.711372 -0
    outer loop
      vertex 11.2398 73.461 4.8
      vertex 11.1816 73.5185 4
      vertex 11.2398 73.461 4
    endloop
  endfacet
  facet normal -0.638913 -0.769279 0
    outer loop
      vertex 11.2398 73.461 4
      vertex 11.3053 73.4066 4.8
      vertex 11.2398 73.461 4.8
    endloop
  endfacet
  facet normal -0.638913 -0.769279 -0
    outer loop
      vertex 11.3053 73.4066 4.8
      vertex 11.2398 73.461 4
      vertex 11.3053 73.4066 4
    endloop
  endfacet
  facet normal -0.576554 -0.817059 0
    outer loop
      vertex 11.3053 73.4066 4
      vertex 11.3797 73.3541 4.8
      vertex 11.3053 73.4066 4.8
    endloop
  endfacet
  facet normal -0.576554 -0.817059 -0
    outer loop
      vertex 11.3797 73.3541 4.8
      vertex 11.3053 73.4066 4
      vertex 11.3797 73.3541 4
    endloop
  endfacet
  facet normal -0.516912 -0.856039 0
    outer loop
      vertex 11.3797 73.3541 4
      vertex 11.463 73.3038 4.8
      vertex 11.3797 73.3541 4.8
    endloop
  endfacet
  facet normal -0.516912 -0.856039 -0
    outer loop
      vertex 11.463 73.3038 4.8
      vertex 11.3797 73.3541 4
      vertex 11.463 73.3038 4
    endloop
  endfacet
  facet normal -0.464043 -0.885813 0
    outer loop
      vertex 11.463 73.3038 4
      vertex 11.5552 73.2555 4.8
      vertex 11.463 73.3038 4.8
    endloop
  endfacet
  facet normal -0.464043 -0.885813 -0
    outer loop
      vertex 11.5552 73.2555 4.8
      vertex 11.463 73.3038 4
      vertex 11.5552 73.2555 4
    endloop
  endfacet
  facet normal -0.415632 -0.909533 0
    outer loop
      vertex 11.5552 73.2555 4
      vertex 11.6563 73.2093 4.8
      vertex 11.5552 73.2555 4.8
    endloop
  endfacet
  facet normal -0.415632 -0.909533 -0
    outer loop
      vertex 11.6563 73.2093 4.8
      vertex 11.5552 73.2555 4
      vertex 11.6563 73.2093 4
    endloop
  endfacet
  facet normal -0.364004 -0.931398 0
    outer loop
      vertex 11.6563 73.2093 4
      vertex 11.7717 73.1642 4.8
      vertex 11.6563 73.2093 4.8
    endloop
  endfacet
  facet normal -0.364004 -0.931398 -0
    outer loop
      vertex 11.7717 73.1642 4.8
      vertex 11.6563 73.2093 4
      vertex 11.7717 73.1642 4
    endloop
  endfacet
  facet normal -0.31728 -0.948332 0
    outer loop
      vertex 11.7717 73.1642 4
      vertex 11.9068 73.119 4.8
      vertex 11.7717 73.1642 4.8
    endloop
  endfacet
  facet normal -0.31728 -0.948332 -0
    outer loop
      vertex 11.9068 73.119 4.8
      vertex 11.7717 73.1642 4
      vertex 11.9068 73.119 4
    endloop
  endfacet
  facet normal -0.280453 -0.959868 0
    outer loop
      vertex 11.9068 73.119 4
      vertex 12.0615 73.0738 4.8
      vertex 11.9068 73.119 4.8
    endloop
  endfacet
  facet normal -0.280453 -0.959868 -0
    outer loop
      vertex 12.0615 73.0738 4.8
      vertex 11.9068 73.119 4
      vertex 12.0615 73.0738 4
    endloop
  endfacet
  facet normal -0.250365 -0.968152 0
    outer loop
      vertex 12.0615 73.0738 4
      vertex 12.2359 73.0287 4.8
      vertex 12.0615 73.0738 4.8
    endloop
  endfacet
  facet normal -0.250365 -0.968152 -0
    outer loop
      vertex 12.2359 73.0287 4.8
      vertex 12.0615 73.0738 4
      vertex 12.2359 73.0287 4
    endloop
  endfacet
  facet normal -0.226912 -0.973915 0
    outer loop
      vertex 12.2359 73.0287 4
      vertex 12.4299 72.9835 4.8
      vertex 12.2359 73.0287 4.8
    endloop
  endfacet
  facet normal -0.226912 -0.973915 -0
    outer loop
      vertex 12.4299 72.9835 4.8
      vertex 12.2359 73.0287 4
      vertex 12.4299 72.9835 4
    endloop
  endfacet
  facet normal -0.224365 -0.974505 0
    outer loop
      vertex 12.4299 72.9835 4
      vertex 12.545 72.957 4.8
      vertex 12.4299 72.9835 4.8
    endloop
  endfacet
  facet normal -0.224365 -0.974505 -0
    outer loop
      vertex 12.545 72.957 4.8
      vertex 12.4299 72.9835 4
      vertex 12.545 72.957 4
    endloop
  endfacet
  facet normal -0.225565 -0.974228 0
    outer loop
      vertex 12.545 72.957 4
      vertex 12.656 72.9313 4.8
      vertex 12.545 72.957 4.8
    endloop
  endfacet
  facet normal -0.225565 -0.974228 -0
    outer loop
      vertex 12.656 72.9313 4.8
      vertex 12.545 72.957 4
      vertex 12.656 72.9313 4
    endloop
  endfacet
  facet normal -0.228785 -0.973477 0
    outer loop
      vertex 12.656 72.9313 4
      vertex 12.7628 72.9062 4.8
      vertex 12.656 72.9313 4.8
    endloop
  endfacet
  facet normal -0.228785 -0.973477 -0
    outer loop
      vertex 12.7628 72.9062 4.8
      vertex 12.656 72.9313 4
      vertex 12.7628 72.9062 4
    endloop
  endfacet
  facet normal -0.230466 -0.97308 0
    outer loop
      vertex 12.7628 72.9062 4
      vertex 12.8654 72.8819 4.8
      vertex 12.7628 72.9062 4.8
    endloop
  endfacet
  facet normal -0.230466 -0.97308 -0
    outer loop
      vertex 12.8654 72.8819 4.8
      vertex 12.7628 72.9062 4
      vertex 12.8654 72.8819 4
    endloop
  endfacet
  facet normal -0.232066 -0.9727 0
    outer loop
      vertex 12.8654 72.8819 4
      vertex 12.9639 72.8584 4.8
      vertex 12.8654 72.8819 4.8
    endloop
  endfacet
  facet normal -0.232066 -0.9727 -0
    outer loop
      vertex 12.9639 72.8584 4.8
      vertex 12.8654 72.8819 4
      vertex 12.9639 72.8584 4
    endloop
  endfacet
  facet normal -0.251034 -0.967978 0
    outer loop
      vertex 12.9639 72.8584 4
      vertex 13.0576 72.8341 4.8
      vertex 12.9639 72.8584 4.8
    endloop
  endfacet
  facet normal -0.251034 -0.967978 -0
    outer loop
      vertex 13.0576 72.8341 4.8
      vertex 12.9639 72.8584 4
      vertex 13.0576 72.8341 4
    endloop
  endfacet
  facet normal -0.287149 -0.957886 0
    outer loop
      vertex 13.0576 72.8341 4
      vertex 13.146 72.8076 4.8
      vertex 13.0576 72.8341 4.8
    endloop
  endfacet
  facet normal -0.287149 -0.957886 -0
    outer loop
      vertex 13.146 72.8076 4.8
      vertex 13.0576 72.8341 4
      vertex 13.146 72.8076 4
    endloop
  endfacet
  facet normal -0.326798 -0.945094 0
    outer loop
      vertex 13.146 72.8076 4
      vertex 13.229 72.7789 4.8
      vertex 13.146 72.8076 4.8
    endloop
  endfacet
  facet normal -0.326798 -0.945094 -0
    outer loop
      vertex 13.229 72.7789 4.8
      vertex 13.146 72.8076 4
      vertex 13.229 72.7789 4
    endloop
  endfacet
  facet normal -0.369945 -0.929054 0
    outer loop
      vertex 13.229 72.7789 4
      vertex 13.3066 72.748 4.8
      vertex 13.229 72.7789 4.8
    endloop
  endfacet
  facet normal -0.369945 -0.929054 -0
    outer loop
      vertex 13.3066 72.748 4.8
      vertex 13.229 72.7789 4
      vertex 13.3066 72.748 4
    endloop
  endfacet
  facet normal -0.416265 -0.909243 0
    outer loop
      vertex 13.3066 72.748 4
      vertex 13.3789 72.7149 4.8
      vertex 13.3066 72.748 4.8
    endloop
  endfacet
  facet normal -0.416265 -0.909243 -0
    outer loop
      vertex 13.3789 72.7149 4.8
      vertex 13.3066 72.748 4
      vertex 13.3789 72.7149 4
    endloop
  endfacet
  facet normal -0.47607 -0.879407 0
    outer loop
      vertex 13.3789 72.7149 4
      vertex 13.4454 72.6789 4.8
      vertex 13.3789 72.7149 4.8
    endloop
  endfacet
  facet normal -0.47607 -0.879407 -0
    outer loop
      vertex 13.4454 72.6789 4.8
      vertex 13.3789 72.7149 4
      vertex 13.4454 72.6789 4
    endloop
  endfacet
  facet normal -0.549566 -0.835451 0
    outer loop
      vertex 13.4454 72.6789 4
      vertex 13.5056 72.6393 4.8
      vertex 13.4454 72.6789 4.8
    endloop
  endfacet
  facet normal -0.549566 -0.835451 -0
    outer loop
      vertex 13.5056 72.6393 4.8
      vertex 13.4454 72.6789 4
      vertex 13.5056 72.6393 4
    endloop
  endfacet
  facet normal -0.625576 -0.780164 0
    outer loop
      vertex 13.5056 72.6393 4
      vertex 13.5596 72.596 4.8
      vertex 13.5056 72.6393 4.8
    endloop
  endfacet
  facet normal -0.625576 -0.780164 -0
    outer loop
      vertex 13.5596 72.596 4.8
      vertex 13.5056 72.6393 4
      vertex 13.5596 72.596 4
    endloop
  endfacet
  facet normal -0.701115 -0.713049 0
    outer loop
      vertex 13.5596 72.596 4
      vertex 13.6074 72.549 4.8
      vertex 13.5596 72.596 4.8
    endloop
  endfacet
  facet normal -0.701115 -0.713049 -0
    outer loop
      vertex 13.6074 72.549 4.8
      vertex 13.5596 72.596 4
      vertex 13.6074 72.549 4
    endloop
  endfacet
  facet normal -0.773073 -0.634317 0
    outer loop
      vertex 13.649 72.4983 4
      vertex 13.6074 72.549 4.8
      vertex 13.6074 72.549 4
    endloop
  endfacet
  facet normal -0.773073 -0.634317 0
    outer loop
      vertex 13.6074 72.549 4.8
      vertex 13.649 72.4983 4
      vertex 13.649 72.4983 4.8
    endloop
  endfacet
  facet normal -0.849026 -0.528351 0
    outer loop
      vertex 13.6836 72.4427 4
      vertex 13.649 72.4983 4.8
      vertex 13.649 72.4983 4
    endloop
  endfacet
  facet normal -0.849026 -0.528351 0
    outer loop
      vertex 13.649 72.4983 4.8
      vertex 13.6836 72.4427 4
      vertex 13.6836 72.4427 4.8
    endloop
  endfacet
  facet normal -0.91761 -0.397483 0
    outer loop
      vertex 13.7105 72.3806 4
      vertex 13.6836 72.4427 4.8
      vertex 13.6836 72.4427 4
    endloop
  endfacet
  facet normal -0.91761 -0.397483 0
    outer loop
      vertex 13.6836 72.4427 4.8
      vertex 13.7105 72.3806 4
      vertex 13.7105 72.3806 4.8
    endloop
  endfacet
  facet normal -0.962685 -0.270623 0
    outer loop
      vertex 13.7297 72.3123 4
      vertex 13.7105 72.3806 4.8
      vertex 13.7105 72.3806 4
    endloop
  endfacet
  facet normal -0.962685 -0.270623 0
    outer loop
      vertex 13.7105 72.3806 4.8
      vertex 13.7297 72.3123 4
      vertex 13.7297 72.3123 4.8
    endloop
  endfacet
  facet normal -0.988157 -0.153449 0
    outer loop
      vertex 13.7413 72.2376 4
      vertex 13.7297 72.3123 4.8
      vertex 13.7297 72.3123 4
    endloop
  endfacet
  facet normal -0.988157 -0.153449 0
    outer loop
      vertex 13.7297 72.3123 4.8
      vertex 13.7413 72.2376 4
      vertex 13.7413 72.2376 4.8
    endloop
  endfacet
  facet normal -0.998904 -0.0468044 0
    outer loop
      vertex 13.7451 72.1565 4
      vertex 13.7413 72.2376 4.8
      vertex 13.7413 72.2376 4
    endloop
  endfacet
  facet normal -0.998904 -0.0468044 0
    outer loop
      vertex 13.7413 72.2376 4.8
      vertex 13.7451 72.1565 4
      vertex 13.7451 72.1565 4.8
    endloop
  endfacet
  facet normal -0.996311 0.0858167 0
    outer loop
      vertex 13.7328 72.0137 4
      vertex 13.7451 72.1565 4.8
      vertex 13.7451 72.1565 4
    endloop
  endfacet
  facet normal -0.996311 0.0858167 0
    outer loop
      vertex 13.7451 72.1565 4.8
      vertex 13.7328 72.0137 4
      vertex 13.7328 72.0137 4.8
    endloop
  endfacet
  facet normal -0.961298 0.275512 0
    outer loop
      vertex 13.696 71.8853 4
      vertex 13.7328 72.0137 4.8
      vertex 13.7328 72.0137 4
    endloop
  endfacet
  facet normal -0.961298 0.275512 0
    outer loop
      vertex 13.7328 72.0137 4.8
      vertex 13.696 71.8853 4
      vertex 13.696 71.8853 4.8
    endloop
  endfacet
  facet normal -0.880397 0.474238 0
    outer loop
      vertex 13.6347 71.7715 4
      vertex 13.696 71.8853 4.8
      vertex 13.696 71.8853 4
    endloop
  endfacet
  facet normal -0.880397 0.474238 0
    outer loop
      vertex 13.696 71.8853 4.8
      vertex 13.6347 71.7715 4
      vertex 13.6347 71.7715 4.8
    endloop
  endfacet
  facet normal -0.756292 0.654234 0
    outer loop
      vertex 13.5488 71.6722 4
      vertex 13.6347 71.7715 4.8
      vertex 13.6347 71.7715 4
    endloop
  endfacet
  facet normal -0.756292 0.654234 0
    outer loop
      vertex 13.6347 71.7715 4.8
      vertex 13.5488 71.6722 4
      vertex 13.5488 71.6722 4.8
    endloop
  endfacet
  facet normal -0.609155 0.793051 0
    outer loop
      vertex 13.5488 71.6722 4
      vertex 13.4384 71.5874 4.8
      vertex 13.5488 71.6722 4.8
    endloop
  endfacet
  facet normal -0.609155 0.793051 0
    outer loop
      vertex 13.4384 71.5874 4.8
      vertex 13.5488 71.6722 4
      vertex 13.4384 71.5874 4
    endloop
  endfacet
  facet normal -0.464455 0.885597 0
    outer loop
      vertex 13.4384 71.5874 4
      vertex 13.3055 71.5177 4.8
      vertex 13.4384 71.5874 4.8
    endloop
  endfacet
  facet normal -0.464455 0.885597 0
    outer loop
      vertex 13.3055 71.5177 4.8
      vertex 13.4384 71.5874 4
      vertex 13.3055 71.5177 4
    endloop
  endfacet
  facet normal -0.333109 0.942888 0
    outer loop
      vertex 13.3055 71.5177 4
      vertex 13.1518 71.4634 4.8
      vertex 13.3055 71.5177 4.8
    endloop
  endfacet
  facet normal -0.333109 0.942888 0
    outer loop
      vertex 13.1518 71.4634 4.8
      vertex 13.3055 71.5177 4
      vertex 13.1518 71.4634 4
    endloop
  endfacet
  facet normal -0.216871 0.9762 0
    outer loop
      vertex 13.1518 71.4634 4
      vertex 12.9776 71.4247 4.8
      vertex 13.1518 71.4634 4.8
    endloop
  endfacet
  facet normal -0.216871 0.9762 0
    outer loop
      vertex 12.9776 71.4247 4.8
      vertex 13.1518 71.4634 4
      vertex 12.9776 71.4247 4
    endloop
  endfacet
  facet normal -0.118703 0.99293 0
    outer loop
      vertex 12.9776 71.4247 4
      vertex 12.7827 71.4014 4.8
      vertex 12.9776 71.4247 4.8
    endloop
  endfacet
  facet normal -0.118703 0.99293 0
    outer loop
      vertex 12.7827 71.4014 4.8
      vertex 12.9776 71.4247 4
      vertex 12.7827 71.4014 4
    endloop
  endfacet
  facet normal -0.0361712 0.999346 0
    outer loop
      vertex 12.7827 71.4014 4
      vertex 12.5672 71.3936 4.8
      vertex 12.7827 71.4014 4.8
    endloop
  endfacet
  facet normal -0.0361712 0.999346 0
    outer loop
      vertex 12.5672 71.3936 4.8
      vertex 12.7827 71.4014 4
      vertex 12.5672 71.3936 4
    endloop
  endfacet
  facet normal 0.034857 0.999392 -0
    outer loop
      vertex 12.5672 71.3936 4
      vertex 12.3579 71.4009 4.8
      vertex 12.5672 71.3936 4.8
    endloop
  endfacet
  facet normal 0.034857 0.999392 0
    outer loop
      vertex 12.3579 71.4009 4.8
      vertex 12.5672 71.3936 4
      vertex 12.3579 71.4009 4
    endloop
  endfacet
  facet normal 0.113341 0.993556 -0
    outer loop
      vertex 12.3579 71.4009 4
      vertex 12.1668 71.4227 4.8
      vertex 12.3579 71.4009 4.8
    endloop
  endfacet
  facet normal 0.113341 0.993556 0
    outer loop
      vertex 12.1668 71.4227 4.8
      vertex 12.3579 71.4009 4
      vertex 12.1668 71.4227 4
    endloop
  endfacet
  facet normal 0.205696 0.978616 -0
    outer loop
      vertex 12.1668 71.4227 4
      vertex 11.9941 71.459 4.8
      vertex 12.1668 71.4227 4.8
    endloop
  endfacet
  facet normal 0.205696 0.978616 0
    outer loop
      vertex 11.9941 71.459 4.8
      vertex 12.1668 71.4227 4
      vertex 11.9941 71.459 4
    endloop
  endfacet
  facet normal 0.313089 0.949724 -0
    outer loop
      vertex 11.9941 71.459 4
      vertex 11.8397 71.5099 4.8
      vertex 11.9941 71.459 4.8
    endloop
  endfacet
  facet normal 0.313089 0.949724 0
    outer loop
      vertex 11.8397 71.5099 4.8
      vertex 11.9941 71.459 4
      vertex 11.8397 71.5099 4
    endloop
  endfacet
  facet normal 0.43258 0.901595 -0
    outer loop
      vertex 11.8397 71.5099 4
      vertex 11.7036 71.5752 4.8
      vertex 11.8397 71.5099 4.8
    endloop
  endfacet
  facet normal 0.43258 0.901595 0
    outer loop
      vertex 11.7036 71.5752 4.8
      vertex 11.8397 71.5099 4
      vertex 11.7036 71.5752 4
    endloop
  endfacet
  facet normal 0.564809 0.825222 -0
    outer loop
      vertex 11.7036 71.5752 4
      vertex 11.5854 71.6561 4.8
      vertex 11.7036 71.5752 4.8
    endloop
  endfacet
  facet normal 0.564809 0.825222 0
    outer loop
      vertex 11.5854 71.6561 4.8
      vertex 11.7036 71.5752 4
      vertex 11.5854 71.6561 4
    endloop
  endfacet
  facet normal 0.695576 0.718452 -0
    outer loop
      vertex 11.5854 71.6561 4
      vertex 11.4849 71.7534 4.8
      vertex 11.5854 71.6561 4.8
    endloop
  endfacet
  facet normal 0.695576 0.718452 0
    outer loop
      vertex 11.4849 71.7534 4.8
      vertex 11.5854 71.6561 4
      vertex 11.4849 71.7534 4
    endloop
  endfacet
  facet normal 0.808183 0.588931 0
    outer loop
      vertex 11.4849 71.7534 4.8
      vertex 11.4019 71.8673 4
      vertex 11.4019 71.8673 4.8
    endloop
  endfacet
  facet normal 0.808183 0.588931 0
    outer loop
      vertex 11.4019 71.8673 4
      vertex 11.4849 71.7534 4.8
      vertex 11.4849 71.7534 4
    endloop
  endfacet
  facet normal 0.89374 0.448585 0
    outer loop
      vertex 11.4019 71.8673 4.8
      vertex 11.3365 71.9976 4
      vertex 11.3365 71.9976 4.8
    endloop
  endfacet
  facet normal 0.89374 0.448585 0
    outer loop
      vertex 11.3365 71.9976 4
      vertex 11.4019 71.8673 4.8
      vertex 11.4019 71.8673 4
    endloop
  endfacet
  facet normal 0.950609 0.31039 0
    outer loop
      vertex 11.3365 71.9976 4.8
      vertex 11.2886 72.1443 4
      vertex 11.2886 72.1443 4.8
    endloop
  endfacet
  facet normal 0.950609 0.31039 0
    outer loop
      vertex 11.2886 72.1443 4
      vertex 11.3365 71.9976 4.8
      vertex 11.3365 71.9976 4
    endloop
  endfacet
  facet normal -0.196116 0.980581 0
    outer loop
      vertex 11.2886 72.1443 4
      vertex 10.7241 72.0314 4.8
      vertex 11.2886 72.1443 4.8
    endloop
  endfacet
  facet normal -0.196116 0.980581 0
    outer loop
      vertex 10.7241 72.0314 4.8
      vertex 11.2886 72.1443 4
      vertex 10.7241 72.0314 4
    endloop
  endfacet
  facet normal -0.932014 -0.362423 0
    outer loop
      vertex 10.877 71.6382 4
      vertex 10.7241 72.0314 4.8
      vertex 10.7241 72.0314 4
    endloop
  endfacet
  facet normal -0.932014 -0.362423 0
    outer loop
      vertex 10.7241 72.0314 4.8
      vertex 10.877 71.6382 4
      vertex 10.877 71.6382 4.8
    endloop
  endfacet
  facet normal -0.763557 -0.645741 0
    outer loop
      vertex 11.1357 71.3323 4
      vertex 10.877 71.6382 4.8
      vertex 10.877 71.6382 4
    endloop
  endfacet
  facet normal -0.763557 -0.645741 0
    outer loop
      vertex 10.877 71.6382 4.8
      vertex 11.1357 71.3323 4
      vertex 11.1357 71.3323 4.8
    endloop
  endfacet
  facet normal -0.514357 -0.857576 0
    outer loop
      vertex 11.1357 71.3323 4
      vertex 11.5 71.1138 4.8
      vertex 11.1357 71.3323 4.8
    endloop
  endfacet
  facet normal -0.514357 -0.857576 -0
    outer loop
      vertex 11.5 71.1138 4.8
      vertex 11.1357 71.3323 4
      vertex 11.5 71.1138 4
    endloop
  endfacet
  facet normal -0.268627 -0.963244 0
    outer loop
      vertex 11.5 71.1138 4
      vertex 11.9701 70.9827 4.8
      vertex 11.5 71.1138 4.8
    endloop
  endfacet
  facet normal -0.268627 -0.963244 -0
    outer loop
      vertex 11.9701 70.9827 4.8
      vertex 11.5 71.1138 4
      vertex 11.9701 70.9827 4
    endloop
  endfacet
  facet normal -0.0756768 -0.997132 0
    outer loop
      vertex 11.9701 70.9827 4
      vertex 12.5459 70.939 4.8
      vertex 11.9701 70.9827 4.8
    endloop
  endfacet
  facet normal -0.0756768 -0.997132 -0
    outer loop
      vertex 12.5459 70.939 4.8
      vertex 11.9701 70.9827 4
      vertex 12.5459 70.939 4
    endloop
  endfacet
  facet normal 0.0402276 -0.999191 0
    outer loop
      vertex 12.5459 70.939 4
      vertex 12.8688 70.952 4.8
      vertex 12.5459 70.939 4.8
    endloop
  endfacet
  facet normal 0.0402276 -0.999191 0
    outer loop
      vertex 12.8688 70.952 4.8
      vertex 12.5459 70.939 4
      vertex 12.8688 70.952 4
    endloop
  endfacet
  facet normal 0 -1 0
    outer loop
      vertex 17.3026 72.6753 4
      vertex 18.5659 72.6753 4.8
      vertex 17.3026 72.6753 4.8
    endloop
  endfacet
  facet normal 0 -1 -0
    outer loop
      vertex 18.5659 72.6753 4.8
      vertex 17.3026 72.6753 4
      vertex 18.5659 72.6753 4
    endloop
  endfacet
  facet normal 0.054879 -0.998493 0
    outer loop
      vertex 18.5659 72.6753 4
      vertex 18.8279 72.6897 4.8
      vertex 18.5659 72.6753 4.8
    endloop
  endfacet
  facet normal 0.054879 -0.998493 0
    outer loop
      vertex 18.8279 72.6897 4.8
      vertex 18.5659 72.6753 4
      vertex 18.8279 72.6897 4
    endloop
  endfacet
  facet normal 0.177727 -0.98408 0
    outer loop
      vertex 18.8279 72.6897 4
      vertex 19.0671 72.7329 4.8
      vertex 18.8279 72.6897 4.8
    endloop
  endfacet
  facet normal 0.177727 -0.98408 0
    outer loop
      vertex 19.0671 72.7329 4.8
      vertex 18.8279 72.6897 4
      vertex 19.0671 72.7329 4
    endloop
  endfacet
  facet normal 0.315833 -0.948815 0
    outer loop
      vertex 19.0671 72.7329 4
      vertex 19.2834 72.8049 4.8
      vertex 19.0671 72.7329 4.8
    endloop
  endfacet
  facet normal 0.315833 -0.948815 0
    outer loop
      vertex 19.2834 72.8049 4.8
      vertex 19.0671 72.7329 4
      vertex 19.2834 72.8049 4
    endloop
  endfacet
  facet normal 0.462362 -0.886691 0
    outer loop
      vertex 19.2834 72.8049 4
      vertex 19.4769 72.9058 4.8
      vertex 19.2834 72.8049 4.8
    endloop
  endfacet
  facet normal 0.462362 -0.886691 0
    outer loop
      vertex 19.4769 72.9058 4.8
      vertex 19.2834 72.8049 4
      vertex 19.4769 72.9058 4
    endloop
  endfacet
  facet normal 0.604693 -0.796459 0
    outer loop
      vertex 19.4769 72.9058 4
      vertex 19.6476 73.0354 4.8
      vertex 19.4769 72.9058 4.8
    endloop
  endfacet
  facet normal 0.604693 -0.796459 0
    outer loop
      vertex 19.6476 73.0354 4.8
      vertex 19.4769 72.9058 4
      vertex 19.6476 73.0354 4
    endloop
  endfacet
  facet normal 0.731845 -0.681471 0
    outer loop
      vertex 19.6476 73.0354 4.8
      vertex 19.791 73.1894 4
      vertex 19.791 73.1894 4.8
    endloop
  endfacet
  facet normal 0.731845 -0.681471 0
    outer loop
      vertex 19.791 73.1894 4
      vertex 19.6476 73.0354 4.8
      vertex 19.6476 73.0354 4
    endloop
  endfacet
  facet normal 0.842104 -0.539314 0
    outer loop
      vertex 19.791 73.1894 4.8
      vertex 19.9025 73.3635 4
      vertex 19.9025 73.3635 4.8
    endloop
  endfacet
  facet normal 0.842104 -0.539314 0
    outer loop
      vertex 19.9025 73.3635 4
      vertex 19.791 73.1894 4.8
      vertex 19.791 73.1894 4
    endloop
  endfacet
  facet normal 0.925053 -0.379839 0
    outer loop
      vertex 19.9025 73.3635 4.8
      vertex 19.9822 73.5576 4
      vertex 19.9822 73.5576 4.8
    endloop
  endfacet
  facet normal 0.925053 -0.379839 0
    outer loop
      vertex 19.9822 73.5576 4
      vertex 19.9025 73.3635 4.8
      vertex 19.9025 73.3635 4
    endloop
  endfacet
  facet normal 0.975972 -0.217896 0
    outer loop
      vertex 19.9822 73.5576 4.8
      vertex 20.03 73.7717 4
      vertex 20.03 73.7717 4.8
    endloop
  endfacet
  facet normal 0.975972 -0.217896 0
    outer loop
      vertex 20.03 73.7717 4
      vertex 19.9822 73.5576 4.8
      vertex 19.9822 73.5576 4
    endloop
  endfacet
  facet normal 0.997701 -0.0677636 0
    outer loop
      vertex 20.03 73.7717 4.8
      vertex 20.0459 74.0058 4
      vertex 20.0459 74.0058 4.8
    endloop
  endfacet
  facet normal 0.997701 -0.0677636 0
    outer loop
      vertex 20.0459 74.0058 4
      vertex 20.03 73.7717 4.8
      vertex 20.03 73.7717 4
    endloop
  endfacet
  facet normal 0.997727 0.0673911 0
    outer loop
      vertex 20.0459 74.0058 4.8
      vertex 20.03 74.2412 4
      vertex 20.03 74.2412 4.8
    endloop
  endfacet
  facet normal 0.997727 0.0673911 0
    outer loop
      vertex 20.03 74.2412 4
      vertex 20.0459 74.0058 4.8
      vertex 20.0459 74.0058 4
    endloop
  endfacet
  facet normal 0.975993 0.217802 0
    outer loop
      vertex 20.03 74.2412 4.8
      vertex 19.9824 74.4545 4
      vertex 19.9824 74.4545 4.8
    endloop
  endfacet
  facet normal 0.975993 0.217802 0
    outer loop
      vertex 19.9824 74.4545 4
      vertex 20.03 74.2412 4.8
      vertex 20.03 74.2412 4
    endloop
  endfacet
  facet normal 0.923563 0.383448 0
    outer loop
      vertex 19.9824 74.4545 4.8
      vertex 19.9031 74.6455 4
      vertex 19.9031 74.6455 4.8
    endloop
  endfacet
  facet normal 0.923563 0.383448 0
    outer loop
      vertex 19.9031 74.6455 4
      vertex 19.9824 74.4545 4.8
      vertex 19.9824 74.4545 4
    endloop
  endfacet
  facet normal 0.835309 0.54978 0
    outer loop
      vertex 19.9031 74.6455 4.8
      vertex 19.792 74.8143 4
      vertex 19.792 74.8143 4.8
    endloop
  endfacet
  facet normal 0.835309 0.54978 0
    outer loop
      vertex 19.792 74.8143 4
      vertex 19.9031 74.6455 4.8
      vertex 19.9031 74.6455 4
    endloop
  endfacet
  facet normal 0.71633 0.697762 0
    outer loop
      vertex 19.792 74.8143 4.8
      vertex 19.6492 74.9609 4
      vertex 19.6492 74.9609 4.8
    endloop
  endfacet
  facet normal 0.71633 0.697762 0
    outer loop
      vertex 19.6492 74.9609 4
      vertex 19.792 74.8143 4.8
      vertex 19.792 74.8143 4
    endloop
  endfacet
  facet normal 0.578676 0.815558 -0
    outer loop
      vertex 19.6492 74.9609 4
      vertex 19.4774 75.0828 4.8
      vertex 19.6492 74.9609 4.8
    endloop
  endfacet
  facet normal 0.578676 0.815558 0
    outer loop
      vertex 19.4774 75.0828 4.8
      vertex 19.6492 74.9609 4
      vertex 19.4774 75.0828 4
    endloop
  endfacet
  facet normal 0.432568 0.901601 -0
    outer loop
      vertex 19.4774 75.0828 4
      vertex 19.2796 75.1777 4.8
      vertex 19.4774 75.0828 4.8
    endloop
  endfacet
  facet normal 0.432568 0.901601 0
    outer loop
      vertex 19.2796 75.1777 4.8
      vertex 19.4774 75.0828 4
      vertex 19.2796 75.1777 4
    endloop
  endfacet
  facet normal 0.289699 0.957118 -0
    outer loop
      vertex 19.2796 75.1777 4
      vertex 19.0556 75.2455 4.8
      vertex 19.2796 75.1777 4.8
    endloop
  endfacet
  facet normal 0.289699 0.957118 0
    outer loop
      vertex 19.0556 75.2455 4.8
      vertex 19.2796 75.1777 4
      vertex 19.0556 75.2455 4
    endloop
  endfacet
  facet normal 0.160237 0.987078 -0
    outer loop
      vertex 19.0556 75.2455 4
      vertex 18.8055 75.2861 4.8
      vertex 19.0556 75.2455 4.8
    endloop
  endfacet
  facet normal 0.160237 0.987078 0
    outer loop
      vertex 18.8055 75.2861 4.8
      vertex 19.0556 75.2455 4
      vertex 18.8055 75.2861 4
    endloop
  endfacet
  facet normal 0.0491801 0.99879 -0
    outer loop
      vertex 18.8055 75.2861 4
      vertex 18.5293 75.2997 4.8
      vertex 18.8055 75.2861 4.8
    endloop
  endfacet
  facet normal 0.0491801 0.99879 0
    outer loop
      vertex 18.5293 75.2997 4.8
      vertex 18.8055 75.2861 4
      vertex 18.5293 75.2997 4
    endloop
  endfacet
  facet normal 0 1 -0
    outer loop
      vertex 18.5293 75.2997 4
      vertex 16.7197 75.2997 4.8
      vertex 18.5293 75.2997 4.8
    endloop
  endfacet
  facet normal 0 1 0
    outer loop
      vertex 16.7197 75.2997 4.8
      vertex 18.5293 75.2997 4
      vertex 16.7197 75.2997 4
    endloop
  endfacet
  facet normal -1 0 0
    outer loop
      vertex 16.7197 71 4
      vertex 16.7197 75.2997 4.8
      vertex 16.7197 75.2997 4
    endloop
  endfacet
  facet normal -1 -0 0
    outer loop
      vertex 16.7197 75.2997 4.8
      vertex 16.7197 71 4
      vertex 16.7197 71 4.8
    endloop
  endfacet
  facet normal 0 -1 0
    outer loop
      vertex 16.7197 71 4
      vertex 17.3026 71 4.8
      vertex 16.7197 71 4.8
    endloop
  endfacet
  facet normal 0 -1 -0
    outer loop
      vertex 17.3026 71 4.8
      vertex 16.7197 71 4
      vertex 17.3026 71 4
    endloop
  endfacet
  facet normal 1 -0 0
    outer loop
      vertex 17.3026 71 4.8
      vertex 17.3026 72.6753 4
      vertex 17.3026 72.6753 4.8
    endloop
  endfacet
  facet normal 1 0 0
    outer loop
      vertex 17.3026 72.6753 4
      vertex 17.3026 71 4.8
      vertex 17.3026 71 4
    endloop
  endfacet
  facet normal 1 -0 0
    outer loop
      vertex 17.3026 73.1361 4.8
      vertex 17.3026 74.8328 4
      vertex 17.3026 74.8328 4.8
    endloop
  endfacet
  facet normal 1 0 0
    outer loop
      vertex 17.3026 74.8328 4
      vertex 17.3026 73.1361 4.8
      vertex 17.3026 73.1361 4
    endloop
  endfacet
  facet normal 0 -1 0
    outer loop
      vertex 17.3026 74.8328 4
      vertex 18.4591 74.8328 4.8
      vertex 17.3026 74.8328 4.8
    endloop
  endfacet
  facet normal 0 -1 -0
    outer loop
      vertex 18.4591 74.8328 4.8
      vertex 17.3026 74.8328 4
      vertex 18.4591 74.8328 4
    endloop
  endfacet
  facet normal -0.0920308 -0.995756 0
    outer loop
      vertex 18.4591 74.8328 4
      vertex 18.8194 74.7995 4.8
      vertex 18.4591 74.8328 4.8
    endloop
  endfacet
  facet normal -0.0920308 -0.995756 -0
    outer loop
      vertex 18.8194 74.7995 4.8
      vertex 18.4591 74.8328 4
      vertex 18.8194 74.7995 4
    endloop
  endfacet
  facet normal -0.336017 -0.941856 0
    outer loop
      vertex 18.8194 74.7995 4
      vertex 19.0997 74.6995 4.8
      vertex 18.8194 74.7995 4.8
    endloop
  endfacet
  facet normal -0.336017 -0.941856 -0
    outer loop
      vertex 19.0997 74.6995 4.8
      vertex 18.8194 74.7995 4
      vertex 19.0997 74.6995 4
    endloop
  endfacet
  facet normal -0.639656 -0.768662 0
    outer loop
      vertex 19.0997 74.6995 4
      vertex 19.2999 74.5329 4.8
      vertex 19.0997 74.6995 4.8
    endloop
  endfacet
  facet normal -0.639656 -0.768662 -0
    outer loop
      vertex 19.2999 74.5329 4.8
      vertex 19.0997 74.6995 4
      vertex 19.2999 74.5329 4
    endloop
  endfacet
  facet normal -0.889106 -0.457701 0
    outer loop
      vertex 19.42 74.2996 4
      vertex 19.2999 74.5329 4.8
      vertex 19.2999 74.5329 4
    endloop
  endfacet
  facet normal -0.889106 -0.457701 0
    outer loop
      vertex 19.2999 74.5329 4.8
      vertex 19.42 74.2996 4
      vertex 19.42 74.2996 4.8
    endloop
  endfacet
  facet normal -0.991222 -0.132207 0
    outer loop
      vertex 19.46 73.9997 4
      vertex 19.42 74.2996 4.8
      vertex 19.42 74.2996 4
    endloop
  endfacet
  facet normal -0.991222 -0.132207 0
    outer loop
      vertex 19.42 74.2996 4.8
      vertex 19.46 73.9997 4
      vertex 19.46 73.9997 4.8
    endloop
  endfacet
  facet normal -0.992184 0.124781 0
    outer loop
      vertex 19.4209 73.6888 4
      vertex 19.46 73.9997 4.8
      vertex 19.46 73.9997 4
    endloop
  endfacet
  facet normal -0.992184 0.124781 0
    outer loop
      vertex 19.46 73.9997 4.8
      vertex 19.4209 73.6888 4
      vertex 19.4209 73.6888 4.8
    endloop
  endfacet
  facet normal -0.900013 0.435863 0
    outer loop
      vertex 19.3038 73.447 4
      vertex 19.4209 73.6888 4.8
      vertex 19.4209 73.6888 4
    endloop
  endfacet
  facet normal -0.900013 0.435863 0
    outer loop
      vertex 19.4209 73.6888 4.8
      vertex 19.3038 73.447 4
      vertex 19.3038 73.447 4.8
    endloop
  endfacet
  facet normal -0.662433 0.749121 0
    outer loop
      vertex 19.3038 73.447 4
      vertex 19.1085 73.2743 4.8
      vertex 19.3038 73.447 4.8
    endloop
  endfacet
  facet normal -0.662433 0.749121 0
    outer loop
      vertex 19.1085 73.2743 4.8
      vertex 19.3038 73.447 4
      vertex 19.1085 73.2743 4
    endloop
  endfacet
  facet normal -0.354531 0.935044 0
    outer loop
      vertex 19.1085 73.2743 4
      vertex 18.835 73.1706 4.8
      vertex 19.1085 73.2743 4.8
    endloop
  endfacet
  facet normal -0.354531 0.935044 0
    outer loop
      vertex 18.835 73.1706 4.8
      vertex 19.1085 73.2743 4
      vertex 18.835 73.1706 4
    endloop
  endfacet
  facet normal -0.0976814 0.995218 0
    outer loop
      vertex 18.835 73.1706 4
      vertex 18.4835 73.1361 4.8
      vertex 18.835 73.1706 4.8
    endloop
  endfacet
  facet normal -0.0976814 0.995218 0
    outer loop
      vertex 18.4835 73.1361 4.8
      vertex 18.835 73.1706 4
      vertex 18.4835 73.1361 4
    endloop
  endfacet
  facet normal 0 1 -0
    outer loop
      vertex 18.4835 73.1361 4
      vertex 17.3026 73.1361 4.8
      vertex 18.4835 73.1361 4.8
    endloop
  endfacet
  facet normal 0 1 0
    outer loop
      vertex 17.3026 73.1361 4.8
      vertex 18.4835 73.1361 4
      vertex 17.3026 73.1361 4
    endloop
  endfacet
  facet normal 0 -1 0
    outer loop
      vertex 21.3736 72.9927 4
      vertex 23.6989 72.9927 4.8
      vertex 21.3736 72.9927 4.8
    endloop
  endfacet
  facet normal 0 -1 -0
    outer loop
      vertex 23.6989 72.9927 4.8
      vertex 21.3736 72.9927 4
      vertex 23.6989 72.9927 4
    endloop
  endfacet
  facet normal -1 0 0
    outer loop
      vertex 23.6989 71 4
      vertex 23.6989 72.9927 4.8
      vertex 23.6989 72.9927 4
    endloop
  endfacet
  facet normal -1 -0 0
    outer loop
      vertex 23.6989 72.9927 4.8
      vertex 23.6989 71 4
      vertex 23.6989 71 4.8
    endloop
  endfacet
  facet normal 0 -1 0
    outer loop
      vertex 23.6989 71 4
      vertex 24.2817 71 4.8
      vertex 23.6989 71 4.8
    endloop
  endfacet
  facet normal 0 -1 -0
    outer loop
      vertex 24.2817 71 4.8
      vertex 23.6989 71 4
      vertex 24.2817 71 4
    endloop
  endfacet
  facet normal 1 -0 0
    outer loop
      vertex 24.2817 71 4.8
      vertex 24.2817 75.2997 4
      vertex 24.2817 75.2997 4.8
    endloop
  endfacet
  facet normal 1 0 0
    outer loop
      vertex 24.2817 75.2997 4
      vertex 24.2817 71 4.8
      vertex 24.2817 71 4
    endloop
  endfacet
  facet normal 0 1 -0
    outer loop
      vertex 24.2817 75.2997 4
      vertex 23.6989 75.2997 4.8
      vertex 24.2817 75.2997 4.8
    endloop
  endfacet
  facet normal 0 1 0
    outer loop
      vertex 23.6989 75.2997 4.8
      vertex 24.2817 75.2997 4
      vertex 23.6989 75.2997 4
    endloop
  endfacet
  facet normal -1 0 0
    outer loop
      vertex 23.6989 73.4809 4
      vertex 23.6989 75.2997 4.8
      vertex 23.6989 75.2997 4
    endloop
  endfacet
  facet normal -1 -0 0
    outer loop
      vertex 23.6989 75.2997 4.8
      vertex 23.6989 73.4809 4
      vertex 23.6989 73.4809 4.8
    endloop
  endfacet
  facet normal 0 1 -0
    outer loop
      vertex 23.6989 73.4809 4
      vertex 21.3736 73.4809 4.8
      vertex 23.6989 73.4809 4.8
    endloop
  endfacet
  facet normal 0 1 0
    outer loop
      vertex 21.3736 73.4809 4.8
      vertex 23.6989 73.4809 4
      vertex 21.3736 73.4809 4
    endloop
  endfacet
  facet normal 1 -0 0
    outer loop
      vertex 21.3736 73.4809 4.8
      vertex 21.3736 75.2997 4
      vertex 21.3736 75.2997 4.8
    endloop
  endfacet
  facet normal 1 0 0
    outer loop
      vertex 21.3736 75.2997 4
      vertex 21.3736 73.4809 4.8
      vertex 21.3736 73.4809 4
    endloop
  endfacet
  facet normal 0 1 -0
    outer loop
      vertex 21.3736 75.2997 4
      vertex 20.7907 75.2997 4.8
      vertex 21.3736 75.2997 4.8
    endloop
  endfacet
  facet normal 0 1 0
    outer loop
      vertex 20.7907 75.2997 4.8
      vertex 21.3736 75.2997 4
      vertex 20.7907 75.2997 4
    endloop
  endfacet
  facet normal -1 0 0
    outer loop
      vertex 20.7907 71 4
      vertex 20.7907 75.2997 4.8
      vertex 20.7907 75.2997 4
    endloop
  endfacet
  facet normal -1 -0 0
    outer loop
      vertex 20.7907 75.2997 4.8
      vertex 20.7907 71 4
      vertex 20.7907 71 4.8
    endloop
  endfacet
  facet normal 0 -1 0
    outer loop
      vertex 20.7907 71 4
      vertex 21.3736 71 4.8
      vertex 20.7907 71 4.8
    endloop
  endfacet
  facet normal 0 -1 -0
    outer loop
      vertex 21.3736 71 4.8
      vertex 20.7907 71 4
      vertex 21.3736 71 4
    endloop
  endfacet
  facet normal 1 -0 0
    outer loop
      vertex 21.3736 71 4.8
      vertex 21.3736 72.9927 4
      vertex 21.3736 72.9927 4.8
    endloop
  endfacet
  facet normal 1 0 0
    outer loop
      vertex 21.3736 72.9927 4
      vertex 21.3736 71 4.8
      vertex 21.3736 71 4
    endloop
  endfacet
  facet normal 0 1 -0
    outer loop
      vertex 10.2112 72.9042 4
      vertex 8.68544 72.9042 4.8
      vertex 10.2112 72.9042 4.8
    endloop
  endfacet
  facet normal 0 1 0
    outer loop
      vertex 8.68544 72.9042 4.8
      vertex 10.2112 72.9042 4
      vertex 8.68544 72.9042 4
    endloop
  endfacet
  facet normal -1 0 0
    outer loop
      vertex 8.68544 72.4159 4
      vertex 8.68544 72.9042 4.8
      vertex 8.68544 72.9042 4
    endloop
  endfacet
  facet normal -1 -0 0
    outer loop
      vertex 8.68544 72.9042 4.8
      vertex 8.68544 72.4159 4
      vertex 8.68544 72.4159 4.8
    endloop
  endfacet
  facet normal 0 -1 0
    outer loop
      vertex 8.68544 72.4159 4
      vertex 10.2112 72.4159 4.8
      vertex 8.68544 72.4159 4.8
    endloop
  endfacet
  facet normal 0 -1 -0
    outer loop
      vertex 10.2112 72.4159 4.8
      vertex 8.68544 72.4159 4
      vertex 10.2112 72.4159 4
    endloop
  endfacet
  facet normal 1 -0 0
    outer loop
      vertex 10.2112 72.4159 4.8
      vertex 10.2112 72.9042 4
      vertex 10.2112 72.9042 4.8
    endloop
  endfacet
  facet normal 1 0 0
    outer loop
      vertex 10.2112 72.9042 4
      vertex 10.2112 72.4159 4.8
      vertex 10.2112 72.4159 4
    endloop
  endfacet
endsolid OpenSCAD_Model
