solid OpenSCAD_Model
  facet normal 1 -0 0
    outer loop
      vertex 180 0 4
      vertex 180 80 0
      vertex 180 80 4
    endloop
  endfacet
  facet normal 1 0 0
    outer loop
      vertex 180 80 0
      vertex 180 0 4
      vertex 180 0 0
    endloop
  endfacet
  facet normal 0 0 1
    outer loop
      vertex 8.68544 72.4159 4
      vertex 7.79921 72.3121 4
      vertex 8.27522 72.0741 4
    endloop
  endfacet
  facet normal 0 0 1
    outer loop
      vertex 8.68544 72.9042 4
      vertex 7.68324 74.1157 4
      vertex 7.79921 72.3121 4
    endloop
  endfacet
  facet normal 0 0 1
    outer loop
      vertex 7.06523 74.7607 4
      vertex 7.68324 74.1157 4
      vertex 7.61617 74.2587 4
    endloop
  endfacet
  facet normal 0 0 1
    outer loop
      vertex 7.68324 74.1157 4
      vertex 4.90935 73.1697 4
      vertex 7.79921 72.3121 4
    endloop
  endfacet
  facet normal 0 0 1
    outer loop
      vertex 7.06523 74.7607 4
      vertex 7.61617 74.2587 4
      vertex 7.53456 74.3876 4
    endloop
  endfacet
  facet normal 0 0 1
    outer loop
      vertex 7.20259 74.6893 4
      vertex 7.53456 74.3876 4
      vertex 7.43843 74.5023 4
    endloop
  endfacet
  facet normal -0 -0 1
    outer loop
      vertex 4.92589 72.8659 4
      vertex 7.79921 72.3121 4
      vertex 4.90935 73.1697 4
    endloop
  endfacet
  facet normal 0 0 1
    outer loop
      vertex 7.20259 74.6893 4
      vertex 7.43843 74.5023 4
      vertex 7.32777 74.6029 4
    endloop
  endfacet
  facet normal 0 0 1
    outer loop
      vertex 7.06523 74.7607 4
      vertex 7.53456 74.3876 4
      vertex 7.20259 74.6893 4
    endloop
  endfacet
  facet normal -0 -0 1
    outer loop
      vertex 4.97551 72.5869 4
      vertex 7.79921 72.3121 4
      vertex 4.92589 72.8659 4
    endloop
  endfacet
  facet normal 0 0 1
    outer loop
      vertex 7.68324 74.1157 4
      vertex 7.06523 74.7607 4
      vertex 6.91797 74.8163 4
    endloop
  endfacet
  facet normal 0 0 1
    outer loop
      vertex 7.68324 74.1157 4
      vertex 6.91797 74.8163 4
      vertex 6.76082 74.8559 4
    endloop
  endfacet
  facet normal 0 0 1
    outer loop
      vertex 7.79921 72.3121 4
      vertex 4.97551 72.5869 4
      vertex 7.5994 71.9903 4
    endloop
  endfacet
  facet normal 0 0 1
    outer loop
      vertex 7.68324 74.1157 4
      vertex 6.76082 74.8559 4
      vertex 6.59378 74.8797 4
    endloop
  endfacet
  facet normal 0 0 1
    outer loop
      vertex 7.68324 74.1157 4
      vertex 6.59378 74.8797 4
      vertex 6.41685 74.8877 4
    endloop
  endfacet
  facet normal -0 -0 1
    outer loop
      vertex 5.0582 72.3327 4
      vertex 7.5994 71.9903 4
      vertex 4.97551 72.5869 4
    endloop
  endfacet
  facet normal 0 0 1
    outer loop
      vertex 7.68324 74.1157 4
      vertex 6.41685 74.8877 4
      vertex 4.97282 73.7548 4
    endloop
  endfacet
  facet normal 0 0 1
    outer loop
      vertex 7.5994 71.9903 4
      vertex 6.44124 71.418 4
      vertex 7.36369 71.7399 4
    endloop
  endfacet
  facet normal 0 0 1
    outer loop
      vertex 4.97282 73.7548 4
      vertex 6.41685 74.8877 4
      vertex 6.14391 74.8693 4
    endloop
  endfacet
  facet normal 0 -0 1
    outer loop
      vertex 6.78461 71.4538 4
      vertex 7.36369 71.7399 4
      vertex 6.44124 71.418 4
    endloop
  endfacet
  facet normal 0 0 1
    outer loop
      vertex 5.16322 74.2311 4
      vertex 6.14391 74.8693 4
      vertex 5.89635 74.8142 4
    endloop
  endfacet
  facet normal 0 0 1
    outer loop
      vertex 7.36369 71.7399 4
      vertex 6.78461 71.4538 4
      vertex 7.09209 71.5611 4
    endloop
  endfacet
  facet normal 0 0 1
    outer loop
      vertex 5.16322 74.2311 4
      vertex 5.89635 74.8142 4
      vertex 5.67418 74.7223 4
    endloop
  endfacet
  facet normal 0 0 1
    outer loop
      vertex 7.5994 71.9903 4
      vertex 5.0582 72.3327 4
      vertex 6.44124 71.418 4
    endloop
  endfacet
  facet normal 0 0 1
    outer loop
      vertex 5.30603 74.4284 4
      vertex 5.67418 74.7223 4
      vertex 5.47742 74.5938 4
    endloop
  endfacet
  facet normal 0 0 1
    outer loop
      vertex 6.44124 71.418 4
      vertex 5.0582 72.3327 4
      vertex 6.17093 71.4373 4
    endloop
  endfacet
  facet normal 0 0 1
    outer loop
      vertex 5.16322 74.2311 4
      vertex 5.67418 74.7223 4
      vertex 5.30603 74.4284 4
    endloop
  endfacet
  facet normal -0 -0 1
    outer loop
      vertex 5.17397 72.1033 4
      vertex 6.17093 71.4373 4
      vertex 5.0582 72.3327 4
    endloop
  endfacet
  facet normal 0 0 1
    outer loop
      vertex 6.14391 74.8693 4
      vertex 5.16322 74.2311 4
      vertex 5.05215 74.0066 4
    endloop
  endfacet
  facet normal 0 0 1
    outer loop
      vertex 6.17093 71.4373 4
      vertex 5.17397 72.1033 4
      vertex 5.92393 71.4949 4
    endloop
  endfacet
  facet normal 0 0 1
    outer loop
      vertex 6.14391 74.8693 4
      vertex 5.05215 74.0066 4
      vertex 4.97282 73.7548 4
    endloop
  endfacet
  facet normal -0 -0 1
    outer loop
      vertex 5.32281 71.8986 4
      vertex 5.92393 71.4949 4
      vertex 5.17397 72.1033 4
    endloop
  endfacet
  facet normal 0 0 1
    outer loop
      vertex 7.68324 74.1157 4
      vertex 4.97282 73.7548 4
      vertex 4.92522 73.4759 4
    endloop
  endfacet
  facet normal 0 0 1
    outer loop
      vertex 5.70024 71.5911 4
      vertex 5.32281 71.8986 4
      vertex 5.49988 71.7256 4
    endloop
  endfacet
  facet normal 0 0 1
    outer loop
      vertex 7.68324 74.1157 4
      vertex 4.92522 73.4759 4
      vertex 4.90935 73.1697 4
    endloop
  endfacet
  facet normal 0 0 1
    outer loop
      vertex 5.92393 71.4949 4
      vertex 5.32281 71.8986 4
      vertex 5.70024 71.5911 4
    endloop
  endfacet
  facet normal 0 0 1
    outer loop
      vertex 23.6989 73.4809 4
      vertex 21.3736 75.2997 4
      vertex 21.3736 73.4809 4
    endloop
  endfacet
  facet normal -0 0 1
    outer loop
      vertex 13.6808 71.2041 4
      vertex 16.7197 71 4
      vertex 13.8611 71.3189 4
    endloop
  endfacet
  facet normal -0 0 1
    outer loop
      vertex 13.4744 71.1148 4
      vertex 16.7197 71 4
      vertex 13.6808 71.2041 4
    endloop
  endfacet
  facet normal -0 0 1
    outer loop
      vertex 13.2419 71.051 4
      vertex 16.7197 71 4
      vertex 13.4744 71.1148 4
    endloop
  endfacet
  facet normal 0 0 1
    outer loop
      vertex 16.7197 71 4
      vertex 13.2419 71.051 4
      vertex 17.7039 56.5433 4
    endloop
  endfacet
  facet normal -0 0 1
    outer loop
      vertex 12.9832 71.0127 4
      vertex 17.7039 56.5433 4
      vertex 13.2419 71.051 4
    endloop
  endfacet
  facet normal 0 0 1
    outer loop
      vertex 17.7039 56.5433 4
      vertex 12.9832 71.0127 4
      vertex 16.6666 55.9888 4
    endloop
  endfacet
  facet normal -0 0 1
    outer loop
      vertex 10.953 71 4
      vertex 16.6666 55.9888 4
      vertex 12.6984 71 4
    endloop
  endfacet
  facet normal -0 0 1
    outer loop
      vertex 12.6984 71 4
      vertex 16.6666 55.9888 4
      vertex 12.9832 71.0127 4
    endloop
  endfacet
  facet normal 0 0 1
    outer loop
      vertex 16.7197 75.2997 4
      vertex 13.9948 73.9704 4
      vertex 14.1792 72.6745 4
    endloop
  endfacet
  facet normal 0 0 1
    outer loop
      vertex 14.1792 72.6745 4
      vertex 13.9948 73.9704 4
      vertex 14.1014 72.8051 4
    endloop
  endfacet
  facet normal -0 0 1
    outer loop
      vertex 13.952 73.8422 4
      vertex 14.1014 72.8051 4
      vertex 13.9948 73.9704 4
    endloop
  endfacet
  facet normal 0 0 1
    outer loop
      vertex 14.1014 72.8051 4
      vertex 13.952 73.8422 4
      vertex 14.0014 72.924 4
    endloop
  endfacet
  facet normal -0 0 1
    outer loop
      vertex 13.8922 73.7238 4
      vertex 14.0014 72.924 4
      vertex 13.952 73.8422 4
    endloop
  endfacet
  facet normal 0 0 1
    outer loop
      vertex 13.8922 73.7238 4
      vertex 13.881 73.028 4
      vertex 14.0014 72.924 4
    endloop
  endfacet
  facet normal -0 0 1
    outer loop
      vertex 13.8153 73.6152 4
      vertex 13.881 73.028 4
      vertex 13.8922 73.7238 4
    endloop
  endfacet
  facet normal -0 0 1
    outer loop
      vertex 13.7228 73.5182 4
      vertex 13.881 73.028 4
      vertex 13.8153 73.6152 4
    endloop
  endfacet
  facet normal 0 0 1
    outer loop
      vertex 13.881 73.028 4
      vertex 13.7228 73.5182 4
      vertex 13.7417 73.1144 4
    endloop
  endfacet
  facet normal -0 0 1
    outer loop
      vertex 13.6161 73.435 4
      vertex 13.7417 73.1144 4
      vertex 13.7228 73.5182 4
    endloop
  endfacet
  facet normal 0 0 1
    outer loop
      vertex 13.6161 73.435 4
      vertex 13.5836 73.1831 4
      vertex 13.7417 73.1144 4
    endloop
  endfacet
  facet normal -0 0 1
    outer loop
      vertex 13.4953 73.3654 4
      vertex 13.5836 73.1831 4
      vertex 13.6161 73.435 4
    endloop
  endfacet
  facet normal 0 0 1
    outer loop
      vertex 13.4953 73.3654 4
      vertex 13.4068 73.234 4
      vertex 13.5836 73.1831 4
    endloop
  endfacet
  facet normal -0 0 1
    outer loop
      vertex 13.3603 73.3095 4
      vertex 13.4068 73.234 4
      vertex 13.4953 73.3654 4
    endloop
  endfacet
  facet normal 0 0 1
    outer loop
      vertex 13.4068 73.234 4
      vertex 13.3603 73.3095 4
      vertex 13.2111 73.2673 4
    endloop
  endfacet
  facet normal 0 0 1
    outer loop
      vertex 23.6989 72.9927 4
      vertex 21.3736 72.9927 4
      vertex 23.6989 71 4
    endloop
  endfacet
  facet normal 0 0 1
    outer loop
      vertex 180 80 4
      vertex 152 51 4
      vertex 180 0 4
    endloop
  endfacet
  facet normal 0 0 1
    outer loop
      vertex 180 80 4
      vertex 151.885 52.1705 4
      vertex 152 51 4
    endloop
  endfacet
  facet normal 0 0 1
    outer loop
      vertex 180 80 4
      vertex 151.543 53.2961 4
      vertex 151.885 52.1705 4
    endloop
  endfacet
  facet normal 0 0 1
    outer loop
      vertex 180 80 4
      vertex 150.989 54.3334 4
      vertex 151.543 53.2961 4
    endloop
  endfacet
  facet normal 0 0 1
    outer loop
      vertex 180 80 4
      vertex 150.243 55.2426 4
      vertex 150.989 54.3334 4
    endloop
  endfacet
  facet normal 0 0 1
    outer loop
      vertex 180 80 4
      vertex 149.333 55.9888 4
      vertex 150.243 55.2426 4
    endloop
  endfacet
  facet normal 0 0 1
    outer loop
      vertex 180 80 4
      vertex 148.296 56.5433 4
      vertex 149.333 55.9888 4
    endloop
  endfacet
  facet normal 0 0 1
    outer loop
      vertex 180 80 4
      vertex 147.171 56.8847 4
      vertex 148.296 56.5433 4
    endloop
  endfacet
  facet normal 0 0 1
    outer loop
      vertex 180 80 4
      vertex 146 57 4
      vertex 147.171 56.8847 4
    endloop
  endfacet
  facet normal 0 0 1
    outer loop
      vertex 180 80 4
      vertex 24.2817 75.2997 4
      vertex 146 57 4
    endloop
  endfacet
  facet normal -0 0 1
    outer loop
      vertex 0 80 4
      vertex 24.2817 75.2997 4
      vertex 180 80 4
    endloop
  endfacet
  facet normal 0 0 1
    outer loop
      vertex 23.6989 75.2997 4
      vertex 21.3736 75.2997 4
      vertex 23.6989 73.4809 4
    endloop
  endfacet
  facet normal 0 0 1
    outer loop
      vertex 24.2817 75.2997 4
      vertex 0 80 4
      vertex 23.6989 75.2997 4
    endloop
  endfacet
  facet normal 0 0 1
    outer loop
      vertex 23.6989 75.2997 4
      vertex 0 80 4
      vertex 21.3736 75.2997 4
    endloop
  endfacet
  facet normal 0 0 1
    outer loop
      vertex 20.03 73.7717 4
      vertex 20.7907 75.2997 4
      vertex 20.0459 74.0058 4
    endloop
  endfacet
  facet normal 0 0 1
    outer loop
      vertex 20.7907 75.2997 4
      vertex 20.03 74.2412 4
      vertex 20.0459 74.0058 4
    endloop
  endfacet
  facet normal 0 0 1
    outer loop
      vertex 20.7907 75.2997 4
      vertex 19.9824 74.4545 4
      vertex 20.03 74.2412 4
    endloop
  endfacet
  facet normal 0 0 1
    outer loop
      vertex 20.7907 75.2997 4
      vertex 19.9031 74.6455 4
      vertex 19.9824 74.4545 4
    endloop
  endfacet
  facet normal 0 0 1
    outer loop
      vertex 20.7907 75.2997 4
      vertex 19.792 74.8143 4
      vertex 19.9031 74.6455 4
    endloop
  endfacet
  facet normal 0 0 1
    outer loop
      vertex 20.7907 75.2997 4
      vertex 19.6492 74.9609 4
      vertex 19.792 74.8143 4
    endloop
  endfacet
  facet normal 0 0 1
    outer loop
      vertex 20.7907 75.2997 4
      vertex 19.4774 75.0828 4
      vertex 19.6492 74.9609 4
    endloop
  endfacet
  facet normal 0 0 1
    outer loop
      vertex 20.7907 75.2997 4
      vertex 19.2796 75.1777 4
      vertex 19.4774 75.0828 4
    endloop
  endfacet
  facet normal 0 0 1
    outer loop
      vertex 20.7907 75.2997 4
      vertex 19.0556 75.2455 4
      vertex 19.2796 75.1777 4
    endloop
  endfacet
  facet normal 0 0 1
    outer loop
      vertex 20.7907 75.2997 4
      vertex 18.8055 75.2861 4
      vertex 19.0556 75.2455 4
    endloop
  endfacet
  facet normal 0 0 1
    outer loop
      vertex 21.3736 75.2997 4
      vertex 0 80 4
      vertex 20.7907 75.2997 4
    endloop
  endfacet
  facet normal 0 -0 1
    outer loop
      vertex 18.5293 75.2997 4
      vertex 20.7907 75.2997 4
      vertex 0 80 4
    endloop
  endfacet
  facet normal 0 0 1
    outer loop
      vertex 20.7907 75.2997 4
      vertex 18.5293 75.2997 4
      vertex 18.8055 75.2861 4
    endloop
  endfacet
  facet normal -0 0 1
    outer loop
      vertex 14.2347 72.532 4
      vertex 16.7197 71 4
      vertex 16.7197 75.2997 4
    endloop
  endfacet
  facet normal -0 0 1
    outer loop
      vertex 14.2624 71.9922 4
      vertex 16.7197 71 4
      vertex 14.2791 72.2115 4
    endloop
  endfacet
  facet normal -0 0 1
    outer loop
      vertex 14.2122 71.7933 4
      vertex 16.7197 71 4
      vertex 14.2624 71.9922 4
    endloop
  endfacet
  facet normal -0 0 1
    outer loop
      vertex 14.1286 71.6148 4
      vertex 16.7197 71 4
      vertex 14.2122 71.7933 4
    endloop
  endfacet
  facet normal -0 0 1
    outer loop
      vertex 13.8611 71.3189 4
      vertex 16.7197 71 4
      vertex 14.0116 71.4566 4
    endloop
  endfacet
  facet normal 0 0 1
    outer loop
      vertex 16.7197 71 4
      vertex 14.268 72.3777 4
      vertex 14.2791 72.2115 4
    endloop
  endfacet
  facet normal 0 0 1
    outer loop
      vertex 16.7197 71 4
      vertex 14.2347 72.532 4
      vertex 14.268 72.3777 4
    endloop
  endfacet
  facet normal 0 0 1
    outer loop
      vertex 16.7197 75.2997 4
      vertex 14.1792 72.6745 4
      vertex 14.2347 72.532 4
    endloop
  endfacet
  facet normal 0 0 1
    outer loop
      vertex 14.0204 74.1083 4
      vertex 16.7197 75.2997 4
      vertex 14.0289 74.256 4
    endloop
  endfacet
  facet normal 0 0 1
    outer loop
      vertex 13.9948 73.9704 4
      vertex 16.7197 75.2997 4
      vertex 14.0204 74.1083 4
    endloop
  endfacet
  facet normal 0 0 1
    outer loop
      vertex 16.7197 75.2997 4
      vertex 13.9684 74.6317 4
      vertex 14.0289 74.256 4
    endloop
  endfacet
  facet normal 0 0 1
    outer loop
      vertex 16.7197 75.2997 4
      vertex 13.7868 74.9239 4
      vertex 13.9684 74.6317 4
    endloop
  endfacet
  facet normal 0 0 1
    outer loop
      vertex 16.7197 75.2997 4
      vertex 13.484 75.1327 4
      vertex 13.7868 74.9239 4
    endloop
  endfacet
  facet normal 0 0 1
    outer loop
      vertex 16.7197 75.2997 4
      vertex 13.0602 75.2579 4
      vertex 13.484 75.1327 4
    endloop
  endfacet
  facet normal 0 0 1
    outer loop
      vertex 18.5293 75.2997 4
      vertex 0 80 4
      vertex 16.7197 75.2997 4
    endloop
  endfacet
  facet normal 0 0 1
    outer loop
      vertex 16.7197 75.2997 4
      vertex 0 80 4
      vertex 13.0602 75.2579 4
    endloop
  endfacet
  facet normal 0 0 1
    outer loop
      vertex 13.0602 75.2579 4
      vertex 0 80 4
      vertex 12.5154 75.2997 4
    endloop
  endfacet
  facet normal 0 0 1
    outer loop
      vertex 10.953 75.2997 4
      vertex 10.2112 72.9042 4
      vertex 10.953 71 4
    endloop
  endfacet
  facet normal -0 0 1
    outer loop
      vertex 8.23557 74.2987 4
      vertex 10.2112 72.9042 4
      vertex 10.953 75.2997 4
    endloop
  endfacet
  facet normal 0 0 1
    outer loop
      vertex 7.79921 72.3121 4
      vertex 8.68544 72.4159 4
      vertex 8.68544 72.9042 4
    endloop
  endfacet
  facet normal -0 0 1
    outer loop
      vertex 7.68324 74.1157 4
      vertex 8.68544 72.9042 4
      vertex 8.23557 74.2987 4
    endloop
  endfacet
  facet normal 0 0 1
    outer loop
      vertex 10.2112 72.9042 4
      vertex 8.23557 74.2987 4
      vertex 8.68544 72.9042 4
    endloop
  endfacet
  facet normal 0 0 1
    outer loop
      vertex 10.953 75.2997 4
      vertex 8.13914 74.4995 4
      vertex 8.23557 74.2987 4
    endloop
  endfacet
  facet normal 0 0 1
    outer loop
      vertex 10.953 75.2997 4
      vertex 8.02318 74.6796 4
      vertex 8.13914 74.4995 4
    endloop
  endfacet
  facet normal 0 0 1
    outer loop
      vertex 10.953 75.2997 4
      vertex 7.88768 74.8389 4
      vertex 8.02318 74.6796 4
    endloop
  endfacet
  facet normal 0 0 1
    outer loop
      vertex 10.953 75.2997 4
      vertex 7.73265 74.9774 4
      vertex 7.88768 74.8389 4
    endloop
  endfacet
  facet normal 0 0 1
    outer loop
      vertex 10.953 75.2997 4
      vertex 7.55809 75.0952 4
      vertex 7.73265 74.9774 4
    endloop
  endfacet
  facet normal 0 0 1
    outer loop
      vertex 10.953 75.2997 4
      vertex 7.36476 75.1918 4
      vertex 7.55809 75.0952 4
    endloop
  endfacet
  facet normal 0 0 1
    outer loop
      vertex 10.953 75.2997 4
      vertex 7.15335 75.267 4
      vertex 7.36476 75.1918 4
    endloop
  endfacet
  facet normal 0 0 1
    outer loop
      vertex 12.5154 75.2997 4
      vertex 0 80 4
      vertex 10.953 75.2997 4
    endloop
  endfacet
  facet normal -0 -0 1
    outer loop
      vertex 6.92389 75.3208 4
      vertex 10.953 75.2997 4
      vertex 0 80 4
    endloop
  endfacet
  facet normal 0 0 1
    outer loop
      vertex 10.953 75.2997 4
      vertex 6.92389 75.3208 4
      vertex 7.15335 75.267 4
    endloop
  endfacet
  facet normal 0 0 1
    outer loop
      vertex 6.92389 75.3208 4
      vertex 0 80 4
      vertex 6.67635 75.353 4
    endloop
  endfacet
  facet normal 0 0 1
    outer loop
      vertex 4.33958 73.5632 4
      vertex 0 80 4
      vertex 4.31738 73.1697 4
    endloop
  endfacet
  facet normal 0 0 1
    outer loop
      vertex 4.40623 73.9211 4
      vertex 0 80 4
      vertex 4.33958 73.5632 4
    endloop
  endfacet
  facet normal 0 0 1
    outer loop
      vertex 4.5173 74.2433 4
      vertex 0 80 4
      vertex 4.40623 73.9211 4
    endloop
  endfacet
  facet normal 0 0 1
    outer loop
      vertex 4.67281 74.5299 4
      vertex 0 80 4
      vertex 4.5173 74.2433 4
    endloop
  endfacet
  facet normal 0 0 1
    outer loop
      vertex 4.87273 74.7809 4
      vertex 0 80 4
      vertex 4.67281 74.5299 4
    endloop
  endfacet
  facet normal 0 0 1
    outer loop
      vertex 5.11197 74.9907 4
      vertex 0 80 4
      vertex 4.87273 74.7809 4
    endloop
  endfacet
  facet normal 0 0 1
    outer loop
      vertex 5.38539 75.1539 4
      vertex 0 80 4
      vertex 5.11197 74.9907 4
    endloop
  endfacet
  facet normal 0 0 1
    outer loop
      vertex 5.69299 75.2705 4
      vertex 0 80 4
      vertex 5.38539 75.1539 4
    endloop
  endfacet
  facet normal 0 0 1
    outer loop
      vertex 6.03477 75.3404 4
      vertex 0 80 4
      vertex 5.69299 75.2705 4
    endloop
  endfacet
  facet normal 0 0 1
    outer loop
      vertex 6.41074 75.3637 4
      vertex 0 80 4
      vertex 6.03477 75.3404 4
    endloop
  endfacet
  facet normal 0 0 1
    outer loop
      vertex 6.67635 75.353 4
      vertex 0 80 4
      vertex 6.41074 75.3637 4
    endloop
  endfacet
  facet normal -0 0 1
    outer loop
      vertex 152 15 4
      vertex 180 0 4
      vertex 152 51 4
    endloop
  endfacet
  facet normal -0 0 1
    outer loop
      vertex 151.885 13.8295 4
      vertex 180 0 4
      vertex 152 15 4
    endloop
  endfacet
  facet normal -0 0 1
    outer loop
      vertex 151.543 12.7039 4
      vertex 180 0 4
      vertex 151.885 13.8295 4
    endloop
  endfacet
  facet normal -0 0 1
    outer loop
      vertex 150.989 11.6666 4
      vertex 180 0 4
      vertex 151.543 12.7039 4
    endloop
  endfacet
  facet normal -0 0 1
    outer loop
      vertex 150.243 10.7574 4
      vertex 180 0 4
      vertex 150.989 11.6666 4
    endloop
  endfacet
  facet normal -0 0 1
    outer loop
      vertex 149.333 10.0112 4
      vertex 180 0 4
      vertex 150.243 10.7574 4
    endloop
  endfacet
  facet normal -0 0 1
    outer loop
      vertex 148.296 9.45673 4
      vertex 180 0 4
      vertex 149.333 10.0112 4
    endloop
  endfacet
  facet normal -0 0 1
    outer loop
      vertex 147.171 9.1153 4
      vertex 180 0 4
      vertex 148.296 9.45673 4
    endloop
  endfacet
  facet normal -0 0 1
    outer loop
      vertex 146 9 4
      vertex 180 0 4
      vertex 147.171 9.1153 4
    endloop
  endfacet
  facet normal 0 0 1
    outer loop
      vertex 0 0 4
      vertex 146 9 4
      vertex 20 9 4
    endloop
  endfacet
  facet normal 0 0 1
    outer loop
      vertex 16.6666 55.9888 4
      vertex 10.953 71 4
      vertex 15.7574 55.2426 4
    endloop
  endfacet
  facet normal -0 0 1
    outer loop
      vertex 6.89691 70.9854 4
      vertex 15.7574 55.2426 4
      vertex 10.953 71 4
    endloop
  endfacet
  facet normal -0 0 1
    outer loop
      vertex 6.66151 70.9506 4
      vertex 15.7574 55.2426 4
      vertex 6.89691 70.9854 4
    endloop
  endfacet
  facet normal 0 0 1
    outer loop
      vertex 15.7574 55.2426 4
      vertex 6.66151 70.9506 4
      vertex 15.0112 54.3334 4
    endloop
  endfacet
  facet normal -0 0 1
    outer loop
      vertex 6.41379 70.939 4
      vertex 15.0112 54.3334 4
      vertex 6.66151 70.9506 4
    endloop
  endfacet
  facet normal 0 0 1
    outer loop
      vertex 6.16081 70.9498 4
      vertex 15.0112 54.3334 4
      vertex 6.41379 70.939 4
    endloop
  endfacet
  facet normal -0 0 1
    outer loop
      vertex 10.2112 72.4159 4
      vertex 10.953 71 4
      vertex 10.2112 72.9042 4
    endloop
  endfacet
  facet normal -0 0 1
    outer loop
      vertex 8.16043 71.8626 4
      vertex 10.953 71 4
      vertex 10.2112 72.4159 4
    endloop
  endfacet
  facet normal 0 0 1
    outer loop
      vertex 8.16043 71.8626 4
      vertex 10.2112 72.4159 4
      vertex 8.68544 72.4159 4
    endloop
  endfacet
  facet normal 0 0 1
    outer loop
      vertex 8.16043 71.8626 4
      vertex 8.68544 72.4159 4
      vertex 8.27522 72.0741 4
    endloop
  endfacet
  facet normal 0 0 1
    outer loop
      vertex 10.953 71 4
      vertex 8.16043 71.8626 4
      vertex 8.02843 71.6723 4
    endloop
  endfacet
  facet normal 0 0 1
    outer loop
      vertex 10.953 71 4
      vertex 8.02843 71.6723 4
      vertex 7.8792 71.5033 4
    endloop
  endfacet
  facet normal 0 0 1
    outer loop
      vertex 10.953 71 4
      vertex 7.8792 71.5033 4
      vertex 7.71277 71.3554 4
    endloop
  endfacet
  facet normal 0 0 1
    outer loop
      vertex 10.953 71 4
      vertex 7.71277 71.3554 4
      vertex 7.52911 71.2289 4
    endloop
  endfacet
  facet normal 0 0 1
    outer loop
      vertex 10.953 71 4
      vertex 7.52911 71.2289 4
      vertex 7.33072 71.1245 4
    endloop
  endfacet
  facet normal -0 0 1
    outer loop
      vertex 7.11998 71.0433 4
      vertex 10.953 71 4
      vertex 7.33072 71.1245 4
    endloop
  endfacet
  facet normal 0 0 1
    outer loop
      vertex 6.89691 70.9854 4
      vertex 10.953 71 4
      vertex 7.11998 71.0433 4
    endloop
  endfacet
  facet normal 0 0 1
    outer loop
      vertex 15.0112 54.3334 4
      vertex 6.16081 70.9498 4
      vertex 14.4567 53.2961 4
    endloop
  endfacet
  facet normal 0 0 1
    outer loop
      vertex 5.92188 70.9822 4
      vertex 14.4567 53.2961 4
      vertex 6.16081 70.9498 4
    endloop
  endfacet
  facet normal 0 0 1
    outer loop
      vertex 5.69698 71.0362 4
      vertex 14.4567 53.2961 4
      vertex 5.92188 70.9822 4
    endloop
  endfacet
  facet normal 0 0 1
    outer loop
      vertex 5.48611 71.1118 4
      vertex 14.4567 53.2961 4
      vertex 5.69698 71.0362 4
    endloop
  endfacet
  facet normal 0 0 1
    outer loop
      vertex 14.4567 53.2961 4
      vertex 5.48611 71.1118 4
      vertex 14.1153 52.1705 4
    endloop
  endfacet
  facet normal 0 0 1
    outer loop
      vertex 5.28929 71.209 4
      vertex 14.1153 52.1705 4
      vertex 5.48611 71.1118 4
    endloop
  endfacet
  facet normal 0 0 1
    outer loop
      vertex 5.10851 71.3263 4
      vertex 14.1153 52.1705 4
      vertex 5.28929 71.209 4
    endloop
  endfacet
  facet normal 0 0 1
    outer loop
      vertex 14.1153 52.1705 4
      vertex 5.10851 71.3263 4
      vertex 14 51 4
    endloop
  endfacet
  facet normal 0 0 1
    outer loop
      vertex 4.9458 71.4622 4
      vertex 14 51 4
      vertex 5.10851 71.3263 4
    endloop
  endfacet
  facet normal 0 0 1
    outer loop
      vertex 4.80115 71.6166 4
      vertex 14 51 4
      vertex 4.9458 71.4622 4
    endloop
  endfacet
  facet normal 0 0 1
    outer loop
      vertex 14 51 4
      vertex 0 0 4
      vertex 14 15 4
    endloop
  endfacet
  facet normal 0 0 1
    outer loop
      vertex 14 51 4
      vertex 4.80115 71.6166 4
      vertex 0 0 4
    endloop
  endfacet
  facet normal 0 0 1
    outer loop
      vertex 0 0 4
      vertex 4.80115 71.6166 4
      vertex 4.67456 71.7896 4
    endloop
  endfacet
  facet normal 0 0 1
    outer loop
      vertex 0 0 4
      vertex 4.67456 71.7896 4
      vertex 4.56604 71.9811 4
    endloop
  endfacet
  facet normal 0 0 1
    outer loop
      vertex 0 80 4
      vertex 4.56604 71.9811 4
      vertex 4.47653 72.1893 4
    endloop
  endfacet
  facet normal 0 0 1
    outer loop
      vertex 0 80 4
      vertex 4.47653 72.1893 4
      vertex 4.40691 72.4122 4
    endloop
  endfacet
  facet normal 0 0 1
    outer loop
      vertex 0 80 4
      vertex 4.40691 72.4122 4
      vertex 4.35716 72.6499 4
    endloop
  endfacet
  facet normal 0 0 1
    outer loop
      vertex 0 80 4
      vertex 4.32733 72.9024 4
      vertex 4.31738 73.1697 4
    endloop
  endfacet
  facet normal 0 0 1
    outer loop
      vertex 0 80 4
      vertex 4.35716 72.6499 4
      vertex 4.32733 72.9024 4
    endloop
  endfacet
  facet normal 0 0 1
    outer loop
      vertex 4.56604 71.9811 4
      vertex 0 80 4
      vertex 0 0 4
    endloop
  endfacet
  facet normal 0 0 1
    outer loop
      vertex 146 9 4
      vertex 0 0 4
      vertex 180 0 4
    endloop
  endfacet
  facet normal 0 0 1
    outer loop
      vertex 18.8295 9.1153 4
      vertex 0 0 4
      vertex 20 9 4
    endloop
  endfacet
  facet normal 0 0 1
    outer loop
      vertex 17.7039 9.45673 4
      vertex 0 0 4
      vertex 18.8295 9.1153 4
    endloop
  endfacet
  facet normal 0 0 1
    outer loop
      vertex 16.6666 10.0112 4
      vertex 0 0 4
      vertex 17.7039 9.45673 4
    endloop
  endfacet
  facet normal 0 0 1
    outer loop
      vertex 15.7574 10.7574 4
      vertex 0 0 4
      vertex 16.6666 10.0112 4
    endloop
  endfacet
  facet normal 0 0 1
    outer loop
      vertex 15.0112 11.6666 4
      vertex 0 0 4
      vertex 15.7574 10.7574 4
    endloop
  endfacet
  facet normal 0 0 1
    outer loop
      vertex 14.4567 12.7039 4
      vertex 0 0 4
      vertex 15.0112 11.6666 4
    endloop
  endfacet
  facet normal 0 0 1
    outer loop
      vertex 14.1153 13.8295 4
      vertex 0 0 4
      vertex 14.4567 12.7039 4
    endloop
  endfacet
  facet normal 0 0 1
    outer loop
      vertex 14 15 4
      vertex 0 0 4
      vertex 14.1153 13.8295 4
    endloop
  endfacet
  facet normal -0 0 1
    outer loop
      vertex 24.2817 71 4
      vertex 146 57 4
      vertex 24.2817 75.2997 4
    endloop
  endfacet
  facet normal 0 0 1
    outer loop
      vertex 20 57 4
      vertex 24.2817 71 4
      vertex 23.6989 71 4
    endloop
  endfacet
  facet normal 0 0 1
    outer loop
      vertex 21.3736 71 4
      vertex 23.6989 71 4
      vertex 21.3736 72.9927 4
    endloop
  endfacet
  facet normal 0 0 1
    outer loop
      vertex 20 57 4
      vertex 23.6989 71 4
      vertex 21.3736 71 4
    endloop
  endfacet
  facet normal 0 0 1
    outer loop
      vertex 20 57 4
      vertex 21.3736 71 4
      vertex 20.7907 71 4
    endloop
  endfacet
  facet normal 0 0 1
    outer loop
      vertex 20.7907 75.2997 4
      vertex 20.03 73.7717 4
      vertex 20.7907 71 4
    endloop
  endfacet
  facet normal 0 0 1
    outer loop
      vertex 24.2817 71 4
      vertex 20 57 4
      vertex 146 57 4
    endloop
  endfacet
  facet normal -0 0 1
    outer loop
      vertex 19.9822 73.5576 4
      vertex 20.7907 71 4
      vertex 20.03 73.7717 4
    endloop
  endfacet
  facet normal -0 0 1
    outer loop
      vertex 19.9025 73.3635 4
      vertex 20.7907 71 4
      vertex 19.9822 73.5576 4
    endloop
  endfacet
  facet normal -0 0 1
    outer loop
      vertex 19.791 73.1894 4
      vertex 20.7907 71 4
      vertex 19.9025 73.3635 4
    endloop
  endfacet
  facet normal -0 0 1
    outer loop
      vertex 19.6476 73.0354 4
      vertex 20.7907 71 4
      vertex 19.791 73.1894 4
    endloop
  endfacet
  facet normal -0 0 1
    outer loop
      vertex 19.4769 72.9058 4
      vertex 20.7907 71 4
      vertex 19.6476 73.0354 4
    endloop
  endfacet
  facet normal -0 0 1
    outer loop
      vertex 19.2834 72.8049 4
      vertex 20.7907 71 4
      vertex 19.4769 72.9058 4
    endloop
  endfacet
  facet normal -0 0 1
    outer loop
      vertex 19.0671 72.7329 4
      vertex 20.7907 71 4
      vertex 19.2834 72.8049 4
    endloop
  endfacet
  facet normal -0 0 1
    outer loop
      vertex 18.8279 72.6897 4
      vertex 20.7907 71 4
      vertex 19.0671 72.7329 4
    endloop
  endfacet
  facet normal 0 0 1
    outer loop
      vertex 20.7907 71 4
      vertex 17.3026 71 4
      vertex 20 57 4
    endloop
  endfacet
  facet normal 0 0 1
    outer loop
      vertex 20.7907 71 4
      vertex 18.8279 72.6897 4
      vertex 17.3026 71 4
    endloop
  endfacet
  facet normal 0 0 1
    outer loop
      vertex 17.3026 71 4
      vertex 18.8279 72.6897 4
      vertex 18.5659 72.6753 4
    endloop
  endfacet
  facet normal 0 0 1
    outer loop
      vertex 20 57 4
      vertex 17.3026 71 4
      vertex 18.8295 56.8847 4
    endloop
  endfacet
  facet normal 0 0 1
    outer loop
      vertex 17.3026 71 4
      vertex 18.5659 72.6753 4
      vertex 17.3026 72.6753 4
    endloop
  endfacet
  facet normal -0 0 1
    outer loop
      vertex 16.7197 71 4
      vertex 18.8295 56.8847 4
      vertex 17.3026 71 4
    endloop
  endfacet
  facet normal 0 0 1
    outer loop
      vertex 18.8295 56.8847 4
      vertex 16.7197 71 4
      vertex 17.7039 56.5433 4
    endloop
  endfacet
  facet normal -0 0 1
    outer loop
      vertex 14.0116 71.4566 4
      vertex 16.7197 71 4
      vertex 14.1286 71.6148 4
    endloop
  endfacet
  facet normal 0 0 1
    outer loop
      vertex 13.2044 71.5383 4
      vertex 13.6804 72.1076 4
      vertex 13.6902 72.2572 4
    endloop
  endfacet
  facet normal 0 0 1
    outer loop
      vertex 13.3057 72.8955 4
      vertex 13.6902 72.2572 4
      vertex 13.6474 72.5308 4
    endloop
  endfacet
  facet normal 0 0 1
    outer loop
      vertex 13.2044 71.5383 4
      vertex 13.6902 72.2572 4
      vertex 13.3057 72.8955 4
    endloop
  endfacet
  facet normal 0 -0 1
    outer loop
      vertex 13.3368 71.5938 4
      vertex 13.6511 71.9736 4
      vertex 13.2044 71.5383 4
    endloop
  endfacet
  facet normal 0 0 1
    outer loop
      vertex 13.3057 72.8955 4
      vertex 13.6474 72.5308 4
      vertex 13.5193 72.7435 4
    endloop
  endfacet
  facet normal 0 0 1
    outer loop
      vertex 13.6804 72.1076 4
      vertex 13.2044 71.5383 4
      vertex 13.6511 71.9736 4
    endloop
  endfacet
  facet normal 0 0 1
    outer loop
      vertex 13.5339 71.7524 4
      vertex 13.3368 71.5938 4
      vertex 13.446 71.6652 4
    endloop
  endfacet
  facet normal 0 0 1
    outer loop
      vertex 13.6023 71.8552 4
      vertex 13.3368 71.5938 4
      vertex 13.5339 71.7524 4
    endloop
  endfacet
  facet normal 0 0 1
    outer loop
      vertex 13.6511 71.9736 4
      vertex 13.3368 71.5938 4
      vertex 13.6023 71.8552 4
    endloop
  endfacet
  facet normal 0 0 1
    outer loop
      vertex 13.3057 72.8955 4
      vertex 13.0487 71.4986 4
      vertex 13.2044 71.5383 4
    endloop
  endfacet
  facet normal 0 0 1
    outer loop
      vertex 13.0066 72.9867 4
      vertex 13.0487 71.4986 4
      vertex 13.3057 72.8955 4
    endloop
  endfacet
  facet normal 0 0 1
    outer loop
      vertex 13.0066 72.9867 4
      vertex 12.8699 71.4748 4
      vertex 13.0487 71.4986 4
    endloop
  endfacet
  facet normal 0 0 1
    outer loop
      vertex 12.6221 73.0171 4
      vertex 12.8699 71.4748 4
      vertex 13.0066 72.9867 4
    endloop
  endfacet
  facet normal 0 0 1
    outer loop
      vertex 12.8699 71.4748 4
      vertex 12.6221 73.0171 4
      vertex 12.6679 71.4669 4
    endloop
  endfacet
  facet normal 0 0 1
    outer loop
      vertex 11.5358 71.4669 4
      vertex 12.6221 73.0171 4
      vertex 11.5358 73.0171 4
    endloop
  endfacet
  facet normal 0 0 1
    outer loop
      vertex 12.6221 73.0171 4
      vertex 11.5358 71.4669 4
      vertex 12.6679 71.4669 4
    endloop
  endfacet
  facet normal 0 0 1
    outer loop
      vertex 13.1012 74.7371 4
      vertex 13.443 74.1858 4
      vertex 13.4335 74.317 4
    endloop
  endfacet
  facet normal 0 0 1
    outer loop
      vertex 13.443 74.1858 4
      vertex 12.9804 74.7789 4
      vertex 13.4338 74.0481 4
    endloop
  endfacet
  facet normal 0 0 1
    outer loop
      vertex 13.1012 74.7371 4
      vertex 13.4335 74.317 4
      vertex 13.4049 74.4324 4
    endloop
  endfacet
  facet normal 0 0 1
    outer loop
      vertex 13.443 74.1858 4
      vertex 13.1012 74.7371 4
      vertex 12.9804 74.7789 4
    endloop
  endfacet
  facet normal 0 0 1
    outer loop
      vertex 13.205 74.6832 4
      vertex 13.4049 74.4324 4
      vertex 13.3573 74.5319 4
    endloop
  endfacet
  facet normal 0 -0 1
    outer loop
      vertex 12.9905 73.5349 4
      vertex 13.4338 74.0481 4
      vertex 12.9804 74.7789 4
    endloop
  endfacet
  facet normal 0 0 1
    outer loop
      vertex 13.205 74.6832 4
      vertex 13.3573 74.5319 4
      vertex 13.2907 74.6155 4
    endloop
  endfacet
  facet normal 0 0 1
    outer loop
      vertex 13.4049 74.4324 4
      vertex 13.205 74.6832 4
      vertex 13.1012 74.7371 4
    endloop
  endfacet
  facet normal 0 -0 1
    outer loop
      vertex 13.111 73.584 4
      vertex 13.4338 74.0481 4
      vertex 12.9905 73.5349 4
    endloop
  endfacet
  facet normal 0 0 1
    outer loop
      vertex 13.4062 73.9253 4
      vertex 13.111 73.584 4
      vertex 13.3601 73.8176 4
    endloop
  endfacet
  facet normal 0 -0 1
    outer loop
      vertex 13.2126 73.6472 4
      vertex 13.3601 73.8176 4
      vertex 13.111 73.584 4
    endloop
  endfacet
  facet normal 0 0 1
    outer loop
      vertex 13.3601 73.8176 4
      vertex 13.2126 73.6472 4
      vertex 13.2956 73.7249 4
    endloop
  endfacet
  facet normal 0 0 1
    outer loop
      vertex 13.4338 74.0481 4
      vertex 13.111 73.584 4
      vertex 13.4062 73.9253 4
    endloop
  endfacet
  facet normal 0 0 1
    outer loop
      vertex 12.8425 74.8089 4
      vertex 12.9905 73.5349 4
      vertex 12.9804 74.7789 4
    endloop
  endfacet
  facet normal 0 0 1
    outer loop
      vertex 12.9905 73.5349 4
      vertex 12.8425 74.8089 4
      vertex 12.851 73.4998 4
    endloop
  endfacet
  facet normal 0 0 1
    outer loop
      vertex 12.8425 74.8089 4
      vertex 12.6926 73.4788 4
      vertex 12.851 73.4998 4
    endloop
  endfacet
  facet normal 0 0 1
    outer loop
      vertex 12.6875 74.8268 4
      vertex 12.6926 73.4788 4
      vertex 12.8425 74.8089 4
    endloop
  endfacet
  facet normal 0 0 1
    outer loop
      vertex 12.5154 74.8328 4
      vertex 12.6926 73.4788 4
      vertex 12.6875 74.8268 4
    endloop
  endfacet
  facet normal 0 0 1
    outer loop
      vertex 12.5154 74.8328 4
      vertex 12.5154 73.4718 4
      vertex 12.6926 73.4788 4
    endloop
  endfacet
  facet normal -0 0 1
    outer loop
      vertex 11.5358 74.8328 4
      vertex 12.5154 73.4718 4
      vertex 12.5154 74.8328 4
    endloop
  endfacet
  facet normal 0 0 1
    outer loop
      vertex 12.5154 73.4718 4
      vertex 11.5358 74.8328 4
      vertex 11.5358 73.4718 4
    endloop
  endfacet
  facet normal 0 0 1
    outer loop
      vertex 18.8194 74.7995 4
      vertex 19.46 73.9997 4
      vertex 19.42 74.2996 4
    endloop
  endfacet
  facet normal 0 -0 1
    outer loop
      vertex 18.835 73.1706 4
      vertex 19.46 73.9997 4
      vertex 18.8194 74.7995 4
    endloop
  endfacet
  facet normal 0 0 1
    outer loop
      vertex 19.0997 74.6995 4
      vertex 19.42 74.2996 4
      vertex 19.2999 74.5329 4
    endloop
  endfacet
  facet normal 0 0 1
    outer loop
      vertex 19.42 74.2996 4
      vertex 19.0997 74.6995 4
      vertex 18.8194 74.7995 4
    endloop
  endfacet
  facet normal 0 0 1
    outer loop
      vertex 19.46 73.9997 4
      vertex 18.835 73.1706 4
      vertex 19.4209 73.6888 4
    endloop
  endfacet
  facet normal 0 0 1
    outer loop
      vertex 19.4209 73.6888 4
      vertex 19.1085 73.2743 4
      vertex 19.3038 73.447 4
    endloop
  endfacet
  facet normal 0 -0 1
    outer loop
      vertex 19.1085 73.2743 4
      vertex 19.4209 73.6888 4
      vertex 18.835 73.1706 4
    endloop
  endfacet
  facet normal 0 0 1
    outer loop
      vertex 18.8194 74.7995 4
      vertex 18.4835 73.1361 4
      vertex 18.835 73.1706 4
    endloop
  endfacet
  facet normal 0 0 1
    outer loop
      vertex 18.4591 74.8328 4
      vertex 18.4835 73.1361 4
      vertex 18.8194 74.7995 4
    endloop
  endfacet
  facet normal 0 0 1
    outer loop
      vertex 17.3026 73.1361 4
      vertex 18.4591 74.8328 4
      vertex 17.3026 74.8328 4
    endloop
  endfacet
  facet normal 0 0 1
    outer loop
      vertex 18.4591 74.8328 4
      vertex 17.3026 73.1361 4
      vertex 18.4835 73.1361 4
    endloop
  endfacet
  facet normal 0 0 -1
    outer loop
      vertex 152 51 0
      vertex 180 0 0
      vertex 152 15 0
    endloop
  endfacet
  facet normal 0 0 -1
    outer loop
      vertex 180 0 0
      vertex 151.885 13.8295 0
      vertex 152 15 0
    endloop
  endfacet
  facet normal 0 0 -1
    outer loop
      vertex 180 0 0
      vertex 151.543 12.7039 0
      vertex 151.885 13.8295 0
    endloop
  endfacet
  facet normal 0 0 -1
    outer loop
      vertex 180 0 0
      vertex 150.989 11.6666 0
      vertex 151.543 12.7039 0
    endloop
  endfacet
  facet normal 0 0 -1
    outer loop
      vertex 180 0 0
      vertex 150.243 10.7574 0
      vertex 150.989 11.6666 0
    endloop
  endfacet
  facet normal 0 0 -1
    outer loop
      vertex 180 0 0
      vertex 149.333 10.0112 0
      vertex 150.243 10.7574 0
    endloop
  endfacet
  facet normal 0 0 -1
    outer loop
      vertex 180 0 0
      vertex 148.296 9.45673 0
      vertex 149.333 10.0112 0
    endloop
  endfacet
  facet normal 0 0 -1
    outer loop
      vertex 180 0 0
      vertex 147.171 9.1153 0
      vertex 148.296 9.45673 0
    endloop
  endfacet
  facet normal 0 0 -1
    outer loop
      vertex 180 0 0
      vertex 146 9 0
      vertex 147.171 9.1153 0
    endloop
  endfacet
  facet normal 0 0 -1
    outer loop
      vertex 0 0 0
      vertex 146 9 0
      vertex 180 0 0
    endloop
  endfacet
  facet normal -0 0 -1
    outer loop
      vertex 14 15 0
      vertex 0 0 0
      vertex 14 51 0
    endloop
  endfacet
  facet normal -0 0 -1
    outer loop
      vertex 14.1153 13.8295 0
      vertex 0 0 0
      vertex 14 15 0
    endloop
  endfacet
  facet normal -0 0 -1
    outer loop
      vertex 14.4567 12.7039 0
      vertex 0 0 0
      vertex 14.1153 13.8295 0
    endloop
  endfacet
  facet normal -0 0 -1
    outer loop
      vertex 15.0112 11.6666 0
      vertex 0 0 0
      vertex 14.4567 12.7039 0
    endloop
  endfacet
  facet normal -0 0 -1
    outer loop
      vertex 15.7574 10.7574 0
      vertex 0 0 0
      vertex 15.0112 11.6666 0
    endloop
  endfacet
  facet normal -0 0 -1
    outer loop
      vertex 16.6666 10.0112 0
      vertex 0 0 0
      vertex 15.7574 10.7574 0
    endloop
  endfacet
  facet normal -0 0 -1
    outer loop
      vertex 17.7039 9.45673 0
      vertex 0 0 0
      vertex 16.6666 10.0112 0
    endloop
  endfacet
  facet normal -0 0 -1
    outer loop
      vertex 18.8295 9.1153 0
      vertex 0 0 0
      vertex 17.7039 9.45673 0
    endloop
  endfacet
  facet normal -0 0 -1
    outer loop
      vertex 20 9 0
      vertex 0 0 0
      vertex 18.8295 9.1153 0
    endloop
  endfacet
  facet normal -0 0 -1
    outer loop
      vertex 146 9 0
      vertex 0 0 0
      vertex 20 9 0
    endloop
  endfacet
  facet normal 0 0 -1
    outer loop
      vertex 180 0 0
      vertex 152 51 0
      vertex 180 80 0
    endloop
  endfacet
  facet normal 0 0 -1
    outer loop
      vertex 151.885 52.1705 0
      vertex 180 80 0
      vertex 152 51 0
    endloop
  endfacet
  facet normal 0 0 -1
    outer loop
      vertex 151.543 53.2961 0
      vertex 180 80 0
      vertex 151.885 52.1705 0
    endloop
  endfacet
  facet normal 0 0 -1
    outer loop
      vertex 150.989 54.3334 0
      vertex 180 80 0
      vertex 151.543 53.2961 0
    endloop
  endfacet
  facet normal 0 0 -1
    outer loop
      vertex 150.243 55.2426 0
      vertex 180 80 0
      vertex 150.989 54.3334 0
    endloop
  endfacet
  facet normal 0 0 -1
    outer loop
      vertex 149.333 55.9888 0
      vertex 180 80 0
      vertex 150.243 55.2426 0
    endloop
  endfacet
  facet normal 0 0 -1
    outer loop
      vertex 148.296 56.5433 0
      vertex 180 80 0
      vertex 149.333 55.9888 0
    endloop
  endfacet
  facet normal 0 0 -1
    outer loop
      vertex 147.171 56.8847 0
      vertex 180 80 0
      vertex 148.296 56.5433 0
    endloop
  endfacet
  facet normal 0 0 -1
    outer loop
      vertex 146 57 0
      vertex 180 80 0
      vertex 147.171 56.8847 0
    endloop
  endfacet
  facet normal 0 0 -1
    outer loop
      vertex 0 80 0
      vertex 146 57 0
      vertex 20 57 0
    endloop
  endfacet
  facet normal 0 0 -1
    outer loop
      vertex 0 80 0
      vertex 20 57 0
      vertex 18.8295 56.8847 0
    endloop
  endfacet
  facet normal 0 0 -1
    outer loop
      vertex 0 80 0
      vertex 14 51 0
      vertex 0 0 0
    endloop
  endfacet
  facet normal 0 0 -1
    outer loop
      vertex 146 57 0
      vertex 0 80 0
      vertex 180 80 0
    endloop
  endfacet
  facet normal 0 0 -1
    outer loop
      vertex 17.7039 56.5433 0
      vertex 0 80 0
      vertex 18.8295 56.8847 0
    endloop
  endfacet
  facet normal 0 0 -1
    outer loop
      vertex 16.6666 55.9888 0
      vertex 0 80 0
      vertex 17.7039 56.5433 0
    endloop
  endfacet
  facet normal 0 0 -1
    outer loop
      vertex 15.7574 55.2426 0
      vertex 0 80 0
      vertex 16.6666 55.9888 0
    endloop
  endfacet
  facet normal 0 0 -1
    outer loop
      vertex 15.0112 54.3334 0
      vertex 0 80 0
      vertex 15.7574 55.2426 0
    endloop
  endfacet
  facet normal 0 0 -1
    outer loop
      vertex 14.4567 53.2961 0
      vertex 0 80 0
      vertex 15.0112 54.3334 0
    endloop
  endfacet
  facet normal 0 0 -1
    outer loop
      vertex 14.1153 52.1705 0
      vertex 0 80 0
      vertex 14.4567 53.2961 0
    endloop
  endfacet
  facet normal 0 0 -1
    outer loop
      vertex 14 51 0
      vertex 0 80 0
      vertex 14.1153 52.1705 0
    endloop
  endfacet
  facet normal -1 0 0
    outer loop
      vertex 0 0 0
      vertex 0 80 4
      vertex 0 80 0
    endloop
  endfacet
  facet normal -1 -0 0
    outer loop
      vertex 0 80 4
      vertex 0 0 0
      vertex 0 0 4
    endloop
  endfacet
  facet normal 0 1 -0
    outer loop
      vertex 180 80 0
      vertex 0 80 4
      vertex 180 80 4
    endloop
  endfacet
  facet normal 0 1 0
    outer loop
      vertex 0 80 4
      vertex 180 80 0
      vertex 0 80 0
    endloop
  endfacet
  facet normal 0 -1 0
    outer loop
      vertex 0 0 0
      vertex 180 0 4
      vertex 0 0 4
    endloop
  endfacet
  facet normal 0 -1 -0
    outer loop
      vertex 180 0 4
      vertex 0 0 0
      vertex 180 0 0
    endloop
  endfacet
  facet normal -0.471517 0.881857 0
    outer loop
      vertex 149.333 10.0112 0
      vertex 148.296 9.45673 4
      vertex 149.333 10.0112 4
    endloop
  endfacet
  facet normal -0.471517 0.881857 0
    outer loop
      vertex 148.296 9.45673 4
      vertex 149.333 10.0112 0
      vertex 148.296 9.45673 0
    endloop
  endfacet
  facet normal 0.471431 -0.881903 0
    outer loop
      vertex 16.6666 55.9888 0
      vertex 17.7039 56.5433 4
      vertex 16.6666 55.9888 4
    endloop
  endfacet
  facet normal 0.471431 -0.881903 0
    outer loop
      vertex 17.7039 56.5433 4
      vertex 16.6666 55.9888 0
      vertex 17.7039 56.5433 0
    endloop
  endfacet
  facet normal 0.634413 -0.772994 0
    outer loop
      vertex 15.7574 55.2426 0
      vertex 16.6666 55.9888 4
      vertex 15.7574 55.2426 4
    endloop
  endfacet
  facet normal 0.634413 -0.772994 0
    outer loop
      vertex 16.6666 55.9888 4
      vertex 15.7574 55.2426 0
      vertex 16.6666 55.9888 0
    endloop
  endfacet
  facet normal -0.63408 0.773268 0
    outer loop
      vertex 150.243 10.7574 0
      vertex 149.333 10.0112 4
      vertex 150.243 10.7574 4
    endloop
  endfacet
  facet normal -0.63408 0.773268 0
    outer loop
      vertex 149.333 10.0112 4
      vertex 150.243 10.7574 0
      vertex 149.333 10.0112 0
    endloop
  endfacet
  facet normal 0.881903 -0.471431 0
    outer loop
      vertex 14.4567 53.2961 4
      vertex 15.0112 54.3334 0
      vertex 15.0112 54.3334 4
    endloop
  endfacet
  facet normal 0.881903 -0.471431 0
    outer loop
      vertex 15.0112 54.3334 0
      vertex 14.4567 53.2961 4
      vertex 14.4567 53.2961 0
    endloop
  endfacet
  facet normal 0.881903 0.471431 0
    outer loop
      vertex 15.0112 11.6666 4
      vertex 14.4567 12.7039 0
      vertex 14.4567 12.7039 4
    endloop
  endfacet
  facet normal 0.881903 0.471431 0
    outer loop
      vertex 14.4567 12.7039 0
      vertex 15.0112 11.6666 4
      vertex 15.0112 11.6666 0
    endloop
  endfacet
  facet normal -0.290413 0.956901 0
    outer loop
      vertex 148.296 9.45673 0
      vertex 147.171 9.1153 4
      vertex 148.296 9.45673 4
    endloop
  endfacet
  facet normal -0.290413 0.956901 0
    outer loop
      vertex 147.171 9.1153 4
      vertex 148.296 9.45673 0
      vertex 147.171 9.1153 0
    endloop
  endfacet
  facet normal -0.88208 0.4711 0
    outer loop
      vertex 150.989 11.6666 0
      vertex 151.543 12.7039 4
      vertex 151.543 12.7039 0
    endloop
  endfacet
  facet normal -0.88208 0.4711 0
    outer loop
      vertex 151.543 12.7039 4
      vertex 150.989 11.6666 0
      vertex 150.989 11.6666 4
    endloop
  endfacet
  facet normal -0.097989 0.995187 0
    outer loop
      vertex 147.171 9.1153 0
      vertex 146 9 4
      vertex 147.171 9.1153 4
    endloop
  endfacet
  facet normal -0.097989 0.995187 0
    outer loop
      vertex 146 9 4
      vertex 147.171 9.1153 0
      vertex 146 9 0
    endloop
  endfacet
  facet normal -0.471537 -0.881846 0
    outer loop
      vertex 148.296 56.5433 0
      vertex 149.333 55.9888 4
      vertex 148.296 56.5433 4
    endloop
  endfacet
  facet normal -0.471537 -0.881846 -0
    outer loop
      vertex 149.333 55.9888 4
      vertex 148.296 56.5433 0
      vertex 149.333 55.9888 0
    endloop
  endfacet
  facet normal 0.0980305 0.995183 -0
    outer loop
      vertex 20 9 0
      vertex 18.8295 9.1153 4
      vertex 20 9 4
    endloop
  endfacet
  facet normal 0.0980305 0.995183 0
    outer loop
      vertex 18.8295 9.1153 4
      vertex 20 9 0
      vertex 18.8295 9.1153 0
    endloop
  endfacet
  facet normal 0 1 -0
    outer loop
      vertex 146 9 0
      vertex 20 9 4
      vertex 146 9 4
    endloop
  endfacet
  facet normal 0 1 0
    outer loop
      vertex 20 9 4
      vertex 146 9 0
      vertex 20 9 0
    endloop
  endfacet
  facet normal 0 -1 0
    outer loop
      vertex 20 57 0
      vertex 146 57 4
      vertex 20 57 4
    endloop
  endfacet
  facet normal 0 -1 -0
    outer loop
      vertex 146 57 4
      vertex 20 57 0
      vertex 146 57 0
    endloop
  endfacet
  facet normal 0.772994 -0.634413 0
    outer loop
      vertex 15.0112 54.3334 4
      vertex 15.7574 55.2426 0
      vertex 15.7574 55.2426 4
    endloop
  endfacet
  facet normal 0.772994 -0.634413 0
    outer loop
      vertex 15.7574 55.2426 0
      vertex 15.0112 54.3334 4
      vertex 15.0112 54.3334 0
    endloop
  endfacet
  facet normal -0.773078 -0.634311 0
    outer loop
      vertex 150.989 54.3334 0
      vertex 150.243 55.2426 4
      vertex 150.243 55.2426 0
    endloop
  endfacet
  facet normal -0.773078 -0.634311 0
    outer loop
      vertex 150.243 55.2426 4
      vertex 150.989 54.3334 0
      vertex 150.989 54.3334 4
    endloop
  endfacet
  facet normal 0.0980305 -0.995183 0
    outer loop
      vertex 18.8295 56.8847 0
      vertex 20 57 4
      vertex 18.8295 56.8847 4
    endloop
  endfacet
  facet normal 0.0980305 -0.995183 0
    outer loop
      vertex 20 57 4
      vertex 18.8295 56.8847 0
      vertex 20 57 0
    endloop
  endfacet
  facet normal 1 -0 0
    outer loop
      vertex 14 15 4
      vertex 14 51 0
      vertex 14 51 4
    endloop
  endfacet
  facet normal 1 0 0
    outer loop
      vertex 14 51 0
      vertex 14 15 4
      vertex 14 15 0
    endloop
  endfacet
  facet normal 0.995183 0.0980305 0
    outer loop
      vertex 14.1153 13.8295 4
      vertex 14 15 0
      vertex 14 15 4
    endloop
  endfacet
  facet normal 0.995183 0.0980305 0
    outer loop
      vertex 14 15 0
      vertex 14.1153 13.8295 4
      vertex 14.1153 13.8295 0
    endloop
  endfacet
  facet normal 0.290248 -0.956951 0
    outer loop
      vertex 17.7039 56.5433 0
      vertex 18.8295 56.8847 4
      vertex 17.7039 56.5433 4
    endloop
  endfacet
  facet normal 0.290248 -0.956951 0
    outer loop
      vertex 18.8295 56.8847 4
      vertex 17.7039 56.5433 0
      vertex 18.8295 56.8847 0
    endloop
  endfacet
  facet normal -0.995208 0.0977778 0
    outer loop
      vertex 151.885 13.8295 0
      vertex 152 15 4
      vertex 152 15 0
    endloop
  endfacet
  facet normal -0.995208 0.0977778 0
    outer loop
      vertex 152 15 4
      vertex 151.885 13.8295 0
      vertex 151.885 13.8295 4
    endloop
  endfacet
  facet normal 0.772994 0.634413 0
    outer loop
      vertex 15.7574 10.7574 4
      vertex 15.0112 11.6666 0
      vertex 15.0112 11.6666 4
    endloop
  endfacet
  facet normal 0.772994 0.634413 0
    outer loop
      vertex 15.0112 11.6666 0
      vertex 15.7574 10.7574 4
      vertex 15.7574 10.7574 0
    endloop
  endfacet
  facet normal 0.290271 0.956944 -0
    outer loop
      vertex 18.8295 9.1153 0
      vertex 17.7039 9.45673 4
      vertex 18.8295 9.1153 4
    endloop
  endfacet
  facet normal 0.290271 0.956944 0
    outer loop
      vertex 17.7039 9.45673 4
      vertex 18.8295 9.1153 0
      vertex 17.7039 9.45673 0
    endloop
  endfacet
  facet normal -0.29039 -0.956908 0
    outer loop
      vertex 147.171 56.8847 0
      vertex 148.296 56.5433 4
      vertex 147.171 56.8847 4
    endloop
  endfacet
  facet normal -0.29039 -0.956908 -0
    outer loop
      vertex 148.296 56.5433 4
      vertex 147.171 56.8847 0
      vertex 148.296 56.5433 0
    endloop
  endfacet
  facet normal -1 0 0
    outer loop
      vertex 152 15 0
      vertex 152 51 4
      vertex 152 51 0
    endloop
  endfacet
  facet normal -1 -0 0
    outer loop
      vertex 152 51 4
      vertex 152 15 0
      vertex 152 15 4
    endloop
  endfacet
  facet normal -0.773078 0.634311 0
    outer loop
      vertex 150.243 10.7574 0
      vertex 150.989 11.6666 4
      vertex 150.989 11.6666 0
    endloop
  endfacet
  facet normal -0.773078 0.634311 0
    outer loop
      vertex 150.989 11.6666 4
      vertex 150.243 10.7574 0
      vertex 150.243 10.7574 4
    endloop
  endfacet
  facet normal -0.097989 -0.995187 0
    outer loop
      vertex 146 57 0
      vertex 147.171 56.8847 4
      vertex 146 57 4
    endloop
  endfacet
  facet normal -0.097989 -0.995187 -0
    outer loop
      vertex 147.171 56.8847 4
      vertex 146 57 0
      vertex 147.171 56.8847 0
    endloop
  endfacet
  facet normal 0.995183 -0.0980305 0
    outer loop
      vertex 14 51 4
      vertex 14.1153 52.1705 0
      vertex 14.1153 52.1705 4
    endloop
  endfacet
  facet normal 0.995183 -0.0980305 0
    outer loop
      vertex 14.1153 52.1705 0
      vertex 14 51 4
      vertex 14 51 0
    endloop
  endfacet
  facet normal 0.471411 0.881914 -0
    outer loop
      vertex 17.7039 9.45673 0
      vertex 16.6666 10.0112 4
      vertex 17.7039 9.45673 4
    endloop
  endfacet
  facet normal 0.471411 0.881914 0
    outer loop
      vertex 16.6666 10.0112 4
      vertex 17.7039 9.45673 0
      vertex 16.6666 10.0112 0
    endloop
  endfacet
  facet normal 0.956951 0.290248 0
    outer loop
      vertex 14.4567 12.7039 4
      vertex 14.1153 13.8295 0
      vertex 14.1153 13.8295 4
    endloop
  endfacet
  facet normal 0.956951 0.290248 0
    outer loop
      vertex 14.1153 13.8295 0
      vertex 14.4567 12.7039 4
      vertex 14.4567 12.7039 0
    endloop
  endfacet
  facet normal 0.956951 -0.290248 0
    outer loop
      vertex 14.1153 52.1705 4
      vertex 14.4567 53.2961 0
      vertex 14.4567 53.2961 4
    endloop
  endfacet
  facet normal 0.956951 -0.290248 0
    outer loop
      vertex 14.4567 53.2961 0
      vertex 14.1153 52.1705 4
      vertex 14.1153 52.1705 0
    endloop
  endfacet
  facet normal -0.95681 0.290715 0
    outer loop
      vertex 151.543 12.7039 0
      vertex 151.885 13.8295 4
      vertex 151.885 13.8295 0
    endloop
  endfacet
  facet normal -0.95681 0.290715 0
    outer loop
      vertex 151.885 13.8295 4
      vertex 151.543 12.7039 0
      vertex 151.543 12.7039 4
    endloop
  endfacet
  facet normal -0.88208 -0.4711 0
    outer loop
      vertex 151.543 53.2961 0
      vertex 150.989 54.3334 4
      vertex 150.989 54.3334 0
    endloop
  endfacet
  facet normal -0.88208 -0.4711 0
    outer loop
      vertex 150.989 54.3334 4
      vertex 151.543 53.2961 0
      vertex 151.543 53.2961 4
    endloop
  endfacet
  facet normal -0.63408 -0.773268 0
    outer loop
      vertex 149.333 55.9888 0
      vertex 150.243 55.2426 4
      vertex 149.333 55.9888 4
    endloop
  endfacet
  facet normal -0.63408 -0.773268 -0
    outer loop
      vertex 150.243 55.2426 4
      vertex 149.333 55.9888 0
      vertex 150.243 55.2426 0
    endloop
  endfacet
  facet normal 0.634413 0.772994 -0
    outer loop
      vertex 16.6666 10.0112 0
      vertex 15.7574 10.7574 4
      vertex 16.6666 10.0112 4
    endloop
  endfacet
  facet normal 0.634413 0.772994 0
    outer loop
      vertex 15.7574 10.7574 4
      vertex 16.6666 10.0112 0
      vertex 15.7574 10.7574 0
    endloop
  endfacet
  facet normal -0.95681 -0.290715 0
    outer loop
      vertex 151.885 52.1705 0
      vertex 151.543 53.2961 4
      vertex 151.543 53.2961 0
    endloop
  endfacet
  facet normal -0.95681 -0.290715 0
    outer loop
      vertex 151.543 53.2961 4
      vertex 151.885 52.1705 0
      vertex 151.885 52.1705 4
    endloop
  endfacet
  facet normal -0.995208 -0.0977778 0
    outer loop
      vertex 152 51 0
      vertex 151.885 52.1705 4
      vertex 151.885 52.1705 0
    endloop
  endfacet
  facet normal -0.995208 -0.0977778 0
    outer loop
      vertex 151.885 52.1705 4
      vertex 152 51 0
      vertex 152 51 4
    endloop
  endfacet
  facet normal 0 0 1
    outer loop
      vertex 7.61617 74.2587 4.8
      vertex 8.13914 74.4995 4.8
      vertex 8.02318 74.6796 4.8
    endloop
  endfacet
  facet normal 0 0 1
    outer loop
      vertex 7.53456 74.3876 4.8
      vertex 8.02318 74.6796 4.8
      vertex 7.88768 74.8389 4.8
    endloop
  endfacet
  facet normal 0 0 1
    outer loop
      vertex 7.43843 74.5023 4.8
      vertex 7.88768 74.8389 4.8
      vertex 7.73265 74.9774 4.8
    endloop
  endfacet
  facet normal 0 0 1
    outer loop
      vertex 8.02318 74.6796 4.8
      vertex 7.53456 74.3876 4.8
      vertex 7.61617 74.2587 4.8
    endloop
  endfacet
  facet normal 0 0 1
    outer loop
      vertex 8.13914 74.4995 4.8
      vertex 7.68324 74.1157 4.8
      vertex 8.23557 74.2987 4.8
    endloop
  endfacet
  facet normal 0 0 1
    outer loop
      vertex 7.32777 74.6029 4.8
      vertex 7.73265 74.9774 4.8
      vertex 7.55809 75.0952 4.8
    endloop
  endfacet
  facet normal 0 -0 1
    outer loop
      vertex 7.68324 74.1157 4.8
      vertex 8.13914 74.4995 4.8
      vertex 7.61617 74.2587 4.8
    endloop
  endfacet
  facet normal 0 0 1
    outer loop
      vertex 7.88768 74.8389 4.8
      vertex 7.43843 74.5023 4.8
      vertex 7.53456 74.3876 4.8
    endloop
  endfacet
  facet normal 0 0 1
    outer loop
      vertex 7.20259 74.6893 4.8
      vertex 7.55809 75.0952 4.8
      vertex 7.36476 75.1918 4.8
    endloop
  endfacet
  facet normal 0 0 1
    outer loop
      vertex 7.73265 74.9774 4.8
      vertex 7.32777 74.6029 4.8
      vertex 7.43843 74.5023 4.8
    endloop
  endfacet
  facet normal 0 0 1
    outer loop
      vertex 7.55809 75.0952 4.8
      vertex 7.20259 74.6893 4.8
      vertex 7.32777 74.6029 4.8
    endloop
  endfacet
  facet normal 0 0 1
    outer loop
      vertex 7.06523 74.7607 4.8
      vertex 7.36476 75.1918 4.8
      vertex 7.15335 75.267 4.8
    endloop
  endfacet
  facet normal 0 0 1
    outer loop
      vertex 7.36476 75.1918 4.8
      vertex 7.06523 74.7607 4.8
      vertex 7.20259 74.6893 4.8
    endloop
  endfacet
  facet normal 0 0 1
    outer loop
      vertex 6.91797 74.8163 4.8
      vertex 7.15335 75.267 4.8
      vertex 6.92389 75.3208 4.8
    endloop
  endfacet
  facet normal 0 0 1
    outer loop
      vertex 7.15335 75.267 4.8
      vertex 6.91797 74.8163 4.8
      vertex 7.06523 74.7607 4.8
    endloop
  endfacet
  facet normal 0 0 1
    outer loop
      vertex 6.92389 75.3208 4.8
      vertex 6.76082 74.8559 4.8
      vertex 6.91797 74.8163 4.8
    endloop
  endfacet
  facet normal 0 0 1
    outer loop
      vertex 6.67635 75.353 4.8
      vertex 6.76082 74.8559 4.8
      vertex 6.92389 75.3208 4.8
    endloop
  endfacet
  facet normal 0 0 1
    outer loop
      vertex 6.67635 75.353 4.8
      vertex 6.59378 74.8797 4.8
      vertex 6.76082 74.8559 4.8
    endloop
  endfacet
  facet normal 0 0 1
    outer loop
      vertex 6.41074 75.3637 4.8
      vertex 6.59378 74.8797 4.8
      vertex 6.67635 75.353 4.8
    endloop
  endfacet
  facet normal 0 0 1
    outer loop
      vertex 6.59378 74.8797 4.8
      vertex 6.41074 75.3637 4.8
      vertex 6.41685 74.8877 4.8
    endloop
  endfacet
  facet normal 0 0 1
    outer loop
      vertex 6.41074 75.3637 4.8
      vertex 6.14391 74.8693 4.8
      vertex 6.41685 74.8877 4.8
    endloop
  endfacet
  facet normal -0 0 1
    outer loop
      vertex 6.03477 75.3404 4.8
      vertex 6.14391 74.8693 4.8
      vertex 6.41074 75.3637 4.8
    endloop
  endfacet
  facet normal 0 0 1
    outer loop
      vertex 6.03477 75.3404 4.8
      vertex 5.89635 74.8142 4.8
      vertex 6.14391 74.8693 4.8
    endloop
  endfacet
  facet normal -0 0 1
    outer loop
      vertex 5.69299 75.2705 4.8
      vertex 5.89635 74.8142 4.8
      vertex 6.03477 75.3404 4.8
    endloop
  endfacet
  facet normal 0 0 1
    outer loop
      vertex 5.69299 75.2705 4.8
      vertex 5.67418 74.7223 4.8
      vertex 5.89635 74.8142 4.8
    endloop
  endfacet
  facet normal -0 0 1
    outer loop
      vertex 5.38539 75.1539 4.8
      vertex 5.67418 74.7223 4.8
      vertex 5.69299 75.2705 4.8
    endloop
  endfacet
  facet normal 0 0 1
    outer loop
      vertex 5.67418 74.7223 4.8
      vertex 5.38539 75.1539 4.8
      vertex 5.47742 74.5938 4.8
    endloop
  endfacet
  facet normal -0 0 1
    outer loop
      vertex 5.11197 74.9907 4.8
      vertex 5.47742 74.5938 4.8
      vertex 5.38539 75.1539 4.8
    endloop
  endfacet
  facet normal 0 0 1
    outer loop
      vertex 5.47742 74.5938 4.8
      vertex 5.11197 74.9907 4.8
      vertex 5.30603 74.4284 4.8
    endloop
  endfacet
  facet normal -0 0 1
    outer loop
      vertex 4.87273 74.7809 4.8
      vertex 5.30603 74.4284 4.8
      vertex 5.11197 74.9907 4.8
    endloop
  endfacet
  facet normal 0 0 1
    outer loop
      vertex 5.30603 74.4284 4.8
      vertex 4.87273 74.7809 4.8
      vertex 5.16322 74.2311 4.8
    endloop
  endfacet
  facet normal -0 0 1
    outer loop
      vertex 4.67281 74.5299 4.8
      vertex 5.16322 74.2311 4.8
      vertex 4.87273 74.7809 4.8
    endloop
  endfacet
  facet normal 0 0 1
    outer loop
      vertex 5.16322 74.2311 4.8
      vertex 4.67281 74.5299 4.8
      vertex 5.05215 74.0066 4.8
    endloop
  endfacet
  facet normal 0 0 1
    outer loop
      vertex 4.40623 73.9211 4.8
      vertex 5.05215 74.0066 4.8
      vertex 4.5173 74.2433 4.8
    endloop
  endfacet
  facet normal -0 0 1
    outer loop
      vertex 4.5173 74.2433 4.8
      vertex 5.05215 74.0066 4.8
      vertex 4.67281 74.5299 4.8
    endloop
  endfacet
  facet normal 0 0 1
    outer loop
      vertex 7.79921 72.3121 4.8
      vertex 8.16043 71.8626 4.8
      vertex 8.27522 72.0741 4.8
    endloop
  endfacet
  facet normal 0 0 1
    outer loop
      vertex 8.16043 71.8626 4.8
      vertex 7.5994 71.9903 4.8
      vertex 8.02843 71.6723 4.8
    endloop
  endfacet
  facet normal 0 0 1
    outer loop
      vertex 8.16043 71.8626 4.8
      vertex 7.79921 72.3121 4.8
      vertex 7.5994 71.9903 4.8
    endloop
  endfacet
  facet normal 0 0 1
    outer loop
      vertex 8.02843 71.6723 4.8
      vertex 7.5994 71.9903 4.8
      vertex 7.8792 71.5033 4.8
    endloop
  endfacet
  facet normal -0 0 1
    outer loop
      vertex 7.36369 71.7399 4.8
      vertex 7.8792 71.5033 4.8
      vertex 7.5994 71.9903 4.8
    endloop
  endfacet
  facet normal 0 0 1
    outer loop
      vertex 7.8792 71.5033 4.8
      vertex 7.36369 71.7399 4.8
      vertex 7.71277 71.3554 4.8
    endloop
  endfacet
  facet normal 0 0 1
    outer loop
      vertex 7.71277 71.3554 4.8
      vertex 7.36369 71.7399 4.8
      vertex 7.52911 71.2289 4.8
    endloop
  endfacet
  facet normal -0 0 1
    outer loop
      vertex 7.09209 71.5611 4.8
      vertex 7.52911 71.2289 4.8
      vertex 7.36369 71.7399 4.8
    endloop
  endfacet
  facet normal 0 0 1
    outer loop
      vertex 7.52911 71.2289 4.8
      vertex 7.09209 71.5611 4.8
      vertex 7.33072 71.1245 4.8
    endloop
  endfacet
  facet normal 0 0 1
    outer loop
      vertex 7.33072 71.1245 4.8
      vertex 7.09209 71.5611 4.8
      vertex 7.11998 71.0433 4.8
    endloop
  endfacet
  facet normal -0 0 1
    outer loop
      vertex 6.78461 71.4538 4.8
      vertex 7.11998 71.0433 4.8
      vertex 7.09209 71.5611 4.8
    endloop
  endfacet
  facet normal 0 0 1
    outer loop
      vertex 7.11998 71.0433 4.8
      vertex 6.78461 71.4538 4.8
      vertex 6.89691 70.9854 4.8
    endloop
  endfacet
  facet normal 0 0 1
    outer loop
      vertex 6.78461 71.4538 4.8
      vertex 6.66151 70.9506 4.8
      vertex 6.89691 70.9854 4.8
    endloop
  endfacet
  facet normal -0 0 1
    outer loop
      vertex 6.44124 71.418 4.8
      vertex 6.66151 70.9506 4.8
      vertex 6.78461 71.4538 4.8
    endloop
  endfacet
  facet normal 0 0 1
    outer loop
      vertex 6.44124 71.418 4.8
      vertex 6.41379 70.939 4.8
      vertex 6.66151 70.9506 4.8
    endloop
  endfacet
  facet normal 0 0 1
    outer loop
      vertex 6.16081 70.9498 4.8
      vertex 6.44124 71.418 4.8
      vertex 6.17093 71.4373 4.8
    endloop
  endfacet
  facet normal 0 0 1
    outer loop
      vertex 6.44124 71.418 4.8
      vertex 6.16081 70.9498 4.8
      vertex 6.41379 70.939 4.8
    endloop
  endfacet
  facet normal 0 0 1
    outer loop
      vertex 5.92188 70.9822 4.8
      vertex 6.17093 71.4373 4.8
      vertex 5.92393 71.4949 4.8
    endloop
  endfacet
  facet normal 0 0 1
    outer loop
      vertex 6.17093 71.4373 4.8
      vertex 5.92188 70.9822 4.8
      vertex 6.16081 70.9498 4.8
    endloop
  endfacet
  facet normal 0 0 1
    outer loop
      vertex 5.69698 71.0362 4.8
      vertex 5.92393 71.4949 4.8
      vertex 5.70024 71.5911 4.8
    endloop
  endfacet
  facet normal 0 0 1
    outer loop
      vertex 5.92393 71.4949 4.8
      vertex 5.69698 71.0362 4.8
      vertex 5.92188 70.9822 4.8
    endloop
  endfacet
  facet normal 0 0 1
    outer loop
      vertex 5.28929 71.209 4.8
      vertex 5.70024 71.5911 4.8
      vertex 5.49988 71.7256 4.8
    endloop
  endfacet
  facet normal 0 0 1
    outer loop
      vertex 5.70024 71.5911 4.8
      vertex 5.48611 71.1118 4.8
      vertex 5.69698 71.0362 4.8
    endloop
  endfacet
  facet normal 0 0 1
    outer loop
      vertex 5.10851 71.3263 4.8
      vertex 5.49988 71.7256 4.8
      vertex 5.32281 71.8986 4.8
    endloop
  endfacet
  facet normal 0 0 1
    outer loop
      vertex 5.70024 71.5911 4.8
      vertex 5.28929 71.209 4.8
      vertex 5.48611 71.1118 4.8
    endloop
  endfacet
  facet normal 0 0 1
    outer loop
      vertex 4.80115 71.6166 4.8
      vertex 5.32281 71.8986 4.8
      vertex 5.17397 72.1033 4.8
    endloop
  endfacet
  facet normal 0 0 1
    outer loop
      vertex 5.49988 71.7256 4.8
      vertex 5.10851 71.3263 4.8
      vertex 5.28929 71.209 4.8
    endloop
  endfacet
  facet normal 0 0 1
    outer loop
      vertex 4.56604 71.9811 4.8
      vertex 5.17397 72.1033 4.8
      vertex 5.0582 72.3327 4.8
    endloop
  endfacet
  facet normal 0 0 1
    outer loop
      vertex 4.47653 72.1893 4.8
      vertex 5.0582 72.3327 4.8
      vertex 4.97551 72.5869 4.8
    endloop
  endfacet
  facet normal 0 0 1
    outer loop
      vertex 5.32281 71.8986 4.8
      vertex 4.9458 71.4622 4.8
      vertex 5.10851 71.3263 4.8
    endloop
  endfacet
  facet normal -0 0 1
    outer loop
      vertex 4.35716 72.6499 4.8
      vertex 4.97551 72.5869 4.8
      vertex 4.92589 72.8659 4.8
    endloop
  endfacet
  facet normal -0 0 1
    outer loop
      vertex 4.32733 72.9024 4.8
      vertex 4.92589 72.8659 4.8
      vertex 4.90935 73.1697 4.8
    endloop
  endfacet
  facet normal 0 0 1
    outer loop
      vertex 5.05215 74.0066 4.8
      vertex 4.40623 73.9211 4.8
      vertex 4.97282 73.7548 4.8
    endloop
  endfacet
  facet normal 0 -0 1
    outer loop
      vertex 4.32733 72.9024 4.8
      vertex 4.90935 73.1697 4.8
      vertex 4.31738 73.1697 4.8
    endloop
  endfacet
  facet normal 0 0 1
    outer loop
      vertex 4.92589 72.8659 4.8
      vertex 4.32733 72.9024 4.8
      vertex 4.35716 72.6499 4.8
    endloop
  endfacet
  facet normal 0 0 1
    outer loop
      vertex 4.33958 73.5632 4.8
      vertex 4.97282 73.7548 4.8
      vertex 4.40623 73.9211 4.8
    endloop
  endfacet
  facet normal 0 0 1
    outer loop
      vertex 4.97551 72.5869 4.8
      vertex 4.35716 72.6499 4.8
      vertex 4.40691 72.4122 4.8
    endloop
  endfacet
  facet normal 0 0 1
    outer loop
      vertex 4.97282 73.7548 4.8
      vertex 4.33958 73.5632 4.8
      vertex 4.92522 73.4759 4.8
    endloop
  endfacet
  facet normal 0 0 1
    outer loop
      vertex 4.97551 72.5869 4.8
      vertex 4.40691 72.4122 4.8
      vertex 4.47653 72.1893 4.8
    endloop
  endfacet
  facet normal 0 0 1
    outer loop
      vertex 5.17397 72.1033 4.8
      vertex 4.67456 71.7896 4.8
      vertex 4.80115 71.6166 4.8
    endloop
  endfacet
  facet normal 0 0 1
    outer loop
      vertex 4.31738 73.1697 4.8
      vertex 4.92522 73.4759 4.8
      vertex 4.33958 73.5632 4.8
    endloop
  endfacet
  facet normal 0 0 1
    outer loop
      vertex 5.17397 72.1033 4.8
      vertex 4.56604 71.9811 4.8
      vertex 4.67456 71.7896 4.8
    endloop
  endfacet
  facet normal 0 0 1
    outer loop
      vertex 4.92522 73.4759 4.8
      vertex 4.31738 73.1697 4.8
      vertex 4.90935 73.1697 4.8
    endloop
  endfacet
  facet normal 0 0 1
    outer loop
      vertex 5.32281 71.8986 4.8
      vertex 4.80115 71.6166 4.8
      vertex 4.9458 71.4622 4.8
    endloop
  endfacet
  facet normal 0 0 1
    outer loop
      vertex 5.0582 72.3327 4.8
      vertex 4.47653 72.1893 4.8
      vertex 4.56604 71.9811 4.8
    endloop
  endfacet
  facet normal 0 0 1
    outer loop
      vertex 19.46 73.9997 4.8
      vertex 20.0459 74.0058 4.8
      vertex 20.03 74.2412 4.8
    endloop
  endfacet
  facet normal -0 0 1
    outer loop
      vertex 19.42 74.2996 4.8
      vertex 20.03 74.2412 4.8
      vertex 19.9824 74.4545 4.8
    endloop
  endfacet
  facet normal 0 0 1
    outer loop
      vertex 20.0459 74.0058 4.8
      vertex 19.46 73.9997 4.8
      vertex 20.03 73.7717 4.8
    endloop
  endfacet
  facet normal 0 0 1
    outer loop
      vertex 19.42 74.2996 4.8
      vertex 19.9824 74.4545 4.8
      vertex 19.9031 74.6455 4.8
    endloop
  endfacet
  facet normal 0 0 1
    outer loop
      vertex 19.4209 73.6888 4.8
      vertex 20.03 73.7717 4.8
      vertex 19.46 73.9997 4.8
    endloop
  endfacet
  facet normal 0 0 1
    outer loop
      vertex 19.2999 74.5329 4.8
      vertex 19.9031 74.6455 4.8
      vertex 19.792 74.8143 4.8
    endloop
  endfacet
  facet normal 0 0 1
    outer loop
      vertex 20.03 73.7717 4.8
      vertex 19.4209 73.6888 4.8
      vertex 19.9822 73.5576 4.8
    endloop
  endfacet
  facet normal 0 0 1
    outer loop
      vertex 19.2999 74.5329 4.8
      vertex 19.792 74.8143 4.8
      vertex 19.6492 74.9609 4.8
    endloop
  endfacet
  facet normal 0 0 1
    outer loop
      vertex 19.9822 73.5576 4.8
      vertex 19.4209 73.6888 4.8
      vertex 19.9025 73.3635 4.8
    endloop
  endfacet
  facet normal 0 0 1
    outer loop
      vertex 19.2999 74.5329 4.8
      vertex 19.6492 74.9609 4.8
      vertex 19.4774 75.0828 4.8
    endloop
  endfacet
  facet normal -0 0 1
    outer loop
      vertex 19.3038 73.447 4.8
      vertex 19.9025 73.3635 4.8
      vertex 19.4209 73.6888 4.8
    endloop
  endfacet
  facet normal 0 0 1
    outer loop
      vertex 19.9025 73.3635 4.8
      vertex 19.3038 73.447 4.8
      vertex 19.791 73.1894 4.8
    endloop
  endfacet
  facet normal 0 0 1
    outer loop
      vertex 20.03 74.2412 4.8
      vertex 19.42 74.2996 4.8
      vertex 19.46 73.9997 4.8
    endloop
  endfacet
  facet normal 0 0 1
    outer loop
      vertex 19.9031 74.6455 4.8
      vertex 19.2999 74.5329 4.8
      vertex 19.42 74.2996 4.8
    endloop
  endfacet
  facet normal 0 0 1
    outer loop
      vertex 19.0997 74.6995 4.8
      vertex 19.4774 75.0828 4.8
      vertex 19.2796 75.1777 4.8
    endloop
  endfacet
  facet normal 0 0 1
    outer loop
      vertex 19.4774 75.0828 4.8
      vertex 19.0997 74.6995 4.8
      vertex 19.2999 74.5329 4.8
    endloop
  endfacet
  facet normal 0 0 1
    outer loop
      vertex 19.0556 75.2455 4.8
      vertex 19.0997 74.6995 4.8
      vertex 19.2796 75.1777 4.8
    endloop
  endfacet
  facet normal 0 0 1
    outer loop
      vertex 19.0556 75.2455 4.8
      vertex 18.8194 74.7995 4.8
      vertex 19.0997 74.6995 4.8
    endloop
  endfacet
  facet normal 0 0 1
    outer loop
      vertex 18.8055 75.2861 4.8
      vertex 18.8194 74.7995 4.8
      vertex 19.0556 75.2455 4.8
    endloop
  endfacet
  facet normal 0 0 1
    outer loop
      vertex 18.4591 74.8328 4.8
      vertex 18.8055 75.2861 4.8
      vertex 18.5293 75.2997 4.8
    endloop
  endfacet
  facet normal 0 0 1
    outer loop
      vertex 18.8055 75.2861 4.8
      vertex 18.4591 74.8328 4.8
      vertex 18.8194 74.7995 4.8
    endloop
  endfacet
  facet normal 0 0 1
    outer loop
      vertex 18.5293 75.2997 4.8
      vertex 17.3026 74.8328 4.8
      vertex 18.4591 74.8328 4.8
    endloop
  endfacet
  facet normal 0 0 1
    outer loop
      vertex 16.7197 75.2997 4.8
      vertex 17.3026 73.1361 4.8
      vertex 17.3026 74.8328 4.8
    endloop
  endfacet
  facet normal 0 0 1
    outer loop
      vertex 16.7197 71 4.8
      vertex 17.3026 73.1361 4.8
      vertex 16.7197 75.2997 4.8
    endloop
  endfacet
  facet normal -0 0 1
    outer loop
      vertex 16.7197 75.2997 4.8
      vertex 17.3026 74.8328 4.8
      vertex 18.5293 75.2997 4.8
    endloop
  endfacet
  facet normal 0 0 1
    outer loop
      vertex 17.3026 73.1361 4.8
      vertex 16.7197 71 4.8
      vertex 17.3026 72.6753 4.8
    endloop
  endfacet
  facet normal 0 0 1
    outer loop
      vertex 17.3026 72.6753 4.8
      vertex 16.7197 71 4.8
      vertex 17.3026 71 4.8
    endloop
  endfacet
  facet normal 0 0 1
    outer loop
      vertex 19.791 73.1894 4.8
      vertex 19.3038 73.447 4.8
      vertex 19.6476 73.0354 4.8
    endloop
  endfacet
  facet normal 0 0 1
    outer loop
      vertex 19.6476 73.0354 4.8
      vertex 19.3038 73.447 4.8
      vertex 19.4769 72.9058 4.8
    endloop
  endfacet
  facet normal -0 0 1
    outer loop
      vertex 19.1085 73.2743 4.8
      vertex 19.4769 72.9058 4.8
      vertex 19.3038 73.447 4.8
    endloop
  endfacet
  facet normal 0 0 1
    outer loop
      vertex 19.4769 72.9058 4.8
      vertex 19.1085 73.2743 4.8
      vertex 19.2834 72.8049 4.8
    endloop
  endfacet
  facet normal 0 0 1
    outer loop
      vertex 19.1085 73.2743 4.8
      vertex 19.0671 72.7329 4.8
      vertex 19.2834 72.8049 4.8
    endloop
  endfacet
  facet normal -0 0 1
    outer loop
      vertex 18.835 73.1706 4.8
      vertex 19.0671 72.7329 4.8
      vertex 19.1085 73.2743 4.8
    endloop
  endfacet
  facet normal 0 0 1
    outer loop
      vertex 18.835 73.1706 4.8
      vertex 18.8279 72.6897 4.8
      vertex 19.0671 72.7329 4.8
    endloop
  endfacet
  facet normal 0 0 1
    outer loop
      vertex 18.835 73.1706 4.8
      vertex 18.5659 72.6753 4.8
      vertex 18.8279 72.6897 4.8
    endloop
  endfacet
  facet normal -0 0 1
    outer loop
      vertex 18.4835 73.1361 4.8
      vertex 18.5659 72.6753 4.8
      vertex 18.835 73.1706 4.8
    endloop
  endfacet
  facet normal 0 0 1
    outer loop
      vertex 17.3026 72.6753 4.8
      vertex 18.4835 73.1361 4.8
      vertex 17.3026 73.1361 4.8
    endloop
  endfacet
  facet normal 0 0 1
    outer loop
      vertex 18.4835 73.1361 4.8
      vertex 17.3026 72.6753 4.8
      vertex 18.5659 72.6753 4.8
    endloop
  endfacet
  facet normal 0 0 1
    outer loop
      vertex 14.0289 74.256 4.8
      vertex 13.4335 74.317 4.8
      vertex 13.443 74.1858 4.8
    endloop
  endfacet
  facet normal 0 0 1
    outer loop
      vertex 13.7868 74.9239 4.8
      vertex 13.4049 74.4324 4.8
      vertex 13.4335 74.317 4.8
    endloop
  endfacet
  facet normal 0 0 1
    outer loop
      vertex 13.7868 74.9239 4.8
      vertex 13.3573 74.5319 4.8
      vertex 13.4049 74.4324 4.8
    endloop
  endfacet
  facet normal 0 0 1
    outer loop
      vertex 13.7868 74.9239 4.8
      vertex 13.2907 74.6155 4.8
      vertex 13.3573 74.5319 4.8
    endloop
  endfacet
  facet normal 0 0 1
    outer loop
      vertex 13.484 75.1327 4.8
      vertex 13.205 74.6832 4.8
      vertex 13.2907 74.6155 4.8
    endloop
  endfacet
  facet normal 0 0 1
    outer loop
      vertex 13.484 75.1327 4.8
      vertex 13.1012 74.7371 4.8
      vertex 13.205 74.6832 4.8
    endloop
  endfacet
  facet normal 0 0 1
    outer loop
      vertex 13.0602 75.2579 4.8
      vertex 13.1012 74.7371 4.8
      vertex 13.484 75.1327 4.8
    endloop
  endfacet
  facet normal 0 0 1
    outer loop
      vertex 13.0602 75.2579 4.8
      vertex 12.9804 74.7789 4.8
      vertex 13.1012 74.7371 4.8
    endloop
  endfacet
  facet normal 0 0 1
    outer loop
      vertex 13.0602 75.2579 4.8
      vertex 12.8425 74.8089 4.8
      vertex 12.9804 74.7789 4.8
    endloop
  endfacet
  facet normal 0 0 1
    outer loop
      vertex 13.0602 75.2579 4.8
      vertex 12.6875 74.8268 4.8
      vertex 12.8425 74.8089 4.8
    endloop
  endfacet
  facet normal 0 0 1
    outer loop
      vertex 12.5154 75.2997 4.8
      vertex 12.6875 74.8268 4.8
      vertex 13.0602 75.2579 4.8
    endloop
  endfacet
  facet normal 0 0 1
    outer loop
      vertex 12.5154 75.2997 4.8
      vertex 12.5154 74.8328 4.8
      vertex 12.6875 74.8268 4.8
    endloop
  endfacet
  facet normal 0 0 1
    outer loop
      vertex 12.5154 75.2997 4.8
      vertex 11.5358 74.8328 4.8
      vertex 12.5154 74.8328 4.8
    endloop
  endfacet
  facet normal 0 0 1
    outer loop
      vertex 10.953 75.2997 4.8
      vertex 11.5358 73.4718 4.8
      vertex 11.5358 74.8328 4.8
    endloop
  endfacet
  facet normal 0 0 1
    outer loop
      vertex 11.5358 73.4718 4.8
      vertex 10.953 75.2997 4.8
      vertex 11.5358 73.0171 4.8
    endloop
  endfacet
  facet normal 0 0 1
    outer loop
      vertex 10.953 71 4.8
      vertex 11.5358 73.0171 4.8
      vertex 10.953 75.2997 4.8
    endloop
  endfacet
  facet normal -0 0 1
    outer loop
      vertex 10.953 75.2997 4.8
      vertex 11.5358 74.8328 4.8
      vertex 12.5154 75.2997 4.8
    endloop
  endfacet
  facet normal -0 0 1
    outer loop
      vertex 13.443 74.1858 4.8
      vertex 14.0204 74.1083 4.8
      vertex 14.0289 74.256 4.8
    endloop
  endfacet
  facet normal -0 0 1
    outer loop
      vertex 13.4335 74.317 4.8
      vertex 14.0289 74.256 4.8
      vertex 13.9684 74.6317 4.8
    endloop
  endfacet
  facet normal 0 0 1
    outer loop
      vertex 13.4338 74.0481 4.8
      vertex 14.0204 74.1083 4.8
      vertex 13.443 74.1858 4.8
    endloop
  endfacet
  facet normal 0 0 1
    outer loop
      vertex 14.0204 74.1083 4.8
      vertex 13.4338 74.0481 4.8
      vertex 13.9948 73.9704 4.8
    endloop
  endfacet
  facet normal 0 0 1
    outer loop
      vertex 13.9948 73.9704 4.8
      vertex 13.4338 74.0481 4.8
      vertex 13.952 73.8422 4.8
    endloop
  endfacet
  facet normal 0 0 1
    outer loop
      vertex 13.4335 74.317 4.8
      vertex 13.9684 74.6317 4.8
      vertex 13.7868 74.9239 4.8
    endloop
  endfacet
  facet normal -0 0 1
    outer loop
      vertex 13.4062 73.9253 4.8
      vertex 13.952 73.8422 4.8
      vertex 13.4338 74.0481 4.8
    endloop
  endfacet
  facet normal 0 0 1
    outer loop
      vertex 13.952 73.8422 4.8
      vertex 13.4062 73.9253 4.8
      vertex 13.8922 73.7238 4.8
    endloop
  endfacet
  facet normal 0 0 1
    outer loop
      vertex 13.8922 73.7238 4.8
      vertex 13.4062 73.9253 4.8
      vertex 13.8153 73.6152 4.8
    endloop
  endfacet
  facet normal 0 0 1
    outer loop
      vertex 13.2907 74.6155 4.8
      vertex 13.7868 74.9239 4.8
      vertex 13.484 75.1327 4.8
    endloop
  endfacet
  facet normal -0 0 1
    outer loop
      vertex 13.3601 73.8176 4.8
      vertex 13.8153 73.6152 4.8
      vertex 13.4062 73.9253 4.8
    endloop
  endfacet
  facet normal 0 0 1
    outer loop
      vertex 13.8153 73.6152 4.8
      vertex 13.3601 73.8176 4.8
      vertex 13.7228 73.5182 4.8
    endloop
  endfacet
  facet normal 0 0 1
    outer loop
      vertex 13.7228 73.5182 4.8
      vertex 13.3601 73.8176 4.8
      vertex 13.6161 73.435 4.8
    endloop
  endfacet
  facet normal -0 0 1
    outer loop
      vertex 13.2956 73.7249 4.8
      vertex 13.6161 73.435 4.8
      vertex 13.3601 73.8176 4.8
    endloop
  endfacet
  facet normal 0 0 1
    outer loop
      vertex 13.6161 73.435 4.8
      vertex 13.2956 73.7249 4.8
      vertex 13.4953 73.3654 4.8
    endloop
  endfacet
  facet normal -0 0 1
    outer loop
      vertex 13.2126 73.6472 4.8
      vertex 13.4953 73.3654 4.8
      vertex 13.2956 73.7249 4.8
    endloop
  endfacet
  facet normal 0 0 1
    outer loop
      vertex 13.4953 73.3654 4.8
      vertex 13.2126 73.6472 4.8
      vertex 13.3603 73.3095 4.8
    endloop
  endfacet
  facet normal -0 0 1
    outer loop
      vertex 13.111 73.584 4.8
      vertex 13.3603 73.3095 4.8
      vertex 13.2126 73.6472 4.8
    endloop
  endfacet
  facet normal 0 0 1
    outer loop
      vertex 13.3603 73.3095 4.8
      vertex 13.111 73.584 4.8
      vertex 13.2111 73.2673 4.8
    endloop
  endfacet
  facet normal 0 0 1
    outer loop
      vertex 14.2347 72.532 4.8
      vertex 13.6474 72.5308 4.8
      vertex 13.6902 72.2572 4.8
    endloop
  endfacet
  facet normal 0 0 1
    outer loop
      vertex 13.5193 72.7435 4.8
      vertex 13.7417 73.1144 4.8
      vertex 13.5836 73.1831 4.8
    endloop
  endfacet
  facet normal 0 0 1
    outer loop
      vertex 13.881 73.028 4.8
      vertex 13.5193 72.7435 4.8
      vertex 13.6474 72.5308 4.8
    endloop
  endfacet
  facet normal 0 0 1
    outer loop
      vertex 13.3057 72.8955 4.8
      vertex 13.5836 73.1831 4.8
      vertex 13.4068 73.234 4.8
    endloop
  endfacet
  facet normal 0 0 1
    outer loop
      vertex 13.5836 73.1831 4.8
      vertex 13.3057 72.8955 4.8
      vertex 13.5193 72.7435 4.8
    endloop
  endfacet
  facet normal 0 0 1
    outer loop
      vertex 13.2111 73.2673 4.8
      vertex 13.3057 72.8955 4.8
      vertex 13.4068 73.234 4.8
    endloop
  endfacet
  facet normal -0 0 1
    outer loop
      vertex 12.9905 73.5349 4.8
      vertex 13.2111 73.2673 4.8
      vertex 13.111 73.584 4.8
    endloop
  endfacet
  facet normal 0 0 1
    outer loop
      vertex 13.2111 73.2673 4.8
      vertex 13.0066 72.9867 4.8
      vertex 13.3057 72.8955 4.8
    endloop
  endfacet
  facet normal -0 0 1
    outer loop
      vertex 12.851 73.4998 4.8
      vertex 13.2111 73.2673 4.8
      vertex 12.9905 73.5349 4.8
    endloop
  endfacet
  facet normal 0 0 1
    outer loop
      vertex 13.2111 73.2673 4.8
      vertex 12.851 73.4998 4.8
      vertex 13.0066 72.9867 4.8
    endloop
  endfacet
  facet normal 0 0 1
    outer loop
      vertex 12.6221 73.0171 4.8
      vertex 12.851 73.4998 4.8
      vertex 12.6926 73.4788 4.8
    endloop
  endfacet
  facet normal 0 0 1
    outer loop
      vertex 12.851 73.4998 4.8
      vertex 12.6221 73.0171 4.8
      vertex 13.0066 72.9867 4.8
    endloop
  endfacet
  facet normal -0 0 1
    outer loop
      vertex 12.5154 73.4718 4.8
      vertex 12.6221 73.0171 4.8
      vertex 12.6926 73.4788 4.8
    endloop
  endfacet
  facet normal 0 0 1
    outer loop
      vertex 11.5358 73.0171 4.8
      vertex 12.5154 73.4718 4.8
      vertex 11.5358 73.4718 4.8
    endloop
  endfacet
  facet normal 0 0 1
    outer loop
      vertex 12.5154 73.4718 4.8
      vertex 11.5358 73.0171 4.8
      vertex 12.6221 73.0171 4.8
    endloop
  endfacet
  facet normal -0 0 1
    outer loop
      vertex 13.6902 72.2572 4.8
      vertex 14.2791 72.2115 4.8
      vertex 14.268 72.3777 4.8
    endloop
  endfacet
  facet normal 0 0 1
    outer loop
      vertex 13.6902 72.2572 4.8
      vertex 14.268 72.3777 4.8
      vertex 14.2347 72.532 4.8
    endloop
  endfacet
  facet normal 0 0 1
    outer loop
      vertex 13.6804 72.1076 4.8
      vertex 14.2791 72.2115 4.8
      vertex 13.6902 72.2572 4.8
    endloop
  endfacet
  facet normal 0 0 1
    outer loop
      vertex 13.6474 72.5308 4.8
      vertex 14.2347 72.532 4.8
      vertex 14.1792 72.6745 4.8
    endloop
  endfacet
  facet normal 0 0 1
    outer loop
      vertex 14.2791 72.2115 4.8
      vertex 13.6804 72.1076 4.8
      vertex 14.2624 71.9922 4.8
    endloop
  endfacet
  facet normal 0 0 1
    outer loop
      vertex 13.6474 72.5308 4.8
      vertex 14.1792 72.6745 4.8
      vertex 14.1014 72.8051 4.8
    endloop
  endfacet
  facet normal 0 0 1
    outer loop
      vertex 13.6511 71.9736 4.8
      vertex 14.2624 71.9922 4.8
      vertex 13.6804 72.1076 4.8
    endloop
  endfacet
  facet normal 0 0 1
    outer loop
      vertex 13.6474 72.5308 4.8
      vertex 14.1014 72.8051 4.8
      vertex 14.0014 72.924 4.8
    endloop
  endfacet
  facet normal 0 0 1
    outer loop
      vertex 13.6474 72.5308 4.8
      vertex 14.0014 72.924 4.8
      vertex 13.881 73.028 4.8
    endloop
  endfacet
  facet normal 0 0 1
    outer loop
      vertex 14.2624 71.9922 4.8
      vertex 13.6511 71.9736 4.8
      vertex 14.2122 71.7933 4.8
    endloop
  endfacet
  facet normal 0 0 1
    outer loop
      vertex 13.5193 72.7435 4.8
      vertex 13.881 73.028 4.8
      vertex 13.7417 73.1144 4.8
    endloop
  endfacet
  facet normal 0 0 1
    outer loop
      vertex 14.2122 71.7933 4.8
      vertex 13.6511 71.9736 4.8
      vertex 14.1286 71.6148 4.8
    endloop
  endfacet
  facet normal -0 0 1
    outer loop
      vertex 13.6023 71.8552 4.8
      vertex 14.1286 71.6148 4.8
      vertex 13.6511 71.9736 4.8
    endloop
  endfacet
  facet normal 0 0 1
    outer loop
      vertex 14.1286 71.6148 4.8
      vertex 13.6023 71.8552 4.8
      vertex 14.0116 71.4566 4.8
    endloop
  endfacet
  facet normal -0 0 1
    outer loop
      vertex 13.5339 71.7524 4.8
      vertex 14.0116 71.4566 4.8
      vertex 13.6023 71.8552 4.8
    endloop
  endfacet
  facet normal 0 0 1
    outer loop
      vertex 14.0116 71.4566 4.8
      vertex 13.5339 71.7524 4.8
      vertex 13.8611 71.3189 4.8
    endloop
  endfacet
  facet normal -0 0 1
    outer loop
      vertex 13.446 71.6652 4.8
      vertex 13.8611 71.3189 4.8
      vertex 13.5339 71.7524 4.8
    endloop
  endfacet
  facet normal 0 0 1
    outer loop
      vertex 13.8611 71.3189 4.8
      vertex 13.446 71.6652 4.8
      vertex 13.6808 71.2041 4.8
    endloop
  endfacet
  facet normal -0 0 1
    outer loop
      vertex 13.3368 71.5938 4.8
      vertex 13.6808 71.2041 4.8
      vertex 13.446 71.6652 4.8
    endloop
  endfacet
  facet normal 0 0 1
    outer loop
      vertex 13.6808 71.2041 4.8
      vertex 13.3368 71.5938 4.8
      vertex 13.4744 71.1148 4.8
    endloop
  endfacet
  facet normal -0 0 1
    outer loop
      vertex 13.2044 71.5383 4.8
      vertex 13.4744 71.1148 4.8
      vertex 13.3368 71.5938 4.8
    endloop
  endfacet
  facet normal 0 0 1
    outer loop
      vertex 13.4744 71.1148 4.8
      vertex 13.2044 71.5383 4.8
      vertex 13.2419 71.051 4.8
    endloop
  endfacet
  facet normal -0 0 1
    outer loop
      vertex 13.0487 71.4986 4.8
      vertex 13.2419 71.051 4.8
      vertex 13.2044 71.5383 4.8
    endloop
  endfacet
  facet normal 0 0 1
    outer loop
      vertex 13.0487 71.4986 4.8
      vertex 12.9832 71.0127 4.8
      vertex 13.2419 71.051 4.8
    endloop
  endfacet
  facet normal -0 0 1
    outer loop
      vertex 12.8699 71.4748 4.8
      vertex 12.9832 71.0127 4.8
      vertex 13.0487 71.4986 4.8
    endloop
  endfacet
  facet normal 0 0 1
    outer loop
      vertex 12.8699 71.4748 4.8
      vertex 12.6984 71 4.8
      vertex 12.9832 71.0127 4.8
    endloop
  endfacet
  facet normal -0 0 1
    outer loop
      vertex 12.6679 71.4669 4.8
      vertex 12.6984 71 4.8
      vertex 12.8699 71.4748 4.8
    endloop
  endfacet
  facet normal -0 0 1
    outer loop
      vertex 11.5358 71.4669 4.8
      vertex 12.6984 71 4.8
      vertex 12.6679 71.4669 4.8
    endloop
  endfacet
  facet normal 0 0 1
    outer loop
      vertex 11.5358 71.4669 4.8
      vertex 10.953 71 4.8
      vertex 12.6984 71 4.8
    endloop
  endfacet
  facet normal 0 0 1
    outer loop
      vertex 11.5358 73.0171 4.8
      vertex 10.953 71 4.8
      vertex 11.5358 71.4669 4.8
    endloop
  endfacet
  facet normal -0 0 1
    outer loop
      vertex 20.7907 75.2997 4.8
      vertex 21.3736 73.4809 4.8
      vertex 21.3736 75.2997 4.8
    endloop
  endfacet
  facet normal 0 0 1
    outer loop
      vertex 21.3736 73.4809 4.8
      vertex 20.7907 75.2997 4.8
      vertex 21.3736 72.9927 4.8
    endloop
  endfacet
  facet normal 0 0 1
    outer loop
      vertex 20.7907 71 4.8
      vertex 21.3736 72.9927 4.8
      vertex 20.7907 75.2997 4.8
    endloop
  endfacet
  facet normal 0 0 1
    outer loop
      vertex 21.3736 72.9927 4.8
      vertex 20.7907 71 4.8
      vertex 21.3736 71 4.8
    endloop
  endfacet
  facet normal -0 0 1
    outer loop
      vertex 21.3736 73.4809 4.8
      vertex 23.6989 72.9927 4.8
      vertex 23.6989 73.4809 4.8
    endloop
  endfacet
  facet normal 0 0 1
    outer loop
      vertex 23.6989 72.9927 4.8
      vertex 21.3736 73.4809 4.8
      vertex 21.3736 72.9927 4.8
    endloop
  endfacet
  facet normal 0 0 1
    outer loop
      vertex 23.6989 73.4809 4.8
      vertex 24.2817 75.2997 4.8
      vertex 23.6989 75.2997 4.8
    endloop
  endfacet
  facet normal 0 0 1
    outer loop
      vertex 23.6989 72.9927 4.8
      vertex 24.2817 75.2997 4.8
      vertex 23.6989 73.4809 4.8
    endloop
  endfacet
  facet normal 0 0 1
    outer loop
      vertex 24.2817 75.2997 4.8
      vertex 23.6989 72.9927 4.8
      vertex 24.2817 71 4.8
    endloop
  endfacet
  facet normal 0 0 1
    outer loop
      vertex 24.2817 71 4.8
      vertex 23.6989 72.9927 4.8
      vertex 23.6989 71 4.8
    endloop
  endfacet
  facet normal -0 0 1
    outer loop
      vertex 8.68544 72.9042 4.8
      vertex 10.2112 72.4159 4.8
      vertex 10.2112 72.9042 4.8
    endloop
  endfacet
  facet normal 0 0 1
    outer loop
      vertex 10.2112 72.4159 4.8
      vertex 8.68544 72.9042 4.8
      vertex 8.68544 72.4159 4.8
    endloop
  endfacet
  facet normal 0.146244 -0.989249 0
    outer loop
      vertex 6.66151 70.9506 4
      vertex 6.89691 70.9854 4.8
      vertex 6.66151 70.9506 4.8
    endloop
  endfacet
  facet normal 0.146244 -0.989249 0
    outer loop
      vertex 6.89691 70.9854 4.8
      vertex 6.66151 70.9506 4
      vertex 6.89691 70.9854 4
    endloop
  endfacet
  facet normal 0.251235 -0.967926 0
    outer loop
      vertex 6.89691 70.9854 4
      vertex 7.11998 71.0433 4.8
      vertex 6.89691 70.9854 4.8
    endloop
  endfacet
  facet normal 0.251235 -0.967926 0
    outer loop
      vertex 7.11998 71.0433 4.8
      vertex 6.89691 70.9854 4
      vertex 7.11998 71.0433 4
    endloop
  endfacet
  facet normal 0.359543 -0.933129 0
    outer loop
      vertex 7.11998 71.0433 4
      vertex 7.33072 71.1245 4.8
      vertex 7.11998 71.0433 4.8
    endloop
  endfacet
  facet normal 0.359543 -0.933129 0
    outer loop
      vertex 7.33072 71.1245 4.8
      vertex 7.11998 71.0433 4
      vertex 7.33072 71.1245 4
    endloop
  endfacet
  facet normal 0.465691 -0.884947 0
    outer loop
      vertex 7.33072 71.1245 4
      vertex 7.52911 71.2289 4.8
      vertex 7.33072 71.1245 4.8
    endloop
  endfacet
  facet normal 0.465691 -0.884947 0
    outer loop
      vertex 7.52911 71.2289 4.8
      vertex 7.33072 71.1245 4
      vertex 7.52911 71.2289 4
    endloop
  endfacet
  facet normal 0.56724 -0.823552 0
    outer loop
      vertex 7.52911 71.2289 4
      vertex 7.71277 71.3554 4.8
      vertex 7.52911 71.2289 4.8
    endloop
  endfacet
  facet normal 0.56724 -0.823552 0
    outer loop
      vertex 7.71277 71.3554 4.8
      vertex 7.52911 71.2289 4
      vertex 7.71277 71.3554 4
    endloop
  endfacet
  facet normal 0.664269 -0.747494 0
    outer loop
      vertex 7.71277 71.3554 4
      vertex 7.8792 71.5033 4.8
      vertex 7.71277 71.3554 4.8
    endloop
  endfacet
  facet normal 0.664269 -0.747494 0
    outer loop
      vertex 7.8792 71.5033 4.8
      vertex 7.71277 71.3554 4
      vertex 7.8792 71.5033 4
    endloop
  endfacet
  facet normal 0.749591 -0.661902 0
    outer loop
      vertex 7.8792 71.5033 4.8
      vertex 8.02843 71.6723 4
      vertex 8.02843 71.6723 4.8
    endloop
  endfacet
  facet normal 0.749591 -0.661902 0
    outer loop
      vertex 8.02843 71.6723 4
      vertex 7.8792 71.5033 4.8
      vertex 7.8792 71.5033 4
    endloop
  endfacet
  facet normal 0.821679 -0.569951 0
    outer loop
      vertex 8.02843 71.6723 4.8
      vertex 8.16043 71.8626 4
      vertex 8.16043 71.8626 4.8
    endloop
  endfacet
  facet normal 0.821679 -0.569951 0
    outer loop
      vertex 8.16043 71.8626 4
      vertex 8.02843 71.6723 4.8
      vertex 8.02843 71.6723 4
    endloop
  endfacet
  facet normal 0.878896 -0.477014 0
    outer loop
      vertex 8.16043 71.8626 4.8
      vertex 8.27522 72.0741 4
      vertex 8.27522 72.0741 4.8
    endloop
  endfacet
  facet normal 0.878896 -0.477014 0
    outer loop
      vertex 8.27522 72.0741 4
      vertex 8.16043 71.8626 4.8
      vertex 8.16043 71.8626 4
    endloop
  endfacet
  facet normal 0.447206 0.894431 -0
    outer loop
      vertex 8.27522 72.0741 4
      vertex 7.79921 72.3121 4.8
      vertex 8.27522 72.0741 4.8
    endloop
  endfacet
  facet normal 0.447206 0.894431 0
    outer loop
      vertex 7.79921 72.3121 4.8
      vertex 8.27522 72.0741 4
      vertex 7.79921 72.3121 4
    endloop
  endfacet
  facet normal -0.849555 0.5275 0
    outer loop
      vertex 7.5994 71.9903 4
      vertex 7.79921 72.3121 4.8
      vertex 7.79921 72.3121 4
    endloop
  endfacet
  facet normal -0.849555 0.5275 0
    outer loop
      vertex 7.79921 72.3121 4.8
      vertex 7.5994 71.9903 4
      vertex 7.5994 71.9903 4.8
    endloop
  endfacet
  facet normal -0.728143 0.685425 0
    outer loop
      vertex 7.36369 71.7399 4
      vertex 7.5994 71.9903 4.8
      vertex 7.5994 71.9903 4
    endloop
  endfacet
  facet normal -0.728143 0.685425 0
    outer loop
      vertex 7.5994 71.9903 4.8
      vertex 7.36369 71.7399 4
      vertex 7.36369 71.7399 4.8
    endloop
  endfacet
  facet normal -0.549865 0.835254 0
    outer loop
      vertex 7.36369 71.7399 4
      vertex 7.09209 71.5611 4.8
      vertex 7.36369 71.7399 4.8
    endloop
  endfacet
  facet normal -0.549865 0.835254 0
    outer loop
      vertex 7.09209 71.5611 4.8
      vertex 7.36369 71.7399 4
      vertex 7.09209 71.5611 4
    endloop
  endfacet
  facet normal -0.32948 0.944162 0
    outer loop
      vertex 7.09209 71.5611 4
      vertex 6.78461 71.4538 4.8
      vertex 7.09209 71.5611 4.8
    endloop
  endfacet
  facet normal -0.32948 0.944162 0
    outer loop
      vertex 6.78461 71.4538 4.8
      vertex 7.09209 71.5611 4
      vertex 6.78461 71.4538 4
    endloop
  endfacet
  facet normal -0.103699 0.994609 0
    outer loop
      vertex 6.78461 71.4538 4
      vertex 6.44124 71.418 4.8
      vertex 6.78461 71.4538 4.8
    endloop
  endfacet
  facet normal -0.103699 0.994609 0
    outer loop
      vertex 6.44124 71.418 4.8
      vertex 6.78461 71.4538 4
      vertex 6.44124 71.418 4
    endloop
  endfacet
  facet normal 0.0712182 0.997461 -0
    outer loop
      vertex 6.44124 71.418 4
      vertex 6.17093 71.4373 4.8
      vertex 6.44124 71.418 4.8
    endloop
  endfacet
  facet normal 0.0712182 0.997461 0
    outer loop
      vertex 6.17093 71.4373 4.8
      vertex 6.44124 71.418 4
      vertex 6.17093 71.4373 4
    endloop
  endfacet
  facet normal 0.227105 0.97387 -0
    outer loop
      vertex 6.17093 71.4373 4
      vertex 5.92393 71.4949 4.8
      vertex 6.17093 71.4373 4.8
    endloop
  endfacet
  facet normal 0.227105 0.97387 0
    outer loop
      vertex 5.92393 71.4949 4.8
      vertex 6.17093 71.4373 4
      vertex 5.92393 71.4949 4
    endloop
  endfacet
  facet normal 0.395074 0.918649 -0
    outer loop
      vertex 5.92393 71.4949 4
      vertex 5.70024 71.5911 4.8
      vertex 5.92393 71.4949 4.8
    endloop
  endfacet
  facet normal 0.395074 0.918649 0
    outer loop
      vertex 5.70024 71.5911 4.8
      vertex 5.92393 71.4949 4
      vertex 5.70024 71.5911 4
    endloop
  endfacet
  facet normal 0.557356 0.830274 -0
    outer loop
      vertex 5.70024 71.5911 4
      vertex 5.49988 71.7256 4.8
      vertex 5.70024 71.5911 4.8
    endloop
  endfacet
  facet normal 0.557356 0.830274 0
    outer loop
      vertex 5.49988 71.7256 4.8
      vertex 5.70024 71.5911 4
      vertex 5.49988 71.7256 4
    endloop
  endfacet
  facet normal 0.698839 0.715279 -0
    outer loop
      vertex 5.49988 71.7256 4
      vertex 5.32281 71.8986 4.8
      vertex 5.49988 71.7256 4.8
    endloop
  endfacet
  facet normal 0.698839 0.715279 0
    outer loop
      vertex 5.32281 71.8986 4.8
      vertex 5.49988 71.7256 4
      vertex 5.32281 71.8986 4
    endloop
  endfacet
  facet normal 0.808798 0.588087 0
    outer loop
      vertex 5.32281 71.8986 4.8
      vertex 5.17397 72.1033 4
      vertex 5.17397 72.1033 4.8
    endloop
  endfacet
  facet normal 0.808798 0.588087 0
    outer loop
      vertex 5.17397 72.1033 4
      vertex 5.32281 71.8986 4.8
      vertex 5.32281 71.8986 4
    endloop
  endfacet
  facet normal 0.892755 0.450542 0
    outer loop
      vertex 5.17397 72.1033 4.8
      vertex 5.0582 72.3327 4
      vertex 5.0582 72.3327 4.8
    endloop
  endfacet
  facet normal 0.892755 0.450542 0
    outer loop
      vertex 5.0582 72.3327 4
      vertex 5.17397 72.1033 4.8
      vertex 5.17397 72.1033 4
    endloop
  endfacet
  facet normal 0.950952 0.30934 0
    outer loop
      vertex 5.0582 72.3327 4.8
      vertex 4.97551 72.5869 4
      vertex 4.97551 72.5869 4.8
    endloop
  endfacet
  facet normal 0.950952 0.30934 0
    outer loop
      vertex 4.97551 72.5869 4
      vertex 5.0582 72.3327 4.8
      vertex 5.0582 72.3327 4
    endloop
  endfacet
  facet normal 0.98455 0.175102 0
    outer loop
      vertex 4.97551 72.5869 4.8
      vertex 4.92589 72.8659 4
      vertex 4.92589 72.8659 4.8
    endloop
  endfacet
  facet normal 0.98455 0.175102 0
    outer loop
      vertex 4.92589 72.8659 4
      vertex 4.97551 72.5869 4.8
      vertex 4.97551 72.5869 4
    endloop
  endfacet
  facet normal 0.998521 0.0543632 0
    outer loop
      vertex 4.92589 72.8659 4.8
      vertex 4.90935 73.1697 4
      vertex 4.90935 73.1697 4.8
    endloop
  endfacet
  facet normal 0.998521 0.0543632 0
    outer loop
      vertex 4.90935 73.1697 4
      vertex 4.92589 72.8659 4.8
      vertex 4.92589 72.8659 4
    endloop
  endfacet
  facet normal 0.99866 -0.0517594 0
    outer loop
      vertex 4.90935 73.1697 4.8
      vertex 4.92522 73.4759 4
      vertex 4.92522 73.4759 4.8
    endloop
  endfacet
  facet normal 0.99866 -0.0517594 0
    outer loop
      vertex 4.92522 73.4759 4
      vertex 4.90935 73.1697 4.8
      vertex 4.90935 73.1697 4
    endloop
  endfacet
  facet normal 0.985746 -0.168238 0
    outer loop
      vertex 4.92522 73.4759 4.8
      vertex 4.97282 73.7548 4
      vertex 4.97282 73.7548 4.8
    endloop
  endfacet
  facet normal 0.985746 -0.168238 0
    outer loop
      vertex 4.97282 73.7548 4
      vertex 4.92522 73.4759 4.8
      vertex 4.92522 73.4759 4
    endloop
  endfacet
  facet normal 0.953785 -0.300491 0
    outer loop
      vertex 4.97282 73.7548 4.8
      vertex 5.05215 74.0066 4
      vertex 5.05215 74.0066 4.8
    endloop
  endfacet
  facet normal 0.953785 -0.300491 0
    outer loop
      vertex 5.05215 74.0066 4
      vertex 4.97282 73.7548 4.8
      vertex 4.97282 73.7548 4
    endloop
  endfacet
  facet normal 0.896304 -0.443441 0
    outer loop
      vertex 5.05215 74.0066 4.8
      vertex 5.16322 74.2311 4
      vertex 5.16322 74.2311 4.8
    endloop
  endfacet
  facet normal 0.896304 -0.443441 0
    outer loop
      vertex 5.16322 74.2311 4
      vertex 5.05215 74.0066 4.8
      vertex 5.05215 74.0066 4
    endloop
  endfacet
  facet normal 0.810064 -0.586342 0
    outer loop
      vertex 5.16322 74.2311 4.8
      vertex 5.30603 74.4284 4
      vertex 5.30603 74.4284 4.8
    endloop
  endfacet
  facet normal 0.810064 -0.586342 0
    outer loop
      vertex 5.30603 74.4284 4
      vertex 5.16322 74.2311 4.8
      vertex 5.16322 74.2311 4
    endloop
  endfacet
  facet normal 0.694421 -0.719569 0
    outer loop
      vertex 5.30603 74.4284 4
      vertex 5.47742 74.5938 4.8
      vertex 5.30603 74.4284 4.8
    endloop
  endfacet
  facet normal 0.694421 -0.719569 0
    outer loop
      vertex 5.47742 74.5938 4.8
      vertex 5.30603 74.4284 4
      vertex 5.47742 74.5938 4
    endloop
  endfacet
  facet normal 0.5468 -0.837263 0
    outer loop
      vertex 5.47742 74.5938 4
      vertex 5.67418 74.7223 4.8
      vertex 5.47742 74.5938 4.8
    endloop
  endfacet
  facet normal 0.5468 -0.837263 0
    outer loop
      vertex 5.67418 74.7223 4.8
      vertex 5.47742 74.5938 4
      vertex 5.67418 74.7223 4
    endloop
  endfacet
  facet normal 0.382237 -0.924064 0
    outer loop
      vertex 5.67418 74.7223 4
      vertex 5.89635 74.8142 4.8
      vertex 5.67418 74.7223 4.8
    endloop
  endfacet
  facet normal 0.382237 -0.924064 0
    outer loop
      vertex 5.89635 74.8142 4.8
      vertex 5.67418 74.7223 4
      vertex 5.89635 74.8142 4
    endloop
  endfacet
  facet normal 0.217256 -0.976115 0
    outer loop
      vertex 5.89635 74.8142 4
      vertex 6.14391 74.8693 4.8
      vertex 5.89635 74.8142 4.8
    endloop
  endfacet
  facet normal 0.217256 -0.976115 0
    outer loop
      vertex 6.14391 74.8693 4.8
      vertex 5.89635 74.8142 4
      vertex 6.14391 74.8693 4
    endloop
  endfacet
  facet normal 0.0672614 -0.997735 0
    outer loop
      vertex 6.14391 74.8693 4
      vertex 6.41685 74.8877 4.8
      vertex 6.14391 74.8693 4.8
    endloop
  endfacet
  facet normal 0.0672614 -0.997735 0
    outer loop
      vertex 6.41685 74.8877 4.8
      vertex 6.14391 74.8693 4
      vertex 6.41685 74.8877 4
    endloop
  endfacet
  facet normal -0.0451695 -0.998979 0
    outer loop
      vertex 6.41685 74.8877 4
      vertex 6.59378 74.8797 4.8
      vertex 6.41685 74.8877 4.8
    endloop
  endfacet
  facet normal -0.0451695 -0.998979 -0
    outer loop
      vertex 6.59378 74.8797 4.8
      vertex 6.41685 74.8877 4
      vertex 6.59378 74.8797 4
    endloop
  endfacet
  facet normal -0.141056 -0.990002 0
    outer loop
      vertex 6.59378 74.8797 4
      vertex 6.76082 74.8559 4.8
      vertex 6.59378 74.8797 4.8
    endloop
  endfacet
  facet normal -0.141056 -0.990002 -0
    outer loop
      vertex 6.76082 74.8559 4.8
      vertex 6.59378 74.8797 4
      vertex 6.76082 74.8559 4
    endloop
  endfacet
  facet normal -0.24435 -0.969687 0
    outer loop
      vertex 6.76082 74.8559 4
      vertex 6.91797 74.8163 4.8
      vertex 6.76082 74.8559 4.8
    endloop
  endfacet
  facet normal -0.24435 -0.969687 -0
    outer loop
      vertex 6.91797 74.8163 4.8
      vertex 6.76082 74.8559 4
      vertex 6.91797 74.8163 4
    endloop
  endfacet
  facet normal -0.353225 -0.935538 0
    outer loop
      vertex 6.91797 74.8163 4
      vertex 7.06523 74.7607 4.8
      vertex 6.91797 74.8163 4.8
    endloop
  endfacet
  facet normal -0.353225 -0.935538 -0
    outer loop
      vertex 7.06523 74.7607 4.8
      vertex 6.91797 74.8163 4
      vertex 7.06523 74.7607 4
    endloop
  endfacet
  facet normal -0.461214 -0.887289 0
    outer loop
      vertex 7.06523 74.7607 4
      vertex 7.20259 74.6893 4.8
      vertex 7.06523 74.7607 4.8
    endloop
  endfacet
  facet normal -0.461214 -0.887289 -0
    outer loop
      vertex 7.20259 74.6893 4.8
      vertex 7.06523 74.7607 4
      vertex 7.20259 74.6893 4
    endloop
  endfacet
  facet normal -0.56804 -0.823001 0
    outer loop
      vertex 7.20259 74.6893 4
      vertex 7.32777 74.6029 4.8
      vertex 7.20259 74.6893 4.8
    endloop
  endfacet
  facet normal -0.56804 -0.823001 -0
    outer loop
      vertex 7.32777 74.6029 4.8
      vertex 7.20259 74.6893 4
      vertex 7.32777 74.6029 4
    endloop
  endfacet
  facet normal -0.672673 -0.73994 0
    outer loop
      vertex 7.32777 74.6029 4
      vertex 7.43843 74.5023 4.8
      vertex 7.32777 74.6029 4.8
    endloop
  endfacet
  facet normal -0.672673 -0.73994 -0
    outer loop
      vertex 7.43843 74.5023 4.8
      vertex 7.32777 74.6029 4
      vertex 7.43843 74.5023 4
    endloop
  endfacet
  facet normal -0.766422 -0.642338 0
    outer loop
      vertex 7.53456 74.3876 4
      vertex 7.43843 74.5023 4.8
      vertex 7.43843 74.5023 4
    endloop
  endfacet
  facet normal -0.766422 -0.642338 0
    outer loop
      vertex 7.43843 74.5023 4.8
      vertex 7.53456 74.3876 4
      vertex 7.53456 74.3876 4.8
    endloop
  endfacet
  facet normal -0.844898 -0.534927 0
    outer loop
      vertex 7.61617 74.2587 4
      vertex 7.53456 74.3876 4.8
      vertex 7.53456 74.3876 4
    endloop
  endfacet
  facet normal -0.844898 -0.534927 0
    outer loop
      vertex 7.53456 74.3876 4.8
      vertex 7.61617 74.2587 4
      vertex 7.61617 74.2587 4.8
    endloop
  endfacet
  facet normal -0.905365 -0.424635 0
    outer loop
      vertex 7.68324 74.1157 4
      vertex 7.61617 74.2587 4.8
      vertex 7.61617 74.2587 4
    endloop
  endfacet
  facet normal -0.905365 -0.424635 0
    outer loop
      vertex 7.61617 74.2587 4.8
      vertex 7.68324 74.1157 4
      vertex 7.68324 74.1157 4.8
    endloop
  endfacet
  facet normal 0.31451 -0.949254 0
    outer loop
      vertex 7.68324 74.1157 4
      vertex 8.23557 74.2987 4.8
      vertex 7.68324 74.1157 4.8
    endloop
  endfacet
  facet normal 0.31451 -0.949254 0
    outer loop
      vertex 8.23557 74.2987 4.8
      vertex 7.68324 74.1157 4
      vertex 8.23557 74.2987 4
    endloop
  endfacet
  facet normal 0.901442 0.432899 0
    outer loop
      vertex 8.23557 74.2987 4.8
      vertex 8.13914 74.4995 4
      vertex 8.13914 74.4995 4.8
    endloop
  endfacet
  facet normal 0.901442 0.432899 0
    outer loop
      vertex 8.13914 74.4995 4
      vertex 8.23557 74.2987 4.8
      vertex 8.23557 74.2987 4
    endloop
  endfacet
  facet normal 0.840793 0.541357 0
    outer loop
      vertex 8.13914 74.4995 4.8
      vertex 8.02318 74.6796 4
      vertex 8.02318 74.6796 4.8
    endloop
  endfacet
  facet normal 0.840793 0.541357 0
    outer loop
      vertex 8.02318 74.6796 4
      vertex 8.13914 74.4995 4.8
      vertex 8.13914 74.4995 4
    endloop
  endfacet
  facet normal 0.761715 0.647912 0
    outer loop
      vertex 8.02318 74.6796 4.8
      vertex 7.88768 74.8389 4
      vertex 7.88768 74.8389 4.8
    endloop
  endfacet
  facet normal 0.761715 0.647912 0
    outer loop
      vertex 7.88768 74.8389 4
      vertex 8.02318 74.6796 4.8
      vertex 8.02318 74.6796 4
    endloop
  endfacet
  facet normal 0.666231 0.745746 -0
    outer loop
      vertex 7.88768 74.8389 4
      vertex 7.73265 74.9774 4.8
      vertex 7.88768 74.8389 4.8
    endloop
  endfacet
  facet normal 0.666231 0.745746 0
    outer loop
      vertex 7.73265 74.9774 4.8
      vertex 7.88768 74.8389 4
      vertex 7.73265 74.9774 4
    endloop
  endfacet
  facet normal 0.559382 0.82891 -0
    outer loop
      vertex 7.73265 74.9774 4
      vertex 7.55809 75.0952 4.8
      vertex 7.73265 74.9774 4.8
    endloop
  endfacet
  facet normal 0.559382 0.82891 0
    outer loop
      vertex 7.55809 75.0952 4.8
      vertex 7.73265 74.9774 4
      vertex 7.55809 75.0952 4
    endloop
  endfacet
  facet normal 0.446973 0.894547 -0
    outer loop
      vertex 7.55809 75.0952 4
      vertex 7.36476 75.1918 4.8
      vertex 7.55809 75.0952 4.8
    endloop
  endfacet
  facet normal 0.446973 0.894547 0
    outer loop
      vertex 7.36476 75.1918 4.8
      vertex 7.55809 75.0952 4
      vertex 7.36476 75.1918 4
    endloop
  endfacet
  facet normal 0.335136 0.94217 -0
    outer loop
      vertex 7.36476 75.1918 4
      vertex 7.15335 75.267 4.8
      vertex 7.36476 75.1918 4.8
    endloop
  endfacet
  facet normal 0.335136 0.94217 0
    outer loop
      vertex 7.15335 75.267 4.8
      vertex 7.36476 75.1918 4
      vertex 7.15335 75.267 4
    endloop
  endfacet
  facet normal 0.228273 0.973597 -0
    outer loop
      vertex 7.15335 75.267 4
      vertex 6.92389 75.3208 4.8
      vertex 7.15335 75.267 4.8
    endloop
  endfacet
  facet normal 0.228273 0.973597 0
    outer loop
      vertex 6.92389 75.3208 4.8
      vertex 7.15335 75.267 4
      vertex 6.92389 75.3208 4
    endloop
  endfacet
  facet normal 0.128993 0.991645 -0
    outer loop
      vertex 6.92389 75.3208 4
      vertex 6.67635 75.353 4.8
      vertex 6.92389 75.3208 4.8
    endloop
  endfacet
  facet normal 0.128993 0.991645 0
    outer loop
      vertex 6.67635 75.353 4.8
      vertex 6.92389 75.3208 4
      vertex 6.67635 75.353 4
    endloop
  endfacet
  facet normal 0.040252 0.99919 -0
    outer loop
      vertex 6.67635 75.353 4
      vertex 6.41074 75.3637 4.8
      vertex 6.67635 75.353 4.8
    endloop
  endfacet
  facet normal 0.040252 0.99919 0
    outer loop
      vertex 6.41074 75.3637 4.8
      vertex 6.67635 75.353 4
      vertex 6.41074 75.3637 4
    endloop
  endfacet
  facet normal -0.0618544 0.998085 0
    outer loop
      vertex 6.41074 75.3637 4
      vertex 6.03477 75.3404 4.8
      vertex 6.41074 75.3637 4.8
    endloop
  endfacet
  facet normal -0.0618544 0.998085 0
    outer loop
      vertex 6.03477 75.3404 4.8
      vertex 6.41074 75.3637 4
      vertex 6.03477 75.3404 4
    endloop
  endfacet
  facet normal -0.20037 0.97972 0
    outer loop
      vertex 6.03477 75.3404 4
      vertex 5.69299 75.2705 4.8
      vertex 6.03477 75.3404 4.8
    endloop
  endfacet
  facet normal -0.20037 0.97972 0
    outer loop
      vertex 5.69299 75.2705 4.8
      vertex 6.03477 75.3404 4
      vertex 5.69299 75.2705 4
    endloop
  endfacet
  facet normal -0.354453 0.935074 0
    outer loop
      vertex 5.69299 75.2705 4
      vertex 5.38539 75.1539 4.8
      vertex 5.69299 75.2705 4.8
    endloop
  endfacet
  facet normal -0.354453 0.935074 0
    outer loop
      vertex 5.38539 75.1539 4.8
      vertex 5.69299 75.2705 4
      vertex 5.38539 75.1539 4
    endloop
  endfacet
  facet normal -0.512527 0.858671 0
    outer loop
      vertex 5.38539 75.1539 4
      vertex 5.11197 74.9907 4.8
      vertex 5.38539 75.1539 4.8
    endloop
  endfacet
  facet normal -0.512527 0.858671 0
    outer loop
      vertex 5.11197 74.9907 4.8
      vertex 5.38539 75.1539 4
      vertex 5.11197 74.9907 4
    endloop
  endfacet
  facet normal -0.659332 0.751852 0
    outer loop
      vertex 5.11197 74.9907 4
      vertex 4.87273 74.7809 4.8
      vertex 5.11197 74.9907 4.8
    endloop
  endfacet
  facet normal -0.659332 0.751852 0
    outer loop
      vertex 4.87273 74.7809 4.8
      vertex 5.11197 74.9907 4
      vertex 4.87273 74.7809 4
    endloop
  endfacet
  facet normal -0.782205 0.623021 0
    outer loop
      vertex 4.67281 74.5299 4
      vertex 4.87273 74.7809 4.8
      vertex 4.87273 74.7809 4
    endloop
  endfacet
  facet normal -0.782205 0.623021 0
    outer loop
      vertex 4.87273 74.7809 4.8
      vertex 4.67281 74.5299 4
      vertex 4.67281 74.5299 4.8
    endloop
  endfacet
  facet normal -0.878947 0.476919 0
    outer loop
      vertex 4.5173 74.2433 4
      vertex 4.67281 74.5299 4.8
      vertex 4.67281 74.5299 4
    endloop
  endfacet
  facet normal -0.878947 0.476919 0
    outer loop
      vertex 4.67281 74.5299 4.8
      vertex 4.5173 74.2433 4
      vertex 4.5173 74.2433 4.8
    endloop
  endfacet
  facet normal -0.945403 0.325903 0
    outer loop
      vertex 4.40623 73.9211 4
      vertex 4.5173 74.2433 4.8
      vertex 4.5173 74.2433 4
    endloop
  endfacet
  facet normal -0.945403 0.325903 0
    outer loop
      vertex 4.5173 74.2433 4.8
      vertex 4.40623 73.9211 4
      vertex 4.40623 73.9211 4.8
    endloop
  endfacet
  facet normal -0.983098 0.183078 0
    outer loop
      vertex 4.33958 73.5632 4
      vertex 4.40623 73.9211 4.8
      vertex 4.40623 73.9211 4
    endloop
  endfacet
  facet normal -0.983098 0.183078 0
    outer loop
      vertex 4.40623 73.9211 4.8
      vertex 4.33958 73.5632 4
      vertex 4.33958 73.5632 4.8
    endloop
  endfacet
  facet normal -0.998412 0.0563272 0
    outer loop
      vertex 4.31738 73.1697 4
      vertex 4.33958 73.5632 4.8
      vertex 4.33958 73.5632 4
    endloop
  endfacet
  facet normal -0.998412 0.0563272 0
    outer loop
      vertex 4.33958 73.5632 4.8
      vertex 4.31738 73.1697 4
      vertex 4.31738 73.1697 4.8
    endloop
  endfacet
  facet normal -0.999308 -0.0371983 0
    outer loop
      vertex 4.32733 72.9024 4
      vertex 4.31738 73.1697 4.8
      vertex 4.31738 73.1697 4
    endloop
  endfacet
  facet normal -0.999308 -0.0371983 0
    outer loop
      vertex 4.31738 73.1697 4.8
      vertex 4.32733 72.9024 4
      vertex 4.32733 72.9024 4.8
    endloop
  endfacet
  facet normal -0.993094 -0.117323 0
    outer loop
      vertex 4.35716 72.6499 4
      vertex 4.32733 72.9024 4.8
      vertex 4.32733 72.9024 4
    endloop
  endfacet
  facet normal -0.993094 -0.117323 0
    outer loop
      vertex 4.32733 72.9024 4.8
      vertex 4.35716 72.6499 4
      vertex 4.35716 72.6499 4.8
    endloop
  endfacet
  facet normal -0.978792 -0.204859 0
    outer loop
      vertex 4.40691 72.4122 4
      vertex 4.35716 72.6499 4.8
      vertex 4.35716 72.6499 4
    endloop
  endfacet
  facet normal -0.978792 -0.204859 0
    outer loop
      vertex 4.35716 72.6499 4.8
      vertex 4.40691 72.4122 4
      vertex 4.40691 72.4122 4.8
    endloop
  endfacet
  facet normal -0.954524 -0.298134 0
    outer loop
      vertex 4.47653 72.1893 4
      vertex 4.40691 72.4122 4.8
      vertex 4.40691 72.4122 4
    endloop
  endfacet
  facet normal -0.954524 -0.298134 0
    outer loop
      vertex 4.40691 72.4122 4.8
      vertex 4.47653 72.1893 4
      vertex 4.47653 72.1893 4.8
    endloop
  endfacet
  facet normal -0.918695 -0.394968 0
    outer loop
      vertex 4.56604 71.9811 4
      vertex 4.47653 72.1893 4.8
      vertex 4.47653 72.1893 4
    endloop
  endfacet
  facet normal -0.918695 -0.394968 0
    outer loop
      vertex 4.47653 72.1893 4.8
      vertex 4.56604 71.9811 4
      vertex 4.56604 71.9811 4.8
    endloop
  endfacet
  facet normal -0.870016 -0.493024 0
    outer loop
      vertex 4.67456 71.7896 4
      vertex 4.56604 71.9811 4.8
      vertex 4.56604 71.9811 4
    endloop
  endfacet
  facet normal -0.870016 -0.493024 0
    outer loop
      vertex 4.56604 71.9811 4.8
      vertex 4.67456 71.7896 4
      vertex 4.67456 71.7896 4.8
    endloop
  endfacet
  facet normal -0.80702 -0.590524 0
    outer loop
      vertex 4.80115 71.6166 4
      vertex 4.67456 71.7896 4.8
      vertex 4.67456 71.7896 4
    endloop
  endfacet
  facet normal -0.80702 -0.590524 0
    outer loop
      vertex 4.67456 71.7896 4.8
      vertex 4.80115 71.6166 4
      vertex 4.80115 71.6166 4.8
    endloop
  endfacet
  facet normal -0.729773 -0.68369 0
    outer loop
      vertex 4.9458 71.4622 4
      vertex 4.80115 71.6166 4.8
      vertex 4.80115 71.6166 4
    endloop
  endfacet
  facet normal -0.729773 -0.68369 0
    outer loop
      vertex 4.80115 71.6166 4.8
      vertex 4.9458 71.4622 4
      vertex 4.9458 71.4622 4.8
    endloop
  endfacet
  facet normal -0.641042 -0.767506 0
    outer loop
      vertex 4.9458 71.4622 4
      vertex 5.10851 71.3263 4.8
      vertex 4.9458 71.4622 4.8
    endloop
  endfacet
  facet normal -0.641042 -0.767506 -0
    outer loop
      vertex 5.10851 71.3263 4.8
      vertex 4.9458 71.4622 4
      vertex 5.10851 71.3263 4
    endloop
  endfacet
  facet normal -0.544313 -0.838882 0
    outer loop
      vertex 5.10851 71.3263 4
      vertex 5.28929 71.209 4.8
      vertex 5.10851 71.3263 4.8
    endloop
  endfacet
  facet normal -0.544313 -0.838882 -0
    outer loop
      vertex 5.28929 71.209 4.8
      vertex 5.10851 71.3263 4
      vertex 5.28929 71.209 4
    endloop
  endfacet
  facet normal -0.442798 -0.896621 0
    outer loop
      vertex 5.28929 71.209 4
      vertex 5.48611 71.1118 4.8
      vertex 5.28929 71.209 4.8
    endloop
  endfacet
  facet normal -0.442798 -0.896621 -0
    outer loop
      vertex 5.48611 71.1118 4.8
      vertex 5.28929 71.209 4
      vertex 5.48611 71.1118 4
    endloop
  endfacet
  facet normal -0.337481 -0.941332 0
    outer loop
      vertex 5.48611 71.1118 4
      vertex 5.69698 71.0362 4.8
      vertex 5.48611 71.1118 4.8
    endloop
  endfacet
  facet normal -0.337481 -0.941332 -0
    outer loop
      vertex 5.69698 71.0362 4.8
      vertex 5.48611 71.1118 4
      vertex 5.69698 71.0362 4
    endloop
  endfacet
  facet normal -0.233471 -0.972364 0
    outer loop
      vertex 5.69698 71.0362 4
      vertex 5.92188 70.9822 4.8
      vertex 5.69698 71.0362 4.8
    endloop
  endfacet
  facet normal -0.233471 -0.972364 -0
    outer loop
      vertex 5.92188 70.9822 4.8
      vertex 5.69698 71.0362 4
      vertex 5.92188 70.9822 4
    endloop
  endfacet
  facet normal -0.134375 -0.990931 0
    outer loop
      vertex 5.92188 70.9822 4
      vertex 6.16081 70.9498 4.8
      vertex 5.92188 70.9822 4.8
    endloop
  endfacet
  facet normal -0.134375 -0.990931 -0
    outer loop
      vertex 6.16081 70.9498 4.8
      vertex 5.92188 70.9822 4
      vertex 6.16081 70.9498 4
    endloop
  endfacet
  facet normal -0.0426523 -0.99909 0
    outer loop
      vertex 6.16081 70.9498 4
      vertex 6.41379 70.939 4.8
      vertex 6.16081 70.9498 4.8
    endloop
  endfacet
  facet normal -0.0426523 -0.99909 -0
    outer loop
      vertex 6.41379 70.939 4.8
      vertex 6.16081 70.9498 4
      vertex 6.41379 70.939 4
    endloop
  endfacet
  facet normal 0.0467758 -0.998905 0
    outer loop
      vertex 6.41379 70.939 4
      vertex 6.66151 70.9506 4.8
      vertex 6.41379 70.939 4.8
    endloop
  endfacet
  facet normal 0.0467758 -0.998905 0
    outer loop
      vertex 6.66151 70.9506 4.8
      vertex 6.41379 70.939 4
      vertex 6.66151 70.9506 4
    endloop
  endfacet
  facet normal 0.146452 -0.989218 0
    outer loop
      vertex 12.9832 71.0127 4
      vertex 13.2419 71.051 4.8
      vertex 12.9832 71.0127 4.8
    endloop
  endfacet
  facet normal 0.146452 -0.989218 0
    outer loop
      vertex 13.2419 71.051 4.8
      vertex 12.9832 71.0127 4
      vertex 13.2419 71.051 4
    endloop
  endfacet
  facet normal 0.264626 -0.964351 0
    outer loop
      vertex 13.2419 71.051 4
      vertex 13.4744 71.1148 4.8
      vertex 13.2419 71.051 4.8
    endloop
  endfacet
  facet normal 0.264626 -0.964351 0
    outer loop
      vertex 13.4744 71.1148 4.8
      vertex 13.2419 71.051 4
      vertex 13.4744 71.1148 4
    endloop
  endfacet
  facet normal 0.397083 -0.917783 0
    outer loop
      vertex 13.4744 71.1148 4
      vertex 13.6808 71.2041 4.8
      vertex 13.4744 71.1148 4.8
    endloop
  endfacet
  facet normal 0.397083 -0.917783 0
    outer loop
      vertex 13.6808 71.2041 4.8
      vertex 13.4744 71.1148 4
      vertex 13.6808 71.2041 4
    endloop
  endfacet
  facet normal 0.537087 -0.843527 0
    outer loop
      vertex 13.6808 71.2041 4
      vertex 13.8611 71.3189 4.8
      vertex 13.6808 71.2041 4.8
    endloop
  endfacet
  facet normal 0.537087 -0.843527 0
    outer loop
      vertex 13.8611 71.3189 4.8
      vertex 13.6808 71.2041 4
      vertex 13.8611 71.3189 4
    endloop
  endfacet
  facet normal 0.675036 -0.737785 0
    outer loop
      vertex 13.8611 71.3189 4
      vertex 14.0116 71.4566 4.8
      vertex 13.8611 71.3189 4.8
    endloop
  endfacet
  facet normal 0.675036 -0.737785 0
    outer loop
      vertex 14.0116 71.4566 4.8
      vertex 13.8611 71.3189 4
      vertex 14.0116 71.4566 4
    endloop
  endfacet
  facet normal 0.804007 -0.59462 0
    outer loop
      vertex 14.0116 71.4566 4.8
      vertex 14.1286 71.6148 4
      vertex 14.1286 71.6148 4.8
    endloop
  endfacet
  facet normal 0.804007 -0.59462 0
    outer loop
      vertex 14.1286 71.6148 4
      vertex 14.0116 71.4566 4.8
      vertex 14.0116 71.4566 4
    endloop
  endfacet
  facet normal 0.905599 -0.424135 0
    outer loop
      vertex 14.1286 71.6148 4.8
      vertex 14.2122 71.7933 4
      vertex 14.2122 71.7933 4.8
    endloop
  endfacet
  facet normal 0.905599 -0.424135 0
    outer loop
      vertex 14.2122 71.7933 4
      vertex 14.1286 71.6148 4.8
      vertex 14.1286 71.6148 4
    endloop
  endfacet
  facet normal 0.969595 -0.244714 0
    outer loop
      vertex 14.2122 71.7933 4.8
      vertex 14.2624 71.9922 4
      vertex 14.2624 71.9922 4.8
    endloop
  endfacet
  facet normal 0.969595 -0.244714 0
    outer loop
      vertex 14.2624 71.9922 4
      vertex 14.2122 71.7933 4.8
      vertex 14.2122 71.7933 4
    endloop
  endfacet
  facet normal 0.997113 -0.0759315 0
    outer loop
      vertex 14.2624 71.9922 4.8
      vertex 14.2791 72.2115 4
      vertex 14.2791 72.2115 4.8
    endloop
  endfacet
  facet normal 0.997113 -0.0759315 0
    outer loop
      vertex 14.2791 72.2115 4
      vertex 14.2624 71.9922 4.8
      vertex 14.2624 71.9922 4
    endloop
  endfacet
  facet normal 0.997777 0.0666385 0
    outer loop
      vertex 14.2791 72.2115 4.8
      vertex 14.268 72.3777 4
      vertex 14.268 72.3777 4.8
    endloop
  endfacet
  facet normal 0.997777 0.0666385 0
    outer loop
      vertex 14.268 72.3777 4
      vertex 14.2791 72.2115 4.8
      vertex 14.2791 72.2115 4
    endloop
  endfacet
  facet normal 0.977495 0.210957 0
    outer loop
      vertex 14.268 72.3777 4.8
      vertex 14.2347 72.532 4
      vertex 14.2347 72.532 4.8
    endloop
  endfacet
  facet normal 0.977495 0.210957 0
    outer loop
      vertex 14.2347 72.532 4
      vertex 14.268 72.3777 4.8
      vertex 14.268 72.3777 4
    endloop
  endfacet
  facet normal 0.93182 0.36292 0
    outer loop
      vertex 14.2347 72.532 4.8
      vertex 14.1792 72.6745 4
      vertex 14.1792 72.6745 4.8
    endloop
  endfacet
  facet normal 0.93182 0.36292 0
    outer loop
      vertex 14.1792 72.6745 4
      vertex 14.2347 72.532 4.8
      vertex 14.2347 72.532 4
    endloop
  endfacet
  facet normal 0.859114 0.511785 0
    outer loop
      vertex 14.1792 72.6745 4.8
      vertex 14.1014 72.8051 4
      vertex 14.1014 72.8051 4.8
    endloop
  endfacet
  facet normal 0.859114 0.511785 0
    outer loop
      vertex 14.1014 72.8051 4
      vertex 14.1792 72.6745 4.8
      vertex 14.1792 72.6745 4
    endloop
  endfacet
  facet normal 0.765312 0.64366 0
    outer loop
      vertex 14.1014 72.8051 4.8
      vertex 14.0014 72.924 4
      vertex 14.0014 72.924 4.8
    endloop
  endfacet
  facet normal 0.765312 0.64366 0
    outer loop
      vertex 14.0014 72.924 4
      vertex 14.1014 72.8051 4.8
      vertex 14.1014 72.8051 4
    endloop
  endfacet
  facet normal 0.653685 0.756766 -0
    outer loop
      vertex 14.0014 72.924 4
      vertex 13.881 73.028 4.8
      vertex 14.0014 72.924 4.8
    endloop
  endfacet
  facet normal 0.653685 0.756766 0
    outer loop
      vertex 13.881 73.028 4.8
      vertex 14.0014 72.924 4
      vertex 13.881 73.028 4
    endloop
  endfacet
  facet normal 0.527089 0.84981 -0
    outer loop
      vertex 13.881 73.028 4
      vertex 13.7417 73.1144 4.8
      vertex 13.881 73.028 4.8
    endloop
  endfacet
  facet normal 0.527089 0.84981 0
    outer loop
      vertex 13.7417 73.1144 4.8
      vertex 13.881 73.028 4
      vertex 13.7417 73.1144 4
    endloop
  endfacet
  facet normal 0.398535 0.917153 -0
    outer loop
      vertex 13.7417 73.1144 4
      vertex 13.5836 73.1831 4.8
      vertex 13.7417 73.1144 4.8
    endloop
  endfacet
  facet normal 0.398535 0.917153 0
    outer loop
      vertex 13.5836 73.1831 4.8
      vertex 13.7417 73.1144 4
      vertex 13.5836 73.1831 4
    endloop
  endfacet
  facet normal 0.276659 0.960968 -0
    outer loop
      vertex 13.5836 73.1831 4
      vertex 13.4068 73.234 4.8
      vertex 13.5836 73.1831 4.8
    endloop
  endfacet
  facet normal 0.276659 0.960968 0
    outer loop
      vertex 13.4068 73.234 4.8
      vertex 13.5836 73.1831 4
      vertex 13.4068 73.234 4
    endloop
  endfacet
  facet normal 0.167747 0.98583 -0
    outer loop
      vertex 13.4068 73.234 4
      vertex 13.2111 73.2673 4.8
      vertex 13.4068 73.234 4.8
    endloop
  endfacet
  facet normal 0.167747 0.98583 0
    outer loop
      vertex 13.2111 73.2673 4.8
      vertex 13.4068 73.234 4
      vertex 13.2111 73.2673 4
    endloop
  endfacet
  facet normal 0.272165 -0.962251 0
    outer loop
      vertex 13.2111 73.2673 4
      vertex 13.3603 73.3095 4.8
      vertex 13.2111 73.2673 4.8
    endloop
  endfacet
  facet normal 0.272165 -0.962251 0
    outer loop
      vertex 13.3603 73.3095 4.8
      vertex 13.2111 73.2673 4
      vertex 13.3603 73.3095 4
    endloop
  endfacet
  facet normal 0.382573 -0.923925 0
    outer loop
      vertex 13.3603 73.3095 4
      vertex 13.4953 73.3654 4.8
      vertex 13.3603 73.3095 4.8
    endloop
  endfacet
  facet normal 0.382573 -0.923925 0
    outer loop
      vertex 13.4953 73.3654 4.8
      vertex 13.3603 73.3095 4
      vertex 13.4953 73.3654 4
    endloop
  endfacet
  facet normal 0.499226 -0.866472 0
    outer loop
      vertex 13.4953 73.3654 4
      vertex 13.6161 73.435 4.8
      vertex 13.4953 73.3654 4.8
    endloop
  endfacet
  facet normal 0.499226 -0.866472 0
    outer loop
      vertex 13.6161 73.435 4.8
      vertex 13.4953 73.3654 4
      vertex 13.6161 73.435 4
    endloop
  endfacet
  facet normal 0.614912 -0.788595 0
    outer loop
      vertex 13.6161 73.435 4
      vertex 13.7228 73.5182 4.8
      vertex 13.6161 73.435 4.8
    endloop
  endfacet
  facet normal 0.614912 -0.788595 0
    outer loop
      vertex 13.7228 73.5182 4.8
      vertex 13.6161 73.435 4
      vertex 13.7228 73.5182 4
    endloop
  endfacet
  facet normal 0.723694 -0.690121 0
    outer loop
      vertex 13.7228 73.5182 4.8
      vertex 13.8153 73.6152 4
      vertex 13.8153 73.6152 4.8
    endloop
  endfacet
  facet normal 0.723694 -0.690121 0
    outer loop
      vertex 13.8153 73.6152 4
      vertex 13.7228 73.5182 4.8
      vertex 13.7228 73.5182 4
    endloop
  endfacet
  facet normal 0.816113 -0.577892 0
    outer loop
      vertex 13.8153 73.6152 4.8
      vertex 13.8922 73.7238 4
      vertex 13.8922 73.7238 4.8
    endloop
  endfacet
  facet normal 0.816113 -0.577892 0
    outer loop
      vertex 13.8922 73.7238 4
      vertex 13.8153 73.6152 4.8
      vertex 13.8153 73.6152 4
    endloop
  endfacet
  facet normal 0.892611 -0.450829 0
    outer loop
      vertex 13.8922 73.7238 4.8
      vertex 13.952 73.8422 4
      vertex 13.952 73.8422 4.8
    endloop
  endfacet
  facet normal 0.892611 -0.450829 0
    outer loop
      vertex 13.952 73.8422 4
      vertex 13.8922 73.7238 4.8
      vertex 13.8922 73.7238 4
    endloop
  endfacet
  facet normal 0.948535 -0.316672 0
    outer loop
      vertex 13.952 73.8422 4.8
      vertex 13.9948 73.9704 4
      vertex 13.9948 73.9704 4.8
    endloop
  endfacet
  facet normal 0.948535 -0.316672 0
    outer loop
      vertex 13.9948 73.9704 4
      vertex 13.952 73.8422 4.8
      vertex 13.952 73.8422 4
    endloop
  endfacet
  facet normal 0.983202 -0.182523 0
    outer loop
      vertex 13.9948 73.9704 4.8
      vertex 14.0204 74.1083 4
      vertex 14.0204 74.1083 4.8
    endloop
  endfacet
  facet normal 0.983202 -0.182523 0
    outer loop
      vertex 14.0204 74.1083 4
      vertex 13.9948 73.9704 4.8
      vertex 13.9948 73.9704 4
    endloop
  endfacet
  facet normal 0.998348 -0.057454 0
    outer loop
      vertex 14.0204 74.1083 4.8
      vertex 14.0289 74.256 4
      vertex 14.0289 74.256 4.8
    endloop
  endfacet
  facet normal 0.998348 -0.057454 0
    outer loop
      vertex 14.0289 74.256 4
      vertex 14.0204 74.1083 4.8
      vertex 14.0204 74.1083 4
    endloop
  endfacet
  facet normal 0.987281 0.158985 0
    outer loop
      vertex 14.0289 74.256 4.8
      vertex 13.9684 74.6317 4
      vertex 13.9684 74.6317 4.8
    endloop
  endfacet
  facet normal 0.987281 0.158985 0
    outer loop
      vertex 13.9684 74.6317 4
      vertex 14.0289 74.256 4.8
      vertex 14.0289 74.256 4
    endloop
  endfacet
  facet normal 0.849335 0.527855 0
    outer loop
      vertex 13.9684 74.6317 4.8
      vertex 13.7868 74.9239 4
      vertex 13.7868 74.9239 4.8
    endloop
  endfacet
  facet normal 0.849335 0.527855 0
    outer loop
      vertex 13.7868 74.9239 4
      vertex 13.9684 74.6317 4.8
      vertex 13.9684 74.6317 4
    endloop
  endfacet
  facet normal 0.567682 0.823248 -0
    outer loop
      vertex 13.7868 74.9239 4
      vertex 13.484 75.1327 4.8
      vertex 13.7868 74.9239 4.8
    endloop
  endfacet
  facet normal 0.567682 0.823248 0
    outer loop
      vertex 13.484 75.1327 4.8
      vertex 13.7868 74.9239 4
      vertex 13.484 75.1327 4
    endloop
  endfacet
  facet normal 0.283318 0.959026 -0
    outer loop
      vertex 13.484 75.1327 4
      vertex 13.0602 75.2579 4.8
      vertex 13.484 75.1327 4.8
    endloop
  endfacet
  facet normal 0.283318 0.959026 0
    outer loop
      vertex 13.0602 75.2579 4.8
      vertex 13.484 75.1327 4
      vertex 13.0602 75.2579 4
    endloop
  endfacet
  facet normal 0.0765006 0.99707 -0
    outer loop
      vertex 13.0602 75.2579 4
      vertex 12.5154 75.2997 4.8
      vertex 13.0602 75.2579 4.8
    endloop
  endfacet
  facet normal 0.0765006 0.99707 0
    outer loop
      vertex 12.5154 75.2997 4.8
      vertex 13.0602 75.2579 4
      vertex 12.5154 75.2997 4
    endloop
  endfacet
  facet normal 0 1 -0
    outer loop
      vertex 12.5154 75.2997 4
      vertex 10.953 75.2997 4.8
      vertex 12.5154 75.2997 4.8
    endloop
  endfacet
  facet normal 0 1 0
    outer loop
      vertex 10.953 75.2997 4.8
      vertex 12.5154 75.2997 4
      vertex 10.953 75.2997 4
    endloop
  endfacet
  facet normal -1 0 0
    outer loop
      vertex 10.953 71 4
      vertex 10.953 75.2997 4.8
      vertex 10.953 75.2997 4
    endloop
  endfacet
  facet normal -1 -0 0
    outer loop
      vertex 10.953 75.2997 4.8
      vertex 10.953 71 4
      vertex 10.953 71 4.8
    endloop
  endfacet
  facet normal 0 -1 0
    outer loop
      vertex 10.953 71 4
      vertex 12.6984 71 4.8
      vertex 10.953 71 4.8
    endloop
  endfacet
  facet normal 0 -1 -0
    outer loop
      vertex 12.6984 71 4.8
      vertex 10.953 71 4
      vertex 12.6984 71 4
    endloop
  endfacet
  facet normal 0.0445484 -0.999007 0
    outer loop
      vertex 12.6984 71 4
      vertex 12.9832 71.0127 4.8
      vertex 12.6984 71 4.8
    endloop
  endfacet
  facet normal 0.0445484 -0.999007 0
    outer loop
      vertex 12.9832 71.0127 4.8
      vertex 12.6984 71 4
      vertex 12.9832 71.0127 4
    endloop
  endfacet
  facet normal 1 -0 0
    outer loop
      vertex 11.5358 73.4718 4.8
      vertex 11.5358 74.8328 4
      vertex 11.5358 74.8328 4.8
    endloop
  endfacet
  facet normal 1 0 0
    outer loop
      vertex 11.5358 74.8328 4
      vertex 11.5358 73.4718 4.8
      vertex 11.5358 73.4718 4
    endloop
  endfacet
  facet normal 0 -1 0
    outer loop
      vertex 11.5358 74.8328 4
      vertex 12.5154 74.8328 4.8
      vertex 11.5358 74.8328 4.8
    endloop
  endfacet
  facet normal 0 -1 -0
    outer loop
      vertex 12.5154 74.8328 4.8
      vertex 11.5358 74.8328 4
      vertex 12.5154 74.8328 4
    endloop
  endfacet
  facet normal -0.0348423 -0.999393 0
    outer loop
      vertex 12.5154 74.8328 4
      vertex 12.6875 74.8268 4.8
      vertex 12.5154 74.8328 4.8
    endloop
  endfacet
  facet normal -0.0348423 -0.999393 -0
    outer loop
      vertex 12.6875 74.8268 4.8
      vertex 12.5154 74.8328 4
      vertex 12.6875 74.8268 4
    endloop
  endfacet
  facet normal -0.114721 -0.993398 0
    outer loop
      vertex 12.6875 74.8268 4
      vertex 12.8425 74.8089 4.8
      vertex 12.6875 74.8268 4.8
    endloop
  endfacet
  facet normal -0.114721 -0.993398 -0
    outer loop
      vertex 12.8425 74.8089 4.8
      vertex 12.6875 74.8268 4
      vertex 12.8425 74.8089 4
    endloop
  endfacet
  facet normal -0.212577 -0.977144 0
    outer loop
      vertex 12.8425 74.8089 4
      vertex 12.9804 74.7789 4.8
      vertex 12.8425 74.8089 4.8
    endloop
  endfacet
  facet normal -0.212577 -0.977144 -0
    outer loop
      vertex 12.9804 74.7789 4.8
      vertex 12.8425 74.8089 4
      vertex 12.9804 74.7789 4
    endloop
  endfacet
  facet normal -0.327003 -0.945023 0
    outer loop
      vertex 12.9804 74.7789 4
      vertex 13.1012 74.7371 4.8
      vertex 12.9804 74.7789 4.8
    endloop
  endfacet
  facet normal -0.327003 -0.945023 -0
    outer loop
      vertex 13.1012 74.7371 4.8
      vertex 12.9804 74.7789 4
      vertex 13.1012 74.7371 4
    endloop
  endfacet
  facet normal -0.460841 -0.887483 0
    outer loop
      vertex 13.1012 74.7371 4
      vertex 13.205 74.6832 4.8
      vertex 13.1012 74.7371 4.8
    endloop
  endfacet
  facet normal -0.460841 -0.887483 -0
    outer loop
      vertex 13.205 74.6832 4.8
      vertex 13.1012 74.7371 4
      vertex 13.205 74.6832 4
    endloop
  endfacet
  facet normal -0.619882 -0.784695 0
    outer loop
      vertex 13.205 74.6832 4
      vertex 13.2907 74.6155 4.8
      vertex 13.205 74.6832 4.8
    endloop
  endfacet
  facet normal -0.619882 -0.784695 -0
    outer loop
      vertex 13.2907 74.6155 4.8
      vertex 13.205 74.6832 4
      vertex 13.2907 74.6155 4
    endloop
  endfacet
  facet normal -0.782145 -0.623096 0
    outer loop
      vertex 13.3573 74.5319 4
      vertex 13.2907 74.6155 4.8
      vertex 13.2907 74.6155 4
    endloop
  endfacet
  facet normal -0.782145 -0.623096 0
    outer loop
      vertex 13.2907 74.6155 4.8
      vertex 13.3573 74.5319 4
      vertex 13.3573 74.5319 4.8
    endloop
  endfacet
  facet normal -0.902088 -0.431552 0
    outer loop
      vertex 13.4049 74.4324 4
      vertex 13.3573 74.5319 4.8
      vertex 13.3573 74.5319 4
    endloop
  endfacet
  facet normal -0.902088 -0.431552 0
    outer loop
      vertex 13.3573 74.5319 4.8
      vertex 13.4049 74.4324 4
      vertex 13.4049 74.4324 4.8
    endloop
  endfacet
  facet normal -0.970635 -0.240556 0
    outer loop
      vertex 13.4335 74.317 4
      vertex 13.4049 74.4324 4.8
      vertex 13.4049 74.4324 4
    endloop
  endfacet
  facet normal -0.970635 -0.240556 0
    outer loop
      vertex 13.4049 74.4324 4.8
      vertex 13.4335 74.317 4
      vertex 13.4335 74.317 4.8
    endloop
  endfacet
  facet normal -0.997389 -0.0722195 0
    outer loop
      vertex 13.443 74.1858 4
      vertex 13.4335 74.317 4.8
      vertex 13.4335 74.317 4
    endloop
  endfacet
  facet normal -0.997389 -0.0722195 0
    outer loop
      vertex 13.4335 74.317 4.8
      vertex 13.443 74.1858 4
      vertex 13.443 74.1858 4.8
    endloop
  endfacet
  facet normal -0.997776 0.0666633 0
    outer loop
      vertex 13.4338 74.0481 4
      vertex 13.443 74.1858 4.8
      vertex 13.443 74.1858 4
    endloop
  endfacet
  facet normal -0.997776 0.0666633 0
    outer loop
      vertex 13.443 74.1858 4.8
      vertex 13.4338 74.0481 4
      vertex 13.4338 74.0481 4.8
    endloop
  endfacet
  facet normal -0.975661 0.219285 0
    outer loop
      vertex 13.4062 73.9253 4
      vertex 13.4338 74.0481 4.8
      vertex 13.4338 74.0481 4
    endloop
  endfacet
  facet normal -0.975661 0.219285 0
    outer loop
      vertex 13.4338 74.0481 4.8
      vertex 13.4062 73.9253 4
      vertex 13.4062 73.9253 4.8
    endloop
  endfacet
  facet normal -0.919322 0.393507 0
    outer loop
      vertex 13.3601 73.8176 4
      vertex 13.4062 73.9253 4.8
      vertex 13.4062 73.9253 4
    endloop
  endfacet
  facet normal -0.919322 0.393507 0
    outer loop
      vertex 13.4062 73.9253 4.8
      vertex 13.3601 73.8176 4
      vertex 13.3601 73.8176 4.8
    endloop
  endfacet
  facet normal -0.820851 0.571142 0
    outer loop
      vertex 13.2956 73.7249 4
      vertex 13.3601 73.8176 4.8
      vertex 13.3601 73.8176 4
    endloop
  endfacet
  facet normal -0.820851 0.571142 0
    outer loop
      vertex 13.3601 73.8176 4.8
      vertex 13.2956 73.7249 4
      vertex 13.2956 73.7249 4.8
    endloop
  endfacet
  facet normal -0.683414 0.730031 0
    outer loop
      vertex 13.2956 73.7249 4
      vertex 13.2126 73.6472 4.8
      vertex 13.2956 73.7249 4.8
    endloop
  endfacet
  facet normal -0.683414 0.730031 0
    outer loop
      vertex 13.2126 73.6472 4.8
      vertex 13.2956 73.7249 4
      vertex 13.2126 73.6472 4
    endloop
  endfacet
  facet normal -0.528195 0.849123 0
    outer loop
      vertex 13.2126 73.6472 4
      vertex 13.111 73.584 4.8
      vertex 13.2126 73.6472 4.8
    endloop
  endfacet
  facet normal -0.528195 0.849123 0
    outer loop
      vertex 13.111 73.584 4.8
      vertex 13.2126 73.6472 4
      vertex 13.111 73.584 4
    endloop
  endfacet
  facet normal -0.377346 0.926072 0
    outer loop
      vertex 13.111 73.584 4
      vertex 12.9905 73.5349 4.8
      vertex 13.111 73.584 4.8
    endloop
  endfacet
  facet normal -0.377346 0.926072 0
    outer loop
      vertex 12.9905 73.5349 4.8
      vertex 13.111 73.584 4
      vertex 12.9905 73.5349 4
    endloop
  endfacet
  facet normal -0.244007 0.969773 0
    outer loop
      vertex 12.9905 73.5349 4
      vertex 12.851 73.4998 4.8
      vertex 12.9905 73.5349 4.8
    endloop
  endfacet
  facet normal -0.244007 0.969773 0
    outer loop
      vertex 12.851 73.4998 4.8
      vertex 12.9905 73.5349 4
      vertex 12.851 73.4998 4
    endloop
  endfacet
  facet normal -0.131426 0.991326 0
    outer loop
      vertex 12.851 73.4998 4
      vertex 12.6926 73.4788 4.8
      vertex 12.851 73.4998 4.8
    endloop
  endfacet
  facet normal -0.131426 0.991326 0
    outer loop
      vertex 12.6926 73.4788 4.8
      vertex 12.851 73.4998 4
      vertex 12.6926 73.4788 4
    endloop
  endfacet
  facet normal -0.0394726 0.999221 0
    outer loop
      vertex 12.6926 73.4788 4
      vertex 12.5154 73.4718 4.8
      vertex 12.6926 73.4788 4.8
    endloop
  endfacet
  facet normal -0.0394726 0.999221 0
    outer loop
      vertex 12.5154 73.4718 4.8
      vertex 12.6926 73.4788 4
      vertex 12.5154 73.4718 4
    endloop
  endfacet
  facet normal 0 1 -0
    outer loop
      vertex 12.5154 73.4718 4
      vertex 11.5358 73.4718 4.8
      vertex 12.5154 73.4718 4.8
    endloop
  endfacet
  facet normal 0 1 0
    outer loop
      vertex 11.5358 73.4718 4.8
      vertex 12.5154 73.4718 4
      vertex 11.5358 73.4718 4
    endloop
  endfacet
  facet normal 1 -0 0
    outer loop
      vertex 11.5358 71.4669 4.8
      vertex 11.5358 73.0171 4
      vertex 11.5358 73.0171 4.8
    endloop
  endfacet
  facet normal 1 0 0
    outer loop
      vertex 11.5358 73.0171 4
      vertex 11.5358 71.4669 4.8
      vertex 11.5358 71.4669 4
    endloop
  endfacet
  facet normal 0 -1 0
    outer loop
      vertex 11.5358 73.0171 4
      vertex 12.6221 73.0171 4.8
      vertex 11.5358 73.0171 4.8
    endloop
  endfacet
  facet normal 0 -1 -0
    outer loop
      vertex 12.6221 73.0171 4.8
      vertex 11.5358 73.0171 4
      vertex 12.6221 73.0171 4
    endloop
  endfacet
  facet normal -0.0788178 -0.996889 0
    outer loop
      vertex 12.6221 73.0171 4
      vertex 13.0066 72.9867 4.8
      vertex 12.6221 73.0171 4.8
    endloop
  endfacet
  facet normal -0.0788178 -0.996889 -0
    outer loop
      vertex 13.0066 72.9867 4.8
      vertex 12.6221 73.0171 4
      vertex 13.0066 72.9867 4
    endloop
  endfacet
  facet normal -0.291658 -0.956523 0
    outer loop
      vertex 13.0066 72.9867 4
      vertex 13.3057 72.8955 4.8
      vertex 13.0066 72.9867 4.8
    endloop
  endfacet
  facet normal -0.291658 -0.956523 -0
    outer loop
      vertex 13.3057 72.8955 4.8
      vertex 13.0066 72.9867 4
      vertex 13.3057 72.8955 4
    endloop
  endfacet
  facet normal -0.579794 -0.814763 0
    outer loop
      vertex 13.3057 72.8955 4
      vertex 13.5193 72.7435 4.8
      vertex 13.3057 72.8955 4.8
    endloop
  endfacet
  facet normal -0.579794 -0.814763 -0
    outer loop
      vertex 13.5193 72.7435 4.8
      vertex 13.3057 72.8955 4
      vertex 13.5193 72.7435 4
    endloop
  endfacet
  facet normal -0.856639 -0.515917 0
    outer loop
      vertex 13.6474 72.5308 4
      vertex 13.5193 72.7435 4.8
      vertex 13.5193 72.7435 4
    endloop
  endfacet
  facet normal -0.856639 -0.515917 0
    outer loop
      vertex 13.5193 72.7435 4.8
      vertex 13.6474 72.5308 4
      vertex 13.6474 72.5308 4.8
    endloop
  endfacet
  facet normal -0.987984 -0.154553 0
    outer loop
      vertex 13.6902 72.2572 4
      vertex 13.6474 72.5308 4.8
      vertex 13.6474 72.5308 4
    endloop
  endfacet
  facet normal -0.987984 -0.154553 0
    outer loop
      vertex 13.6474 72.5308 4.8
      vertex 13.6902 72.2572 4
      vertex 13.6902 72.2572 4.8
    endloop
  endfacet
  facet normal -0.997861 0.0653679 0
    outer loop
      vertex 13.6804 72.1076 4
      vertex 13.6902 72.2572 4.8
      vertex 13.6902 72.2572 4
    endloop
  endfacet
  facet normal -0.997861 0.0653679 0
    outer loop
      vertex 13.6902 72.2572 4.8
      vertex 13.6804 72.1076 4
      vertex 13.6804 72.1076 4.8
    endloop
  endfacet
  facet normal -0.976919 0.21361 0
    outer loop
      vertex 13.6511 71.9736 4
      vertex 13.6804 72.1076 4.8
      vertex 13.6804 72.1076 4
    endloop
  endfacet
  facet normal -0.976919 0.21361 0
    outer loop
      vertex 13.6804 72.1076 4.8
      vertex 13.6511 71.9736 4
      vertex 13.6511 71.9736 4.8
    endloop
  endfacet
  facet normal -0.924549 0.381064 0
    outer loop
      vertex 13.6023 71.8552 4
      vertex 13.6511 71.9736 4.8
      vertex 13.6511 71.9736 4
    endloop
  endfacet
  facet normal -0.924549 0.381064 0
    outer loop
      vertex 13.6511 71.9736 4.8
      vertex 13.6023 71.8552 4
      vertex 13.6023 71.8552 4.8
    endloop
  endfacet
  facet normal -0.832548 0.553952 0
    outer loop
      vertex 13.5339 71.7524 4
      vertex 13.6023 71.8552 4.8
      vertex 13.6023 71.8552 4
    endloop
  endfacet
  facet normal -0.832548 0.553952 0
    outer loop
      vertex 13.6023 71.8552 4.8
      vertex 13.5339 71.7524 4
      vertex 13.5339 71.7524 4.8
    endloop
  endfacet
  facet normal -0.704274 0.709928 0
    outer loop
      vertex 13.5339 71.7524 4
      vertex 13.446 71.6652 4.8
      vertex 13.5339 71.7524 4.8
    endloop
  endfacet
  facet normal -0.704274 0.709928 0
    outer loop
      vertex 13.446 71.6652 4.8
      vertex 13.5339 71.7524 4
      vertex 13.446 71.6652 4
    endloop
  endfacet
  facet normal -0.547249 0.83697 0
    outer loop
      vertex 13.446 71.6652 4
      vertex 13.3368 71.5938 4.8
      vertex 13.446 71.6652 4.8
    endloop
  endfacet
  facet normal -0.547249 0.83697 0
    outer loop
      vertex 13.3368 71.5938 4.8
      vertex 13.446 71.6652 4
      vertex 13.3368 71.5938 4
    endloop
  endfacet
  facet normal -0.386593 0.92225 0
    outer loop
      vertex 13.3368 71.5938 4
      vertex 13.2044 71.5383 4.8
      vertex 13.3368 71.5938 4.8
    endloop
  endfacet
  facet normal -0.386593 0.92225 0
    outer loop
      vertex 13.2044 71.5383 4.8
      vertex 13.3368 71.5938 4
      vertex 13.2044 71.5383 4
    endloop
  endfacet
  facet normal -0.247072 0.968997 0
    outer loop
      vertex 13.2044 71.5383 4
      vertex 13.0487 71.4986 4.8
      vertex 13.2044 71.5383 4.8
    endloop
  endfacet
  facet normal -0.247072 0.968997 0
    outer loop
      vertex 13.0487 71.4986 4.8
      vertex 13.2044 71.5383 4
      vertex 13.0487 71.4986 4
    endloop
  endfacet
  facet normal -0.131946 0.991257 0
    outer loop
      vertex 13.0487 71.4986 4
      vertex 12.8699 71.4748 4.8
      vertex 13.0487 71.4986 4.8
    endloop
  endfacet
  facet normal -0.131946 0.991257 0
    outer loop
      vertex 12.8699 71.4748 4.8
      vertex 13.0487 71.4986 4
      vertex 12.8699 71.4748 4
    endloop
  endfacet
  facet normal -0.039079 0.999236 0
    outer loop
      vertex 12.8699 71.4748 4
      vertex 12.6679 71.4669 4.8
      vertex 12.8699 71.4748 4.8
    endloop
  endfacet
  facet normal -0.039079 0.999236 0
    outer loop
      vertex 12.6679 71.4669 4.8
      vertex 12.8699 71.4748 4
      vertex 12.6679 71.4669 4
    endloop
  endfacet
  facet normal 0 1 -0
    outer loop
      vertex 12.6679 71.4669 4
      vertex 11.5358 71.4669 4.8
      vertex 12.6679 71.4669 4.8
    endloop
  endfacet
  facet normal 0 1 0
    outer loop
      vertex 11.5358 71.4669 4.8
      vertex 12.6679 71.4669 4
      vertex 11.5358 71.4669 4
    endloop
  endfacet
  facet normal 0 -1 0
    outer loop
      vertex 17.3026 72.6753 4
      vertex 18.5659 72.6753 4.8
      vertex 17.3026 72.6753 4.8
    endloop
  endfacet
  facet normal 0 -1 -0
    outer loop
      vertex 18.5659 72.6753 4.8
      vertex 17.3026 72.6753 4
      vertex 18.5659 72.6753 4
    endloop
  endfacet
  facet normal 0.054879 -0.998493 0
    outer loop
      vertex 18.5659 72.6753 4
      vertex 18.8279 72.6897 4.8
      vertex 18.5659 72.6753 4.8
    endloop
  endfacet
  facet normal 0.054879 -0.998493 0
    outer loop
      vertex 18.8279 72.6897 4.8
      vertex 18.5659 72.6753 4
      vertex 18.8279 72.6897 4
    endloop
  endfacet
  facet normal 0.177727 -0.98408 0
    outer loop
      vertex 18.8279 72.6897 4
      vertex 19.0671 72.7329 4.8
      vertex 18.8279 72.6897 4.8
    endloop
  endfacet
  facet normal 0.177727 -0.98408 0
    outer loop
      vertex 19.0671 72.7329 4.8
      vertex 18.8279 72.6897 4
      vertex 19.0671 72.7329 4
    endloop
  endfacet
  facet normal 0.315833 -0.948815 0
    outer loop
      vertex 19.0671 72.7329 4
      vertex 19.2834 72.8049 4.8
      vertex 19.0671 72.7329 4.8
    endloop
  endfacet
  facet normal 0.315833 -0.948815 0
    outer loop
      vertex 19.2834 72.8049 4.8
      vertex 19.0671 72.7329 4
      vertex 19.2834 72.8049 4
    endloop
  endfacet
  facet normal 0.462362 -0.886691 0
    outer loop
      vertex 19.2834 72.8049 4
      vertex 19.4769 72.9058 4.8
      vertex 19.2834 72.8049 4.8
    endloop
  endfacet
  facet normal 0.462362 -0.886691 0
    outer loop
      vertex 19.4769 72.9058 4.8
      vertex 19.2834 72.8049 4
      vertex 19.4769 72.9058 4
    endloop
  endfacet
  facet normal 0.604693 -0.796459 0
    outer loop
      vertex 19.4769 72.9058 4
      vertex 19.6476 73.0354 4.8
      vertex 19.4769 72.9058 4.8
    endloop
  endfacet
  facet normal 0.604693 -0.796459 0
    outer loop
      vertex 19.6476 73.0354 4.8
      vertex 19.4769 72.9058 4
      vertex 19.6476 73.0354 4
    endloop
  endfacet
  facet normal 0.731845 -0.681471 0
    outer loop
      vertex 19.6476 73.0354 4.8
      vertex 19.791 73.1894 4
      vertex 19.791 73.1894 4.8
    endloop
  endfacet
  facet normal 0.731845 -0.681471 0
    outer loop
      vertex 19.791 73.1894 4
      vertex 19.6476 73.0354 4.8
      vertex 19.6476 73.0354 4
    endloop
  endfacet
  facet normal 0.842104 -0.539314 0
    outer loop
      vertex 19.791 73.1894 4.8
      vertex 19.9025 73.3635 4
      vertex 19.9025 73.3635 4.8
    endloop
  endfacet
  facet normal 0.842104 -0.539314 0
    outer loop
      vertex 19.9025 73.3635 4
      vertex 19.791 73.1894 4.8
      vertex 19.791 73.1894 4
    endloop
  endfacet
  facet normal 0.925053 -0.379839 0
    outer loop
      vertex 19.9025 73.3635 4.8
      vertex 19.9822 73.5576 4
      vertex 19.9822 73.5576 4.8
    endloop
  endfacet
  facet normal 0.925053 -0.379839 0
    outer loop
      vertex 19.9822 73.5576 4
      vertex 19.9025 73.3635 4.8
      vertex 19.9025 73.3635 4
    endloop
  endfacet
  facet normal 0.975972 -0.217896 0
    outer loop
      vertex 19.9822 73.5576 4.8
      vertex 20.03 73.7717 4
      vertex 20.03 73.7717 4.8
    endloop
  endfacet
  facet normal 0.975972 -0.217896 0
    outer loop
      vertex 20.03 73.7717 4
      vertex 19.9822 73.5576 4.8
      vertex 19.9822 73.5576 4
    endloop
  endfacet
  facet normal 0.997701 -0.0677636 0
    outer loop
      vertex 20.03 73.7717 4.8
      vertex 20.0459 74.0058 4
      vertex 20.0459 74.0058 4.8
    endloop
  endfacet
  facet normal 0.997701 -0.0677636 0
    outer loop
      vertex 20.0459 74.0058 4
      vertex 20.03 73.7717 4.8
      vertex 20.03 73.7717 4
    endloop
  endfacet
  facet normal 0.997727 0.0673911 0
    outer loop
      vertex 20.0459 74.0058 4.8
      vertex 20.03 74.2412 4
      vertex 20.03 74.2412 4.8
    endloop
  endfacet
  facet normal 0.997727 0.0673911 0
    outer loop
      vertex 20.03 74.2412 4
      vertex 20.0459 74.0058 4.8
      vertex 20.0459 74.0058 4
    endloop
  endfacet
  facet normal 0.975993 0.217802 0
    outer loop
      vertex 20.03 74.2412 4.8
      vertex 19.9824 74.4545 4
      vertex 19.9824 74.4545 4.8
    endloop
  endfacet
  facet normal 0.975993 0.217802 0
    outer loop
      vertex 19.9824 74.4545 4
      vertex 20.03 74.2412 4.8
      vertex 20.03 74.2412 4
    endloop
  endfacet
  facet normal 0.923563 0.383448 0
    outer loop
      vertex 19.9824 74.4545 4.8
      vertex 19.9031 74.6455 4
      vertex 19.9031 74.6455 4.8
    endloop
  endfacet
  facet normal 0.923563 0.383448 0
    outer loop
      vertex 19.9031 74.6455 4
      vertex 19.9824 74.4545 4.8
      vertex 19.9824 74.4545 4
    endloop
  endfacet
  facet normal 0.835309 0.54978 0
    outer loop
      vertex 19.9031 74.6455 4.8
      vertex 19.792 74.8143 4
      vertex 19.792 74.8143 4.8
    endloop
  endfacet
  facet normal 0.835309 0.54978 0
    outer loop
      vertex 19.792 74.8143 4
      vertex 19.9031 74.6455 4.8
      vertex 19.9031 74.6455 4
    endloop
  endfacet
  facet normal 0.71633 0.697762 0
    outer loop
      vertex 19.792 74.8143 4.8
      vertex 19.6492 74.9609 4
      vertex 19.6492 74.9609 4.8
    endloop
  endfacet
  facet normal 0.71633 0.697762 0
    outer loop
      vertex 19.6492 74.9609 4
      vertex 19.792 74.8143 4.8
      vertex 19.792 74.8143 4
    endloop
  endfacet
  facet normal 0.578676 0.815558 -0
    outer loop
      vertex 19.6492 74.9609 4
      vertex 19.4774 75.0828 4.8
      vertex 19.6492 74.9609 4.8
    endloop
  endfacet
  facet normal 0.578676 0.815558 0
    outer loop
      vertex 19.4774 75.0828 4.8
      vertex 19.6492 74.9609 4
      vertex 19.4774 75.0828 4
    endloop
  endfacet
  facet normal 0.432568 0.901601 -0
    outer loop
      vertex 19.4774 75.0828 4
      vertex 19.2796 75.1777 4.8
      vertex 19.4774 75.0828 4.8
    endloop
  endfacet
  facet normal 0.432568 0.901601 0
    outer loop
      vertex 19.2796 75.1777 4.8
      vertex 19.4774 75.0828 4
      vertex 19.2796 75.1777 4
    endloop
  endfacet
  facet normal 0.289699 0.957118 -0
    outer loop
      vertex 19.2796 75.1777 4
      vertex 19.0556 75.2455 4.8
      vertex 19.2796 75.1777 4.8
    endloop
  endfacet
  facet normal 0.289699 0.957118 0
    outer loop
      vertex 19.0556 75.2455 4.8
      vertex 19.2796 75.1777 4
      vertex 19.0556 75.2455 4
    endloop
  endfacet
  facet normal 0.160237 0.987078 -0
    outer loop
      vertex 19.0556 75.2455 4
      vertex 18.8055 75.2861 4.8
      vertex 19.0556 75.2455 4.8
    endloop
  endfacet
  facet normal 0.160237 0.987078 0
    outer loop
      vertex 18.8055 75.2861 4.8
      vertex 19.0556 75.2455 4
      vertex 18.8055 75.2861 4
    endloop
  endfacet
  facet normal 0.0491801 0.99879 -0
    outer loop
      vertex 18.8055 75.2861 4
      vertex 18.5293 75.2997 4.8
      vertex 18.8055 75.2861 4.8
    endloop
  endfacet
  facet normal 0.0491801 0.99879 0
    outer loop
      vertex 18.5293 75.2997 4.8
      vertex 18.8055 75.2861 4
      vertex 18.5293 75.2997 4
    endloop
  endfacet
  facet normal 0 1 -0
    outer loop
      vertex 18.5293 75.2997 4
      vertex 16.7197 75.2997 4.8
      vertex 18.5293 75.2997 4.8
    endloop
  endfacet
  facet normal 0 1 0
    outer loop
      vertex 16.7197 75.2997 4.8
      vertex 18.5293 75.2997 4
      vertex 16.7197 75.2997 4
    endloop
  endfacet
  facet normal -1 0 0
    outer loop
      vertex 16.7197 71 4
      vertex 16.7197 75.2997 4.8
      vertex 16.7197 75.2997 4
    endloop
  endfacet
  facet normal -1 -0 0
    outer loop
      vertex 16.7197 75.2997 4.8
      vertex 16.7197 71 4
      vertex 16.7197 71 4.8
    endloop
  endfacet
  facet normal 0 -1 0
    outer loop
      vertex 16.7197 71 4
      vertex 17.3026 71 4.8
      vertex 16.7197 71 4.8
    endloop
  endfacet
  facet normal 0 -1 -0
    outer loop
      vertex 17.3026 71 4.8
      vertex 16.7197 71 4
      vertex 17.3026 71 4
    endloop
  endfacet
  facet normal 1 -0 0
    outer loop
      vertex 17.3026 71 4.8
      vertex 17.3026 72.6753 4
      vertex 17.3026 72.6753 4.8
    endloop
  endfacet
  facet normal 1 0 0
    outer loop
      vertex 17.3026 72.6753 4
      vertex 17.3026 71 4.8
      vertex 17.3026 71 4
    endloop
  endfacet
  facet normal 1 -0 0
    outer loop
      vertex 17.3026 73.1361 4.8
      vertex 17.3026 74.8328 4
      vertex 17.3026 74.8328 4.8
    endloop
  endfacet
  facet normal 1 0 0
    outer loop
      vertex 17.3026 74.8328 4
      vertex 17.3026 73.1361 4.8
      vertex 17.3026 73.1361 4
    endloop
  endfacet
  facet normal 0 -1 0
    outer loop
      vertex 17.3026 74.8328 4
      vertex 18.4591 74.8328 4.8
      vertex 17.3026 74.8328 4.8
    endloop
  endfacet
  facet normal 0 -1 -0
    outer loop
      vertex 18.4591 74.8328 4.8
      vertex 17.3026 74.8328 4
      vertex 18.4591 74.8328 4
    endloop
  endfacet
  facet normal -0.0920308 -0.995756 0
    outer loop
      vertex 18.4591 74.8328 4
      vertex 18.8194 74.7995 4.8
      vertex 18.4591 74.8328 4.8
    endloop
  endfacet
  facet normal -0.0920308 -0.995756 -0
    outer loop
      vertex 18.8194 74.7995 4.8
      vertex 18.4591 74.8328 4
      vertex 18.8194 74.7995 4
    endloop
  endfacet
  facet normal -0.336017 -0.941856 0
    outer loop
      vertex 18.8194 74.7995 4
      vertex 19.0997 74.6995 4.8
      vertex 18.8194 74.7995 4.8
    endloop
  endfacet
  facet normal -0.336017 -0.941856 -0
    outer loop
      vertex 19.0997 74.6995 4.8
      vertex 18.8194 74.7995 4
      vertex 19.0997 74.6995 4
    endloop
  endfacet
  facet normal -0.639656 -0.768662 0
    outer loop
      vertex 19.0997 74.6995 4
      vertex 19.2999 74.5329 4.8
      vertex 19.0997 74.6995 4.8
    endloop
  endfacet
  facet normal -0.639656 -0.768662 -0
    outer loop
      vertex 19.2999 74.5329 4.8
      vertex 19.0997 74.6995 4
      vertex 19.2999 74.5329 4
    endloop
  endfacet
  facet normal -0.889106 -0.457701 0
    outer loop
      vertex 19.42 74.2996 4
      vertex 19.2999 74.5329 4.8
      vertex 19.2999 74.5329 4
    endloop
  endfacet
  facet normal -0.889106 -0.457701 0
    outer loop
      vertex 19.2999 74.5329 4.8
      vertex 19.42 74.2996 4
      vertex 19.42 74.2996 4.8
    endloop
  endfacet
  facet normal -0.991222 -0.132207 0
    outer loop
      vertex 19.46 73.9997 4
      vertex 19.42 74.2996 4.8
      vertex 19.42 74.2996 4
    endloop
  endfacet
  facet normal -0.991222 -0.132207 0
    outer loop
      vertex 19.42 74.2996 4.8
      vertex 19.46 73.9997 4
      vertex 19.46 73.9997 4.8
    endloop
  endfacet
  facet normal -0.992184 0.124781 0
    outer loop
      vertex 19.4209 73.6888 4
      vertex 19.46 73.9997 4.8
      vertex 19.46 73.9997 4
    endloop
  endfacet
  facet normal -0.992184 0.124781 0
    outer loop
      vertex 19.46 73.9997 4.8
      vertex 19.4209 73.6888 4
      vertex 19.4209 73.6888 4.8
    endloop
  endfacet
  facet normal -0.900013 0.435863 0
    outer loop
      vertex 19.3038 73.447 4
      vertex 19.4209 73.6888 4.8
      vertex 19.4209 73.6888 4
    endloop
  endfacet
  facet normal -0.900013 0.435863 0
    outer loop
      vertex 19.4209 73.6888 4.8
      vertex 19.3038 73.447 4
      vertex 19.3038 73.447 4.8
    endloop
  endfacet
  facet normal -0.662433 0.749121 0
    outer loop
      vertex 19.3038 73.447 4
      vertex 19.1085 73.2743 4.8
      vertex 19.3038 73.447 4.8
    endloop
  endfacet
  facet normal -0.662433 0.749121 0
    outer loop
      vertex 19.1085 73.2743 4.8
      vertex 19.3038 73.447 4
      vertex 19.1085 73.2743 4
    endloop
  endfacet
  facet normal -0.354531 0.935044 0
    outer loop
      vertex 19.1085 73.2743 4
      vertex 18.835 73.1706 4.8
      vertex 19.1085 73.2743 4.8
    endloop
  endfacet
  facet normal -0.354531 0.935044 0
    outer loop
      vertex 18.835 73.1706 4.8
      vertex 19.1085 73.2743 4
      vertex 18.835 73.1706 4
    endloop
  endfacet
  facet normal -0.0976814 0.995218 0
    outer loop
      vertex 18.835 73.1706 4
      vertex 18.4835 73.1361 4.8
      vertex 18.835 73.1706 4.8
    endloop
  endfacet
  facet normal -0.0976814 0.995218 0
    outer loop
      vertex 18.4835 73.1361 4.8
      vertex 18.835 73.1706 4
      vertex 18.4835 73.1361 4
    endloop
  endfacet
  facet normal 0 1 -0
    outer loop
      vertex 18.4835 73.1361 4
      vertex 17.3026 73.1361 4.8
      vertex 18.4835 73.1361 4.8
    endloop
  endfacet
  facet normal 0 1 0
    outer loop
      vertex 17.3026 73.1361 4.8
      vertex 18.4835 73.1361 4
      vertex 17.3026 73.1361 4
    endloop
  endfacet
  facet normal 0 -1 0
    outer loop
      vertex 21.3736 72.9927 4
      vertex 23.6989 72.9927 4.8
      vertex 21.3736 72.9927 4.8
    endloop
  endfacet
  facet normal 0 -1 -0
    outer loop
      vertex 23.6989 72.9927 4.8
      vertex 21.3736 72.9927 4
      vertex 23.6989 72.9927 4
    endloop
  endfacet
  facet normal -1 0 0
    outer loop
      vertex 23.6989 71 4
      vertex 23.6989 72.9927 4.8
      vertex 23.6989 72.9927 4
    endloop
  endfacet
  facet normal -1 -0 0
    outer loop
      vertex 23.6989 72.9927 4.8
      vertex 23.6989 71 4
      vertex 23.6989 71 4.8
    endloop
  endfacet
  facet normal 0 -1 0
    outer loop
      vertex 23.6989 71 4
      vertex 24.2817 71 4.8
      vertex 23.6989 71 4.8
    endloop
  endfacet
  facet normal 0 -1 -0
    outer loop
      vertex 24.2817 71 4.8
      vertex 23.6989 71 4
      vertex 24.2817 71 4
    endloop
  endfacet
  facet normal 1 -0 0
    outer loop
      vertex 24.2817 71 4.8
      vertex 24.2817 75.2997 4
      vertex 24.2817 75.2997 4.8
    endloop
  endfacet
  facet normal 1 0 0
    outer loop
      vertex 24.2817 75.2997 4
      vertex 24.2817 71 4.8
      vertex 24.2817 71 4
    endloop
  endfacet
  facet normal 0 1 -0
    outer loop
      vertex 24.2817 75.2997 4
      vertex 23.6989 75.2997 4.8
      vertex 24.2817 75.2997 4.8
    endloop
  endfacet
  facet normal 0 1 0
    outer loop
      vertex 23.6989 75.2997 4.8
      vertex 24.2817 75.2997 4
      vertex 23.6989 75.2997 4
    endloop
  endfacet
  facet normal -1 0 0
    outer loop
      vertex 23.6989 73.4809 4
      vertex 23.6989 75.2997 4.8
      vertex 23.6989 75.2997 4
    endloop
  endfacet
  facet normal -1 -0 0
    outer loop
      vertex 23.6989 75.2997 4.8
      vertex 23.6989 73.4809 4
      vertex 23.6989 73.4809 4.8
    endloop
  endfacet
  facet normal 0 1 -0
    outer loop
      vertex 23.6989 73.4809 4
      vertex 21.3736 73.4809 4.8
      vertex 23.6989 73.4809 4.8
    endloop
  endfacet
  facet normal 0 1 0
    outer loop
      vertex 21.3736 73.4809 4.8
      vertex 23.6989 73.4809 4
      vertex 21.3736 73.4809 4
    endloop
  endfacet
  facet normal 1 -0 0
    outer loop
      vertex 21.3736 73.4809 4.8
      vertex 21.3736 75.2997 4
      vertex 21.3736 75.2997 4.8
    endloop
  endfacet
  facet normal 1 0 0
    outer loop
      vertex 21.3736 75.2997 4
      vertex 21.3736 73.4809 4.8
      vertex 21.3736 73.4809 4
    endloop
  endfacet
  facet normal 0 1 -0
    outer loop
      vertex 21.3736 75.2997 4
      vertex 20.7907 75.2997 4.8
      vertex 21.3736 75.2997 4.8
    endloop
  endfacet
  facet normal 0 1 0
    outer loop
      vertex 20.7907 75.2997 4.8
      vertex 21.3736 75.2997 4
      vertex 20.7907 75.2997 4
    endloop
  endfacet
  facet normal -1 0 0
    outer loop
      vertex 20.7907 71 4
      vertex 20.7907 75.2997 4.8
      vertex 20.7907 75.2997 4
    endloop
  endfacet
  facet normal -1 -0 0
    outer loop
      vertex 20.7907 75.2997 4.8
      vertex 20.7907 71 4
      vertex 20.7907 71 4.8
    endloop
  endfacet
  facet normal 0 -1 0
    outer loop
      vertex 20.7907 71 4
      vertex 21.3736 71 4.8
      vertex 20.7907 71 4.8
    endloop
  endfacet
  facet normal 0 -1 -0
    outer loop
      vertex 21.3736 71 4.8
      vertex 20.7907 71 4
      vertex 21.3736 71 4
    endloop
  endfacet
  facet normal 1 -0 0
    outer loop
      vertex 21.3736 71 4.8
      vertex 21.3736 72.9927 4
      vertex 21.3736 72.9927 4.8
    endloop
  endfacet
  facet normal 1 0 0
    outer loop
      vertex 21.3736 72.9927 4
      vertex 21.3736 71 4.8
      vertex 21.3736 71 4
    endloop
  endfacet
  facet normal 0 1 -0
    outer loop
      vertex 10.2112 72.9042 4
      vertex 8.68544 72.9042 4.8
      vertex 10.2112 72.9042 4.8
    endloop
  endfacet
  facet normal 0 1 0
    outer loop
      vertex 8.68544 72.9042 4.8
      vertex 10.2112 72.9042 4
      vertex 8.68544 72.9042 4
    endloop
  endfacet
  facet normal -1 0 0
    outer loop
      vertex 8.68544 72.4159 4
      vertex 8.68544 72.9042 4.8
      vertex 8.68544 72.9042 4
    endloop
  endfacet
  facet normal -1 -0 0
    outer loop
      vertex 8.68544 72.9042 4.8
      vertex 8.68544 72.4159 4
      vertex 8.68544 72.4159 4.8
    endloop
  endfacet
  facet normal 0 -1 0
    outer loop
      vertex 8.68544 72.4159 4
      vertex 10.2112 72.4159 4.8
      vertex 8.68544 72.4159 4.8
    endloop
  endfacet
  facet normal 0 -1 -0
    outer loop
      vertex 10.2112 72.4159 4.8
      vertex 8.68544 72.4159 4
      vertex 10.2112 72.4159 4
    endloop
  endfacet
  facet normal 1 -0 0
    outer loop
      vertex 10.2112 72.4159 4.8
      vertex 10.2112 72.9042 4
      vertex 10.2112 72.9042 4.8
    endloop
  endfacet
  facet normal 1 0 0
    outer loop
      vertex 10.2112 72.9042 4
      vertex 10.2112 72.4159 4.8
      vertex 10.2112 72.4159 4
    endloop
  endfacet
endsolid OpenSCAD_Model
