solid OpenSCAD_Model
  facet normal 1 -0 0
    outer loop
      vertex 180 0 4
      vertex 180 80 0
      vertex 180 80 4
    endloop
  endfacet
  facet normal 1 0 0
    outer loop
      vertex 180 80 0
      vertex 180 0 4
      vertex 180 0 0
    endloop
  endfacet
  facet normal 0 0 1
    outer loop
      vertex 8.68544 72.4159 4
      vertex 7.79921 72.3121 4
      vertex 8.27522 72.0741 4
    endloop
  endfacet
  facet normal 0 0 1
    outer loop
      vertex 8.68544 72.9042 4
      vertex 7.68324 74.1157 4
      vertex 7.79921 72.3121 4
    endloop
  endfacet
  facet normal 0 0 1
    outer loop
      vertex 7.06523 74.7607 4
      vertex 7.68324 74.1157 4
      vertex 7.61617 74.2587 4
    endloop
  endfacet
  facet normal 0 0 1
    outer loop
      vertex 7.68324 74.1157 4
      vertex 4.90935 73.1697 4
      vertex 7.79921 72.3121 4
    endloop
  endfacet
  facet normal 0 0 1
    outer loop
      vertex 7.06523 74.7607 4
      vertex 7.61617 74.2587 4
      vertex 7.53456 74.3876 4
    endloop
  endfacet
  facet normal 0 0 1
    outer loop
      vertex 7.20259 74.6893 4
      vertex 7.53456 74.3876 4
      vertex 7.43843 74.5023 4
    endloop
  endfacet
  facet normal -0 -0 1
    outer loop
      vertex 4.92589 72.8659 4
      vertex 7.79921 72.3121 4
      vertex 4.90935 73.1697 4
    endloop
  endfacet
  facet normal 0 0 1
    outer loop
      vertex 7.20259 74.6893 4
      vertex 7.43843 74.5023 4
      vertex 7.32777 74.6029 4
    endloop
  endfacet
  facet normal 0 0 1
    outer loop
      vertex 7.06523 74.7607 4
      vertex 7.53456 74.3876 4
      vertex 7.20259 74.6893 4
    endloop
  endfacet
  facet normal -0 -0 1
    outer loop
      vertex 4.97551 72.5869 4
      vertex 7.79921 72.3121 4
      vertex 4.92589 72.8659 4
    endloop
  endfacet
  facet normal 0 0 1
    outer loop
      vertex 7.68324 74.1157 4
      vertex 7.06523 74.7607 4
      vertex 6.91797 74.8163 4
    endloop
  endfacet
  facet normal 0 0 1
    outer loop
      vertex 7.68324 74.1157 4
      vertex 6.91797 74.8163 4
      vertex 6.76082 74.8559 4
    endloop
  endfacet
  facet normal 0 0 1
    outer loop
      vertex 7.79921 72.3121 4
      vertex 4.97551 72.5869 4
      vertex 7.5994 71.9903 4
    endloop
  endfacet
  facet normal 0 0 1
    outer loop
      vertex 7.68324 74.1157 4
      vertex 6.76082 74.8559 4
      vertex 6.59378 74.8797 4
    endloop
  endfacet
  facet normal 0 0 1
    outer loop
      vertex 7.68324 74.1157 4
      vertex 6.59378 74.8797 4
      vertex 6.41685 74.8877 4
    endloop
  endfacet
  facet normal -0 -0 1
    outer loop
      vertex 5.0582 72.3327 4
      vertex 7.5994 71.9903 4
      vertex 4.97551 72.5869 4
    endloop
  endfacet
  facet normal 0 0 1
    outer loop
      vertex 7.68324 74.1157 4
      vertex 6.41685 74.8877 4
      vertex 4.97282 73.7548 4
    endloop
  endfacet
  facet normal 0 0 1
    outer loop
      vertex 7.5994 71.9903 4
      vertex 6.44124 71.418 4
      vertex 7.36369 71.7399 4
    endloop
  endfacet
  facet normal 0 0 1
    outer loop
      vertex 4.97282 73.7548 4
      vertex 6.41685 74.8877 4
      vertex 6.14391 74.8693 4
    endloop
  endfacet
  facet normal 0 -0 1
    outer loop
      vertex 6.78461 71.4538 4
      vertex 7.36369 71.7399 4
      vertex 6.44124 71.418 4
    endloop
  endfacet
  facet normal 0 0 1
    outer loop
      vertex 5.16322 74.2311 4
      vertex 6.14391 74.8693 4
      vertex 5.89635 74.8142 4
    endloop
  endfacet
  facet normal 0 0 1
    outer loop
      vertex 7.36369 71.7399 4
      vertex 6.78461 71.4538 4
      vertex 7.09209 71.5611 4
    endloop
  endfacet
  facet normal 0 0 1
    outer loop
      vertex 5.16322 74.2311 4
      vertex 5.89635 74.8142 4
      vertex 5.67418 74.7223 4
    endloop
  endfacet
  facet normal 0 0 1
    outer loop
      vertex 7.5994 71.9903 4
      vertex 5.0582 72.3327 4
      vertex 6.44124 71.418 4
    endloop
  endfacet
  facet normal 0 0 1
    outer loop
      vertex 5.30603 74.4284 4
      vertex 5.67418 74.7223 4
      vertex 5.47742 74.5938 4
    endloop
  endfacet
  facet normal 0 0 1
    outer loop
      vertex 6.44124 71.418 4
      vertex 5.0582 72.3327 4
      vertex 6.17093 71.4373 4
    endloop
  endfacet
  facet normal 0 0 1
    outer loop
      vertex 5.16322 74.2311 4
      vertex 5.67418 74.7223 4
      vertex 5.30603 74.4284 4
    endloop
  endfacet
  facet normal -0 -0 1
    outer loop
      vertex 5.17397 72.1033 4
      vertex 6.17093 71.4373 4
      vertex 5.0582 72.3327 4
    endloop
  endfacet
  facet normal 0 0 1
    outer loop
      vertex 6.14391 74.8693 4
      vertex 5.16322 74.2311 4
      vertex 5.05215 74.0066 4
    endloop
  endfacet
  facet normal 0 0 1
    outer loop
      vertex 6.17093 71.4373 4
      vertex 5.17397 72.1033 4
      vertex 5.92393 71.4949 4
    endloop
  endfacet
  facet normal 0 0 1
    outer loop
      vertex 6.14391 74.8693 4
      vertex 5.05215 74.0066 4
      vertex 4.97282 73.7548 4
    endloop
  endfacet
  facet normal -0 -0 1
    outer loop
      vertex 5.32281 71.8986 4
      vertex 5.92393 71.4949 4
      vertex 5.17397 72.1033 4
    endloop
  endfacet
  facet normal 0 0 1
    outer loop
      vertex 7.68324 74.1157 4
      vertex 4.97282 73.7548 4
      vertex 4.92522 73.4759 4
    endloop
  endfacet
  facet normal 0 0 1
    outer loop
      vertex 5.70024 71.5911 4
      vertex 5.32281 71.8986 4
      vertex 5.49988 71.7256 4
    endloop
  endfacet
  facet normal 0 0 1
    outer loop
      vertex 7.68324 74.1157 4
      vertex 4.92522 73.4759 4
      vertex 4.90935 73.1697 4
    endloop
  endfacet
  facet normal 0 0 1
    outer loop
      vertex 5.92393 71.4949 4
      vertex 5.32281 71.8986 4
      vertex 5.70024 71.5911 4
    endloop
  endfacet
  facet normal 0 0 1
    outer loop
      vertex 24.0356 73.4809 4
      vertex 21.7103 75.2997 4
      vertex 21.7103 73.4809 4
    endloop
  endfacet
  facet normal -0 0 1
    outer loop
      vertex 14.4687 71.6723 4
      vertex 17.0565 71 4
      vertex 14.6007 71.8626 4
    endloop
  endfacet
  facet normal -0 0 1
    outer loop
      vertex 14.3195 71.5033 4
      vertex 17.0565 71 4
      vertex 14.4687 71.6723 4
    endloop
  endfacet
  facet normal -0 0 1
    outer loop
      vertex 14.153 71.3554 4
      vertex 17.0565 71 4
      vertex 14.3195 71.5033 4
    endloop
  endfacet
  facet normal -0 0 1
    outer loop
      vertex 13.9694 71.2289 4
      vertex 17.0565 71 4
      vertex 14.153 71.3554 4
    endloop
  endfacet
  facet normal 0 0 1
    outer loop
      vertex 17.0565 71 4
      vertex 13.9694 71.2289 4
      vertex 15.5554 66.6518 4
    endloop
  endfacet
  facet normal -0 0 1
    outer loop
      vertex 13.771 71.1245 4
      vertex 15.5554 66.6518 4
      vertex 13.9694 71.2289 4
    endloop
  endfacet
  facet normal -0 0 1
    outer loop
      vertex 13.5603 71.0433 4
      vertex 15.5554 66.6518 4
      vertex 13.771 71.1245 4
    endloop
  endfacet
  facet normal -0 0 1
    outer loop
      vertex 13.3372 70.9854 4
      vertex 15.5554 66.6518 4
      vertex 13.5603 71.0433 4
    endloop
  endfacet
  facet normal -0 0 1
    outer loop
      vertex 13.1018 70.9506 4
      vertex 15.5554 66.6518 4
      vertex 13.3372 70.9854 4
    endloop
  endfacet
  facet normal 0 0 1
    outer loop
      vertex 15.5554 66.6518 4
      vertex 13.1018 70.9506 4
      vertex 14.3431 65.6569 4
    endloop
  endfacet
  facet normal -0 0 1
    outer loop
      vertex 12.8541 70.939 4
      vertex 14.3431 65.6569 4
      vertex 13.1018 70.9506 4
    endloop
  endfacet
  facet normal 0 0 1
    outer loop
      vertex 12.6011 70.9498 4
      vertex 14.3431 65.6569 4
      vertex 12.8541 70.939 4
    endloop
  endfacet
  facet normal 0 0 1
    outer loop
      vertex 12.3622 70.9822 4
      vertex 14.3431 65.6569 4
      vertex 12.6011 70.9498 4
    endloop
  endfacet
  facet normal 0 0 1
    outer loop
      vertex 12.1373 71.0362 4
      vertex 14.3431 65.6569 4
      vertex 12.3622 70.9822 4
    endloop
  endfacet
  facet normal 0 0 1
    outer loop
      vertex 14.3431 65.6569 4
      vertex 12.1373 71.0362 4
      vertex 13.3482 64.4446 4
    endloop
  endfacet
  facet normal 0 0 1
    outer loop
      vertex 11.9264 71.1118 4
      vertex 13.3482 64.4446 4
      vertex 12.1373 71.0362 4
    endloop
  endfacet
  facet normal 0 0 1
    outer loop
      vertex 11.7296 71.209 4
      vertex 13.3482 64.4446 4
      vertex 11.9264 71.1118 4
    endloop
  endfacet
  facet normal -0 0 1
    outer loop
      vertex 7.33072 71.1245 4
      vertex 13.3482 64.4446 4
      vertex 11.7296 71.209 4
    endloop
  endfacet
  facet normal -0 0 1
    outer loop
      vertex 6.89691 70.9854 4
      vertex 12.609 63.0615 4
      vertex 7.11998 71.0433 4
    endloop
  endfacet
  facet normal 0 0 1
    outer loop
      vertex 13.3482 64.4446 4
      vertex 7.11998 71.0433 4
      vertex 12.609 63.0615 4
    endloop
  endfacet
  facet normal 0 0 1
    outer loop
      vertex 14.6758 74.2987 4
      vertex 14.2395 72.3121 4
      vertex 14.7155 72.0741 4
    endloop
  endfacet
  facet normal -0 0 1
    outer loop
      vertex 14.1235 74.1157 4
      vertex 14.2395 72.3121 4
      vertex 14.6758 74.2987 4
    endloop
  endfacet
  facet normal 0 0 1
    outer loop
      vertex 13.5055 74.7607 4
      vertex 14.1235 74.1157 4
      vertex 14.0564 74.2587 4
    endloop
  endfacet
  facet normal 0 0 1
    outer loop
      vertex 14.1235 74.1157 4
      vertex 11.3496 73.1697 4
      vertex 14.2395 72.3121 4
    endloop
  endfacet
  facet normal 0 0 1
    outer loop
      vertex 13.5055 74.7607 4
      vertex 14.0564 74.2587 4
      vertex 13.9748 74.3876 4
    endloop
  endfacet
  facet normal 0 0 1
    outer loop
      vertex 13.6429 74.6893 4
      vertex 13.9748 74.3876 4
      vertex 13.8787 74.5023 4
    endloop
  endfacet
  facet normal -0 -0 1
    outer loop
      vertex 11.3662 72.8659 4
      vertex 14.2395 72.3121 4
      vertex 11.3496 73.1697 4
    endloop
  endfacet
  facet normal 0 0 1
    outer loop
      vertex 13.6429 74.6893 4
      vertex 13.8787 74.5023 4
      vertex 13.7681 74.6029 4
    endloop
  endfacet
  facet normal 0 0 1
    outer loop
      vertex 13.5055 74.7607 4
      vertex 13.9748 74.3876 4
      vertex 13.6429 74.6893 4
    endloop
  endfacet
  facet normal -0 -0 1
    outer loop
      vertex 11.4158 72.5869 4
      vertex 14.2395 72.3121 4
      vertex 11.3662 72.8659 4
    endloop
  endfacet
  facet normal 0 0 1
    outer loop
      vertex 14.1235 74.1157 4
      vertex 13.5055 74.7607 4
      vertex 13.3582 74.8163 4
    endloop
  endfacet
  facet normal 0 0 1
    outer loop
      vertex 14.1235 74.1157 4
      vertex 13.3582 74.8163 4
      vertex 13.2011 74.8559 4
    endloop
  endfacet
  facet normal 0 0 1
    outer loop
      vertex 14.2395 72.3121 4
      vertex 11.4158 72.5869 4
      vertex 14.0397 71.9903 4
    endloop
  endfacet
  facet normal 0 0 1
    outer loop
      vertex 14.1235 74.1157 4
      vertex 13.2011 74.8559 4
      vertex 13.0341 74.8797 4
    endloop
  endfacet
  facet normal 0 0 1
    outer loop
      vertex 14.1235 74.1157 4
      vertex 13.0341 74.8797 4
      vertex 12.8571 74.8877 4
    endloop
  endfacet
  facet normal -0 -0 1
    outer loop
      vertex 11.4985 72.3327 4
      vertex 14.0397 71.9903 4
      vertex 11.4158 72.5869 4
    endloop
  endfacet
  facet normal 0 0 1
    outer loop
      vertex 14.1235 74.1157 4
      vertex 12.8571 74.8877 4
      vertex 11.4131 73.7548 4
    endloop
  endfacet
  facet normal 0 0 1
    outer loop
      vertex 14.0397 71.9903 4
      vertex 12.8815 71.418 4
      vertex 13.804 71.7399 4
    endloop
  endfacet
  facet normal 0 0 1
    outer loop
      vertex 11.4131 73.7548 4
      vertex 12.8571 74.8877 4
      vertex 12.5842 74.8693 4
    endloop
  endfacet
  facet normal 0 -0 1
    outer loop
      vertex 13.2249 71.4538 4
      vertex 13.804 71.7399 4
      vertex 12.8815 71.418 4
    endloop
  endfacet
  facet normal 0 0 1
    outer loop
      vertex 11.6035 74.2311 4
      vertex 12.5842 74.8693 4
      vertex 12.3366 74.8142 4
    endloop
  endfacet
  facet normal 0 0 1
    outer loop
      vertex 13.804 71.7399 4
      vertex 13.2249 71.4538 4
      vertex 13.5324 71.5611 4
    endloop
  endfacet
  facet normal 0 0 1
    outer loop
      vertex 11.6035 74.2311 4
      vertex 12.3366 74.8142 4
      vertex 12.1145 74.7223 4
    endloop
  endfacet
  facet normal 0 0 1
    outer loop
      vertex 14.0397 71.9903 4
      vertex 11.4985 72.3327 4
      vertex 12.8815 71.418 4
    endloop
  endfacet
  facet normal 0 0 1
    outer loop
      vertex 11.7463 74.4284 4
      vertex 12.1145 74.7223 4
      vertex 11.9177 74.5938 4
    endloop
  endfacet
  facet normal 0 0 1
    outer loop
      vertex 12.8815 71.418 4
      vertex 11.4985 72.3327 4
      vertex 12.6112 71.4373 4
    endloop
  endfacet
  facet normal 0 0 1
    outer loop
      vertex 11.6035 74.2311 4
      vertex 12.1145 74.7223 4
      vertex 11.7463 74.4284 4
    endloop
  endfacet
  facet normal -0 -0 1
    outer loop
      vertex 11.6142 72.1033 4
      vertex 12.6112 71.4373 4
      vertex 11.4985 72.3327 4
    endloop
  endfacet
  facet normal 0 0 1
    outer loop
      vertex 12.5842 74.8693 4
      vertex 11.6035 74.2311 4
      vertex 11.4924 74.0066 4
    endloop
  endfacet
  facet normal 0 0 1
    outer loop
      vertex 12.6112 71.4373 4
      vertex 11.6142 72.1033 4
      vertex 12.3642 71.4949 4
    endloop
  endfacet
  facet normal 0 0 1
    outer loop
      vertex 12.5842 74.8693 4
      vertex 11.4924 74.0066 4
      vertex 11.4131 73.7548 4
    endloop
  endfacet
  facet normal -0 -0 1
    outer loop
      vertex 11.7631 71.8986 4
      vertex 12.3642 71.4949 4
      vertex 11.6142 72.1033 4
    endloop
  endfacet
  facet normal 0 0 1
    outer loop
      vertex 14.1235 74.1157 4
      vertex 11.4131 73.7548 4
      vertex 11.3655 73.4759 4
    endloop
  endfacet
  facet normal 0 0 1
    outer loop
      vertex 12.1405 71.5911 4
      vertex 11.7631 71.8986 4
      vertex 11.9401 71.7256 4
    endloop
  endfacet
  facet normal 0 0 1
    outer loop
      vertex 14.1235 74.1157 4
      vertex 11.3655 73.4759 4
      vertex 11.3496 73.1697 4
    endloop
  endfacet
  facet normal 0 0 1
    outer loop
      vertex 12.3642 71.4949 4
      vertex 11.7631 71.8986 4
      vertex 12.1405 71.5911 4
    endloop
  endfacet
  facet normal 0 0 1
    outer loop
      vertex 24.0356 72.9927 4
      vertex 21.7103 72.9927 4
      vertex 24.0356 71 4
    endloop
  endfacet
  facet normal 0 0 1
    outer loop
      vertex 180 80 4
      vertex 170 60 4
      vertex 180 0 4
    endloop
  endfacet
  facet normal 0 0 1
    outer loop
      vertex 180 80 4
      vertex 169.846 61.5607 4
      vertex 170 60 4
    endloop
  endfacet
  facet normal 0 0 1
    outer loop
      vertex 180 80 4
      vertex 169.391 63.0615 4
      vertex 169.846 61.5607 4
    endloop
  endfacet
  facet normal 0 0 1
    outer loop
      vertex 180 80 4
      vertex 168.652 64.4446 4
      vertex 169.391 63.0615 4
    endloop
  endfacet
  facet normal 0 0 1
    outer loop
      vertex 180 80 4
      vertex 167.657 65.6569 4
      vertex 168.652 64.4446 4
    endloop
  endfacet
  facet normal 0 0 1
    outer loop
      vertex 180 80 4
      vertex 166.445 66.6518 4
      vertex 167.657 65.6569 4
    endloop
  endfacet
  facet normal 0 0 1
    outer loop
      vertex 180 80 4
      vertex 165.061 67.391 4
      vertex 166.445 66.6518 4
    endloop
  endfacet
  facet normal 0 0 1
    outer loop
      vertex 180 80 4
      vertex 163.561 67.8463 4
      vertex 165.061 67.391 4
    endloop
  endfacet
  facet normal 0 0 1
    outer loop
      vertex 180 80 4
      vertex 162 68 4
      vertex 163.561 67.8463 4
    endloop
  endfacet
  facet normal 0 0 1
    outer loop
      vertex 180 80 4
      vertex 24.6184 75.2997 4
      vertex 162 68 4
    endloop
  endfacet
  facet normal -0 0 1
    outer loop
      vertex 0 80 4
      vertex 24.6184 75.2997 4
      vertex 180 80 4
    endloop
  endfacet
  facet normal 0 0 1
    outer loop
      vertex 24.0356 75.2997 4
      vertex 21.7103 75.2997 4
      vertex 24.0356 73.4809 4
    endloop
  endfacet
  facet normal 0 0 1
    outer loop
      vertex 24.6184 75.2997 4
      vertex 0 80 4
      vertex 24.0356 75.2997 4
    endloop
  endfacet
  facet normal 0 0 1
    outer loop
      vertex 24.0356 75.2997 4
      vertex 0 80 4
      vertex 21.7103 75.2997 4
    endloop
  endfacet
  facet normal 0 0 1
    outer loop
      vertex 20.3667 73.7717 4
      vertex 21.1275 75.2997 4
      vertex 20.3826 74.0058 4
    endloop
  endfacet
  facet normal 0 0 1
    outer loop
      vertex 21.1275 75.2997 4
      vertex 20.3668 74.2412 4
      vertex 20.3826 74.0058 4
    endloop
  endfacet
  facet normal 0 0 1
    outer loop
      vertex 21.1275 75.2997 4
      vertex 20.3192 74.4545 4
      vertex 20.3668 74.2412 4
    endloop
  endfacet
  facet normal 0 0 1
    outer loop
      vertex 21.1275 75.2997 4
      vertex 20.2398 74.6455 4
      vertex 20.3192 74.4545 4
    endloop
  endfacet
  facet normal 0 0 1
    outer loop
      vertex 21.1275 75.2997 4
      vertex 20.1287 74.8143 4
      vertex 20.2398 74.6455 4
    endloop
  endfacet
  facet normal 0 0 1
    outer loop
      vertex 21.1275 75.2997 4
      vertex 19.9859 74.9609 4
      vertex 20.1287 74.8143 4
    endloop
  endfacet
  facet normal 0 0 1
    outer loop
      vertex 21.1275 75.2997 4
      vertex 19.8142 75.0828 4
      vertex 19.9859 74.9609 4
    endloop
  endfacet
  facet normal 0 0 1
    outer loop
      vertex 21.1275 75.2997 4
      vertex 19.6163 75.1777 4
      vertex 19.8142 75.0828 4
    endloop
  endfacet
  facet normal 0 0 1
    outer loop
      vertex 21.1275 75.2997 4
      vertex 19.3923 75.2455 4
      vertex 19.6163 75.1777 4
    endloop
  endfacet
  facet normal 0 0 1
    outer loop
      vertex 21.1275 75.2997 4
      vertex 19.1422 75.2861 4
      vertex 19.3923 75.2455 4
    endloop
  endfacet
  facet normal 0 0 1
    outer loop
      vertex 21.7103 75.2997 4
      vertex 0 80 4
      vertex 21.1275 75.2997 4
    endloop
  endfacet
  facet normal 0 -0 1
    outer loop
      vertex 18.866 75.2997 4
      vertex 21.1275 75.2997 4
      vertex 0 80 4
    endloop
  endfacet
  facet normal 0 0 1
    outer loop
      vertex 21.1275 75.2997 4
      vertex 18.866 75.2997 4
      vertex 19.1422 75.2861 4
    endloop
  endfacet
  facet normal -0 0 1
    outer loop
      vertex 14.7155 72.0741 4
      vertex 17.0565 71 4
      vertex 17.0565 75.2997 4
    endloop
  endfacet
  facet normal -0 0 1
    outer loop
      vertex 14.6007 71.8626 4
      vertex 17.0565 71 4
      vertex 14.7155 72.0741 4
    endloop
  endfacet
  facet normal 0 0 1
    outer loop
      vertex 17.0565 71 4
      vertex 15.5554 66.6518 4
      vertex 16.9385 67.391 4
    endloop
  endfacet
  facet normal 0 0 1
    outer loop
      vertex 17.0565 75.2997 4
      vertex 14.6758 74.2987 4
      vertex 14.7155 72.0741 4
    endloop
  endfacet
  facet normal 0 0 1
    outer loop
      vertex 17.0565 75.2997 4
      vertex 14.5794 74.4995 4
      vertex 14.6758 74.2987 4
    endloop
  endfacet
  facet normal 0 0 1
    outer loop
      vertex 17.0565 75.2997 4
      vertex 14.4634 74.6796 4
      vertex 14.5794 74.4995 4
    endloop
  endfacet
  facet normal 0 0 1
    outer loop
      vertex 17.0565 75.2997 4
      vertex 14.328 74.8389 4
      vertex 14.4634 74.6796 4
    endloop
  endfacet
  facet normal 0 0 1
    outer loop
      vertex 17.0565 75.2997 4
      vertex 14.1729 74.9774 4
      vertex 14.328 74.8389 4
    endloop
  endfacet
  facet normal 0 0 1
    outer loop
      vertex 17.0565 75.2997 4
      vertex 13.9984 75.0952 4
      vertex 14.1729 74.9774 4
    endloop
  endfacet
  facet normal 0 0 1
    outer loop
      vertex 17.0565 75.2997 4
      vertex 13.805 75.1918 4
      vertex 13.9984 75.0952 4
    endloop
  endfacet
  facet normal 0 0 1
    outer loop
      vertex 17.0565 75.2997 4
      vertex 13.5936 75.267 4
      vertex 13.805 75.1918 4
    endloop
  endfacet
  facet normal 0 0 1
    outer loop
      vertex 18.866 75.2997 4
      vertex 0 80 4
      vertex 17.0565 75.2997 4
    endloop
  endfacet
  facet normal -0 -0 1
    outer loop
      vertex 13.1166 75.353 4
      vertex 17.0565 75.2997 4
      vertex 0 80 4
    endloop
  endfacet
  facet normal 0 0 1
    outer loop
      vertex 17.0565 75.2997 4
      vertex 13.3642 75.3208 4
      vertex 13.5936 75.267 4
    endloop
  endfacet
  facet normal 0 0 1
    outer loop
      vertex 17.0565 75.2997 4
      vertex 13.1166 75.353 4
      vertex 13.3642 75.3208 4
    endloop
  endfacet
  facet normal 0 0 1
    outer loop
      vertex 10.7799 73.5632 4
      vertex 10.2112 72.9042 4
      vertex 10.7576 73.1697 4
    endloop
  endfacet
  facet normal 0 0 1
    outer loop
      vertex 10.8465 73.9211 4
      vertex 10.2112 72.9042 4
      vertex 10.7799 73.5632 4
    endloop
  endfacet
  facet normal 0 0 1
    outer loop
      vertex 8.23557 74.2987 4
      vertex 10.8465 73.9211 4
      vertex 10.9576 74.2433 4
    endloop
  endfacet
  facet normal -0 0 1
    outer loop
      vertex 8.13914 74.4995 4
      vertex 10.9576 74.2433 4
      vertex 11.1131 74.5299 4
    endloop
  endfacet
  facet normal 0 0 1
    outer loop
      vertex 10.8465 73.9211 4
      vertex 8.23557 74.2987 4
      vertex 10.2112 72.9042 4
    endloop
  endfacet
  facet normal -0 0 1
    outer loop
      vertex 8.02318 74.6796 4
      vertex 11.1131 74.5299 4
      vertex 11.313 74.7809 4
    endloop
  endfacet
  facet normal -0 0 1
    outer loop
      vertex 7.88768 74.8389 4
      vertex 11.313 74.7809 4
      vertex 11.5522 74.9907 4
    endloop
  endfacet
  facet normal 0 0 1
    outer loop
      vertex 7.79921 72.3121 4
      vertex 8.68544 72.4159 4
      vertex 8.68544 72.9042 4
    endloop
  endfacet
  facet normal -0 0 1
    outer loop
      vertex 7.68324 74.1157 4
      vertex 8.68544 72.9042 4
      vertex 8.23557 74.2987 4
    endloop
  endfacet
  facet normal 0 0 1
    outer loop
      vertex 10.2112 72.9042 4
      vertex 8.23557 74.2987 4
      vertex 8.68544 72.9042 4
    endloop
  endfacet
  facet normal -0 0 1
    outer loop
      vertex 7.55809 75.0952 4
      vertex 11.5522 74.9907 4
      vertex 11.8257 75.1539 4
    endloop
  endfacet
  facet normal -0 0 1
    outer loop
      vertex 7.36476 75.1918 4
      vertex 11.8257 75.1539 4
      vertex 12.1333 75.2705 4
    endloop
  endfacet
  facet normal 0 0 1
    outer loop
      vertex 10.9576 74.2433 4
      vertex 8.13914 74.4995 4
      vertex 8.23557 74.2987 4
    endloop
  endfacet
  facet normal 0 0 1
    outer loop
      vertex 0 80 4
      vertex 12.1333 75.2705 4
      vertex 12.4751 75.3404 4
    endloop
  endfacet
  facet normal 0 0 1
    outer loop
      vertex 11.1131 74.5299 4
      vertex 8.02318 74.6796 4
      vertex 8.13914 74.4995 4
    endloop
  endfacet
  facet normal 0 0 1
    outer loop
      vertex 11.313 74.7809 4
      vertex 7.88768 74.8389 4
      vertex 8.02318 74.6796 4
    endloop
  endfacet
  facet normal 0 0 1
    outer loop
      vertex 11.5522 74.9907 4
      vertex 7.73265 74.9774 4
      vertex 7.88768 74.8389 4
    endloop
  endfacet
  facet normal 0 0 1
    outer loop
      vertex 11.5522 74.9907 4
      vertex 7.55809 75.0952 4
      vertex 7.73265 74.9774 4
    endloop
  endfacet
  facet normal 0 0 1
    outer loop
      vertex 0 80 4
      vertex 12.4751 75.3404 4
      vertex 12.851 75.3637 4
    endloop
  endfacet
  facet normal 0 0 1
    outer loop
      vertex 11.8257 75.1539 4
      vertex 7.36476 75.1918 4
      vertex 7.55809 75.0952 4
    endloop
  endfacet
  facet normal 0 0 1
    outer loop
      vertex 12.1333 75.2705 4
      vertex 7.15335 75.267 4
      vertex 7.36476 75.1918 4
    endloop
  endfacet
  facet normal 0 0 1
    outer loop
      vertex 13.1166 75.353 4
      vertex 0 80 4
      vertex 12.851 75.3637 4
    endloop
  endfacet
  facet normal 0 0 1
    outer loop
      vertex 12.1333 75.2705 4
      vertex 0 80 4
      vertex 7.15335 75.267 4
    endloop
  endfacet
  facet normal 0 0 1
    outer loop
      vertex 7.15335 75.267 4
      vertex 0 80 4
      vertex 6.92389 75.3208 4
    endloop
  endfacet
  facet normal 0 0 1
    outer loop
      vertex 6.92389 75.3208 4
      vertex 0 80 4
      vertex 6.67635 75.353 4
    endloop
  endfacet
  facet normal 0 0 1
    outer loop
      vertex 4.33958 73.5632 4
      vertex 0 80 4
      vertex 4.31738 73.1697 4
    endloop
  endfacet
  facet normal 0 0 1
    outer loop
      vertex 4.40623 73.9211 4
      vertex 0 80 4
      vertex 4.33958 73.5632 4
    endloop
  endfacet
  facet normal 0 0 1
    outer loop
      vertex 4.5173 74.2433 4
      vertex 0 80 4
      vertex 4.40623 73.9211 4
    endloop
  endfacet
  facet normal 0 0 1
    outer loop
      vertex 4.67281 74.5299 4
      vertex 0 80 4
      vertex 4.5173 74.2433 4
    endloop
  endfacet
  facet normal 0 0 1
    outer loop
      vertex 4.87273 74.7809 4
      vertex 0 80 4
      vertex 4.67281 74.5299 4
    endloop
  endfacet
  facet normal 0 0 1
    outer loop
      vertex 5.11197 74.9907 4
      vertex 0 80 4
      vertex 4.87273 74.7809 4
    endloop
  endfacet
  facet normal 0 0 1
    outer loop
      vertex 5.38539 75.1539 4
      vertex 0 80 4
      vertex 5.11197 74.9907 4
    endloop
  endfacet
  facet normal 0 0 1
    outer loop
      vertex 5.69299 75.2705 4
      vertex 0 80 4
      vertex 5.38539 75.1539 4
    endloop
  endfacet
  facet normal 0 0 1
    outer loop
      vertex 6.03477 75.3404 4
      vertex 0 80 4
      vertex 5.69299 75.2705 4
    endloop
  endfacet
  facet normal 0 0 1
    outer loop
      vertex 6.41074 75.3637 4
      vertex 0 80 4
      vertex 6.03477 75.3404 4
    endloop
  endfacet
  facet normal 0 0 1
    outer loop
      vertex 6.67635 75.353 4
      vertex 0 80 4
      vertex 6.41074 75.3637 4
    endloop
  endfacet
  facet normal -0 0 1
    outer loop
      vertex 170 12 4
      vertex 180 0 4
      vertex 170 60 4
    endloop
  endfacet
  facet normal -0 0 1
    outer loop
      vertex 169.846 10.4393 4
      vertex 180 0 4
      vertex 170 12 4
    endloop
  endfacet
  facet normal -0 0 1
    outer loop
      vertex 169.391 8.93854 4
      vertex 180 0 4
      vertex 169.846 10.4393 4
    endloop
  endfacet
  facet normal -0 0 1
    outer loop
      vertex 168.652 7.55544 4
      vertex 180 0 4
      vertex 169.391 8.93854 4
    endloop
  endfacet
  facet normal -0 0 1
    outer loop
      vertex 167.657 6.34314 4
      vertex 180 0 4
      vertex 168.652 7.55544 4
    endloop
  endfacet
  facet normal -0 0 1
    outer loop
      vertex 166.445 5.34824 4
      vertex 180 0 4
      vertex 167.657 6.34314 4
    endloop
  endfacet
  facet normal -0 0 1
    outer loop
      vertex 165.061 4.60896 4
      vertex 180 0 4
      vertex 166.445 5.34824 4
    endloop
  endfacet
  facet normal -0 0 1
    outer loop
      vertex 163.561 4.15372 4
      vertex 180 0 4
      vertex 165.061 4.60896 4
    endloop
  endfacet
  facet normal -0 0 1
    outer loop
      vertex 162 4 4
      vertex 180 0 4
      vertex 163.561 4.15372 4
    endloop
  endfacet
  facet normal -0 0 1
    outer loop
      vertex 20 4 4
      vertex 180 0 4
      vertex 162 4 4
    endloop
  endfacet
  facet normal -0 0 1
    outer loop
      vertex 7.11998 71.0433 4
      vertex 13.3482 64.4446 4
      vertex 7.33072 71.1245 4
    endloop
  endfacet
  facet normal -0 0 1
    outer loop
      vertex 7.52911 71.2289 4
      vertex 11.7296 71.209 4
      vertex 11.5488 71.3263 4
    endloop
  endfacet
  facet normal -0 0 1
    outer loop
      vertex 7.71277 71.3554 4
      vertex 11.5488 71.3263 4
      vertex 11.3861 71.4622 4
    endloop
  endfacet
  facet normal -0 0 1
    outer loop
      vertex 7.8792 71.5033 4
      vertex 11.3861 71.4622 4
      vertex 11.2414 71.6166 4
    endloop
  endfacet
  facet normal -0 0 1
    outer loop
      vertex 8.02843 71.6723 4
      vertex 11.2414 71.6166 4
      vertex 11.1148 71.7896 4
    endloop
  endfacet
  facet normal 0 0 1
    outer loop
      vertex 10.2112 72.4159 4
      vertex 11.1148 71.7896 4
      vertex 11.0063 71.9811 4
    endloop
  endfacet
  facet normal 0 0 1
    outer loop
      vertex 10.2112 72.4159 4
      vertex 11.0063 71.9811 4
      vertex 10.9168 72.1893 4
    endloop
  endfacet
  facet normal 0 0 1
    outer loop
      vertex 10.2112 72.4159 4
      vertex 10.9168 72.1893 4
      vertex 10.8472 72.4122 4
    endloop
  endfacet
  facet normal -0 0 1
    outer loop
      vertex 10.2112 72.4159 4
      vertex 10.8472 72.4122 4
      vertex 10.7974 72.6499 4
    endloop
  endfacet
  facet normal 0 0 1
    outer loop
      vertex 10.2112 72.9042 4
      vertex 10.7974 72.6499 4
      vertex 10.7676 72.9024 4
    endloop
  endfacet
  facet normal -0 0 1
    outer loop
      vertex 10.2112 72.9042 4
      vertex 10.7676 72.9024 4
      vertex 10.7576 73.1697 4
    endloop
  endfacet
  facet normal 0 0 1
    outer loop
      vertex 10.7974 72.6499 4
      vertex 10.2112 72.9042 4
      vertex 10.2112 72.4159 4
    endloop
  endfacet
  facet normal 0 0 1
    outer loop
      vertex 11.1148 71.7896 4
      vertex 10.2112 72.4159 4
      vertex 8.02843 71.6723 4
    endloop
  endfacet
  facet normal 0 0 1
    outer loop
      vertex 8.16043 71.8626 4
      vertex 10.2112 72.4159 4
      vertex 8.68544 72.4159 4
    endloop
  endfacet
  facet normal 0 0 1
    outer loop
      vertex 8.16043 71.8626 4
      vertex 8.68544 72.4159 4
      vertex 8.27522 72.0741 4
    endloop
  endfacet
  facet normal 0 0 1
    outer loop
      vertex 10.2112 72.4159 4
      vertex 8.16043 71.8626 4
      vertex 8.02843 71.6723 4
    endloop
  endfacet
  facet normal 0 0 1
    outer loop
      vertex 11.2414 71.6166 4
      vertex 8.02843 71.6723 4
      vertex 7.8792 71.5033 4
    endloop
  endfacet
  facet normal 0 0 1
    outer loop
      vertex 11.3861 71.4622 4
      vertex 7.8792 71.5033 4
      vertex 7.71277 71.3554 4
    endloop
  endfacet
  facet normal 0 0 1
    outer loop
      vertex 11.5488 71.3263 4
      vertex 7.71277 71.3554 4
      vertex 7.52911 71.2289 4
    endloop
  endfacet
  facet normal 0 0 1
    outer loop
      vertex 11.7296 71.209 4
      vertex 7.52911 71.2289 4
      vertex 7.33072 71.1245 4
    endloop
  endfacet
  facet normal -0 0 1
    outer loop
      vertex 6.66151 70.9506 4
      vertex 12.609 63.0615 4
      vertex 6.89691 70.9854 4
    endloop
  endfacet
  facet normal -0 0 1
    outer loop
      vertex 6.41379 70.939 4
      vertex 12.609 63.0615 4
      vertex 6.66151 70.9506 4
    endloop
  endfacet
  facet normal 0 0 1
    outer loop
      vertex 12.609 63.0615 4
      vertex 6.41379 70.939 4
      vertex 12.1537 61.5607 4
    endloop
  endfacet
  facet normal 0 0 1
    outer loop
      vertex 6.16081 70.9498 4
      vertex 12.1537 61.5607 4
      vertex 6.41379 70.939 4
    endloop
  endfacet
  facet normal 0 0 1
    outer loop
      vertex 5.92188 70.9822 4
      vertex 12.1537 61.5607 4
      vertex 6.16081 70.9498 4
    endloop
  endfacet
  facet normal 0 0 1
    outer loop
      vertex 5.69698 71.0362 4
      vertex 12.1537 61.5607 4
      vertex 5.92188 70.9822 4
    endloop
  endfacet
  facet normal 0 0 1
    outer loop
      vertex 12.1537 61.5607 4
      vertex 5.69698 71.0362 4
      vertex 12 60 4
    endloop
  endfacet
  facet normal 0 0 1
    outer loop
      vertex 5.48611 71.1118 4
      vertex 12 60 4
      vertex 5.69698 71.0362 4
    endloop
  endfacet
  facet normal 0 0 1
    outer loop
      vertex 5.28929 71.209 4
      vertex 12 60 4
      vertex 5.48611 71.1118 4
    endloop
  endfacet
  facet normal 0 0 1
    outer loop
      vertex 5.10851 71.3263 4
      vertex 12 60 4
      vertex 5.28929 71.209 4
    endloop
  endfacet
  facet normal 0 0 1
    outer loop
      vertex 4.9458 71.4622 4
      vertex 12 60 4
      vertex 5.10851 71.3263 4
    endloop
  endfacet
  facet normal 0 0 1
    outer loop
      vertex 4.80115 71.6166 4
      vertex 12 60 4
      vertex 4.9458 71.4622 4
    endloop
  endfacet
  facet normal 0 0 1
    outer loop
      vertex 12 60 4
      vertex 0 0 4
      vertex 12 12 4
    endloop
  endfacet
  facet normal 0 0 1
    outer loop
      vertex 12 60 4
      vertex 4.80115 71.6166 4
      vertex 0 0 4
    endloop
  endfacet
  facet normal 0 0 1
    outer loop
      vertex 0 0 4
      vertex 4.80115 71.6166 4
      vertex 4.67456 71.7896 4
    endloop
  endfacet
  facet normal 0 0 1
    outer loop
      vertex 0 0 4
      vertex 4.67456 71.7896 4
      vertex 4.56604 71.9811 4
    endloop
  endfacet
  facet normal 0 0 1
    outer loop
      vertex 0 80 4
      vertex 4.56604 71.9811 4
      vertex 4.47653 72.1893 4
    endloop
  endfacet
  facet normal 0 0 1
    outer loop
      vertex 0 80 4
      vertex 4.47653 72.1893 4
      vertex 4.40691 72.4122 4
    endloop
  endfacet
  facet normal 0 0 1
    outer loop
      vertex 0 80 4
      vertex 4.40691 72.4122 4
      vertex 4.35716 72.6499 4
    endloop
  endfacet
  facet normal 0 0 1
    outer loop
      vertex 0 80 4
      vertex 4.32733 72.9024 4
      vertex 4.31738 73.1697 4
    endloop
  endfacet
  facet normal 0 0 1
    outer loop
      vertex 0 80 4
      vertex 4.35716 72.6499 4
      vertex 4.32733 72.9024 4
    endloop
  endfacet
  facet normal 0 0 1
    outer loop
      vertex 4.56604 71.9811 4
      vertex 0 80 4
      vertex 0 0 4
    endloop
  endfacet
  facet normal 0 0 1
    outer loop
      vertex 20 4 4
      vertex 0 0 4
      vertex 180 0 4
    endloop
  endfacet
  facet normal 0 0 1
    outer loop
      vertex 18.4393 4.15372 4
      vertex 0 0 4
      vertex 20 4 4
    endloop
  endfacet
  facet normal 0 0 1
    outer loop
      vertex 16.9385 4.60896 4
      vertex 0 0 4
      vertex 18.4393 4.15372 4
    endloop
  endfacet
  facet normal 0 0 1
    outer loop
      vertex 15.5554 5.34824 4
      vertex 0 0 4
      vertex 16.9385 4.60896 4
    endloop
  endfacet
  facet normal 0 0 1
    outer loop
      vertex 14.3431 6.34314 4
      vertex 0 0 4
      vertex 15.5554 5.34824 4
    endloop
  endfacet
  facet normal 0 0 1
    outer loop
      vertex 13.3482 7.55544 4
      vertex 0 0 4
      vertex 14.3431 6.34314 4
    endloop
  endfacet
  facet normal 0 0 1
    outer loop
      vertex 12.609 8.93854 4
      vertex 0 0 4
      vertex 13.3482 7.55544 4
    endloop
  endfacet
  facet normal 0 0 1
    outer loop
      vertex 12.1537 10.4393 4
      vertex 0 0 4
      vertex 12.609 8.93854 4
    endloop
  endfacet
  facet normal 0 0 1
    outer loop
      vertex 12 12 4
      vertex 0 0 4
      vertex 12.1537 10.4393 4
    endloop
  endfacet
  facet normal -0 0 1
    outer loop
      vertex 24.6184 71 4
      vertex 162 68 4
      vertex 24.6184 75.2997 4
    endloop
  endfacet
  facet normal 0 0 1
    outer loop
      vertex 20 68 4
      vertex 24.6184 71 4
      vertex 24.0356 71 4
    endloop
  endfacet
  facet normal 0 0 1
    outer loop
      vertex 21.7103 71 4
      vertex 24.0356 71 4
      vertex 21.7103 72.9927 4
    endloop
  endfacet
  facet normal 0 0 1
    outer loop
      vertex 20 68 4
      vertex 24.0356 71 4
      vertex 21.7103 71 4
    endloop
  endfacet
  facet normal 0 0 1
    outer loop
      vertex 20 68 4
      vertex 21.7103 71 4
      vertex 21.1275 71 4
    endloop
  endfacet
  facet normal 0 0 1
    outer loop
      vertex 21.1275 75.2997 4
      vertex 20.3667 73.7717 4
      vertex 21.1275 71 4
    endloop
  endfacet
  facet normal -0 0 1
    outer loop
      vertex 20.3189 73.5576 4
      vertex 21.1275 71 4
      vertex 20.3667 73.7717 4
    endloop
  endfacet
  facet normal -0 0 1
    outer loop
      vertex 20.2393 73.3635 4
      vertex 21.1275 71 4
      vertex 20.3189 73.5576 4
    endloop
  endfacet
  facet normal -0 0 1
    outer loop
      vertex 20.1278 73.1894 4
      vertex 21.1275 71 4
      vertex 20.2393 73.3635 4
    endloop
  endfacet
  facet normal 0 0 1
    outer loop
      vertex 24.6184 71 4
      vertex 20 68 4
      vertex 162 68 4
    endloop
  endfacet
  facet normal -0 0 1
    outer loop
      vertex 19.9844 73.0354 4
      vertex 21.1275 71 4
      vertex 20.1278 73.1894 4
    endloop
  endfacet
  facet normal -0 0 1
    outer loop
      vertex 19.8137 72.9058 4
      vertex 21.1275 71 4
      vertex 19.9844 73.0354 4
    endloop
  endfacet
  facet normal -0 0 1
    outer loop
      vertex 19.6202 72.8049 4
      vertex 21.1275 71 4
      vertex 19.8137 72.9058 4
    endloop
  endfacet
  facet normal -0 0 1
    outer loop
      vertex 19.4038 72.7329 4
      vertex 21.1275 71 4
      vertex 19.6202 72.8049 4
    endloop
  endfacet
  facet normal -0 0 1
    outer loop
      vertex 19.1646 72.6897 4
      vertex 21.1275 71 4
      vertex 19.4038 72.7329 4
    endloop
  endfacet
  facet normal 0 0 1
    outer loop
      vertex 21.1275 71 4
      vertex 19.1646 72.6897 4
      vertex 17.6393 71 4
    endloop
  endfacet
  facet normal 0 0 1
    outer loop
      vertex 17.6393 71 4
      vertex 19.1646 72.6897 4
      vertex 18.9026 72.6753 4
    endloop
  endfacet
  facet normal 0 0 1
    outer loop
      vertex 21.1275 71 4
      vertex 17.6393 71 4
      vertex 20 68 4
    endloop
  endfacet
  facet normal 0 0 1
    outer loop
      vertex 17.6393 71 4
      vertex 18.9026 72.6753 4
      vertex 17.6393 72.6753 4
    endloop
  endfacet
  facet normal 0 0 1
    outer loop
      vertex 20 68 4
      vertex 17.6393 71 4
      vertex 18.4393 67.8463 4
    endloop
  endfacet
  facet normal -0 0 1
    outer loop
      vertex 17.0565 71 4
      vertex 18.4393 67.8463 4
      vertex 17.6393 71 4
    endloop
  endfacet
  facet normal 0 0 1
    outer loop
      vertex 18.4393 67.8463 4
      vertex 17.0565 71 4
      vertex 16.9385 67.391 4
    endloop
  endfacet
  facet normal 0 0 1
    outer loop
      vertex 19.1562 74.7995 4
      vertex 19.7968 73.9997 4
      vertex 19.7567 74.2996 4
    endloop
  endfacet
  facet normal 0 -0 1
    outer loop
      vertex 19.1718 73.1706 4
      vertex 19.7968 73.9997 4
      vertex 19.1562 74.7995 4
    endloop
  endfacet
  facet normal 0 0 1
    outer loop
      vertex 19.4364 74.6995 4
      vertex 19.7567 74.2996 4
      vertex 19.6366 74.5329 4
    endloop
  endfacet
  facet normal 0 0 1
    outer loop
      vertex 19.7567 74.2996 4
      vertex 19.4364 74.6995 4
      vertex 19.1562 74.7995 4
    endloop
  endfacet
  facet normal 0 0 1
    outer loop
      vertex 19.7968 73.9997 4
      vertex 19.1718 73.1706 4
      vertex 19.7577 73.6888 4
    endloop
  endfacet
  facet normal 0 0 1
    outer loop
      vertex 19.7577 73.6888 4
      vertex 19.4452 73.2743 4
      vertex 19.6405 73.447 4
    endloop
  endfacet
  facet normal 0 -0 1
    outer loop
      vertex 19.4452 73.2743 4
      vertex 19.7577 73.6888 4
      vertex 19.1718 73.1706 4
    endloop
  endfacet
  facet normal 0 0 1
    outer loop
      vertex 19.1562 74.7995 4
      vertex 18.8203 73.1361 4
      vertex 19.1718 73.1706 4
    endloop
  endfacet
  facet normal 0 0 1
    outer loop
      vertex 18.7959 74.8328 4
      vertex 18.8203 73.1361 4
      vertex 19.1562 74.7995 4
    endloop
  endfacet
  facet normal 0 0 1
    outer loop
      vertex 17.6393 73.1361 4
      vertex 18.7959 74.8328 4
      vertex 17.6393 74.8328 4
    endloop
  endfacet
  facet normal 0 0 1
    outer loop
      vertex 18.7959 74.8328 4
      vertex 17.6393 73.1361 4
      vertex 18.8203 73.1361 4
    endloop
  endfacet
  facet normal 0 0 -1
    outer loop
      vertex 170 60 0
      vertex 180 0 0
      vertex 170 12 0
    endloop
  endfacet
  facet normal 0 0 -1
    outer loop
      vertex 180 0 0
      vertex 169.846 10.4393 0
      vertex 170 12 0
    endloop
  endfacet
  facet normal 0 0 -1
    outer loop
      vertex 180 0 0
      vertex 169.391 8.93854 0
      vertex 169.846 10.4393 0
    endloop
  endfacet
  facet normal 0 0 -1
    outer loop
      vertex 180 0 0
      vertex 168.652 7.55544 0
      vertex 169.391 8.93854 0
    endloop
  endfacet
  facet normal 0 0 -1
    outer loop
      vertex 180 0 0
      vertex 167.657 6.34314 0
      vertex 168.652 7.55544 0
    endloop
  endfacet
  facet normal 0 0 -1
    outer loop
      vertex 180 0 0
      vertex 166.445 5.34824 0
      vertex 167.657 6.34314 0
    endloop
  endfacet
  facet normal 0 0 -1
    outer loop
      vertex 180 0 0
      vertex 165.061 4.60896 0
      vertex 166.445 5.34824 0
    endloop
  endfacet
  facet normal 0 0 -1
    outer loop
      vertex 180 0 0
      vertex 163.561 4.15372 0
      vertex 165.061 4.60896 0
    endloop
  endfacet
  facet normal 0 0 -1
    outer loop
      vertex 180 0 0
      vertex 162 4 0
      vertex 163.561 4.15372 0
    endloop
  endfacet
  facet normal 0 0 -1
    outer loop
      vertex 180 0 0
      vertex 20 4 0
      vertex 162 4 0
    endloop
  endfacet
  facet normal -0 0 -1
    outer loop
      vertex 12 12 0
      vertex 0 0 0
      vertex 12 60 0
    endloop
  endfacet
  facet normal -0 0 -1
    outer loop
      vertex 12.1537 10.4393 0
      vertex 0 0 0
      vertex 12 12 0
    endloop
  endfacet
  facet normal -0 0 -1
    outer loop
      vertex 12.609 8.93854 0
      vertex 0 0 0
      vertex 12.1537 10.4393 0
    endloop
  endfacet
  facet normal -0 0 -1
    outer loop
      vertex 13.3482 7.55544 0
      vertex 0 0 0
      vertex 12.609 8.93854 0
    endloop
  endfacet
  facet normal -0 0 -1
    outer loop
      vertex 14.3431 6.34314 0
      vertex 0 0 0
      vertex 13.3482 7.55544 0
    endloop
  endfacet
  facet normal -0 0 -1
    outer loop
      vertex 15.5554 5.34824 0
      vertex 0 0 0
      vertex 14.3431 6.34314 0
    endloop
  endfacet
  facet normal -0 0 -1
    outer loop
      vertex 16.9385 4.60896 0
      vertex 0 0 0
      vertex 15.5554 5.34824 0
    endloop
  endfacet
  facet normal -0 0 -1
    outer loop
      vertex 18.4393 4.15372 0
      vertex 0 0 0
      vertex 16.9385 4.60896 0
    endloop
  endfacet
  facet normal -0 0 -1
    outer loop
      vertex 20 4 0
      vertex 0 0 0
      vertex 18.4393 4.15372 0
    endloop
  endfacet
  facet normal 0 0 -1
    outer loop
      vertex 0 0 0
      vertex 20 4 0
      vertex 180 0 0
    endloop
  endfacet
  facet normal 0 0 -1
    outer loop
      vertex 180 0 0
      vertex 170 60 0
      vertex 180 80 0
    endloop
  endfacet
  facet normal 0 0 -1
    outer loop
      vertex 169.846 61.5607 0
      vertex 180 80 0
      vertex 170 60 0
    endloop
  endfacet
  facet normal 0 0 -1
    outer loop
      vertex 169.391 63.0615 0
      vertex 180 80 0
      vertex 169.846 61.5607 0
    endloop
  endfacet
  facet normal 0 0 -1
    outer loop
      vertex 168.652 64.4446 0
      vertex 180 80 0
      vertex 169.391 63.0615 0
    endloop
  endfacet
  facet normal 0 0 -1
    outer loop
      vertex 167.657 65.6569 0
      vertex 180 80 0
      vertex 168.652 64.4446 0
    endloop
  endfacet
  facet normal 0 0 -1
    outer loop
      vertex 166.445 66.6518 0
      vertex 180 80 0
      vertex 167.657 65.6569 0
    endloop
  endfacet
  facet normal 0 0 -1
    outer loop
      vertex 165.061 67.391 0
      vertex 180 80 0
      vertex 166.445 66.6518 0
    endloop
  endfacet
  facet normal 0 0 -1
    outer loop
      vertex 163.561 67.8463 0
      vertex 180 80 0
      vertex 165.061 67.391 0
    endloop
  endfacet
  facet normal 0 0 -1
    outer loop
      vertex 162 68 0
      vertex 180 80 0
      vertex 163.561 67.8463 0
    endloop
  endfacet
  facet normal 0 0 -1
    outer loop
      vertex 20 68 0
      vertex 180 80 0
      vertex 162 68 0
    endloop
  endfacet
  facet normal 0 0 -1
    outer loop
      vertex 0 80 0
      vertex 12 60 0
      vertex 0 0 0
    endloop
  endfacet
  facet normal 0 0 -1
    outer loop
      vertex 20 68 0
      vertex 0 80 0
      vertex 180 80 0
    endloop
  endfacet
  facet normal 0 0 -1
    outer loop
      vertex 18.4393 67.8463 0
      vertex 0 80 0
      vertex 20 68 0
    endloop
  endfacet
  facet normal 0 0 -1
    outer loop
      vertex 16.9385 67.391 0
      vertex 0 80 0
      vertex 18.4393 67.8463 0
    endloop
  endfacet
  facet normal 0 0 -1
    outer loop
      vertex 15.5554 66.6518 0
      vertex 0 80 0
      vertex 16.9385 67.391 0
    endloop
  endfacet
  facet normal 0 0 -1
    outer loop
      vertex 14.3431 65.6569 0
      vertex 0 80 0
      vertex 15.5554 66.6518 0
    endloop
  endfacet
  facet normal 0 0 -1
    outer loop
      vertex 13.3482 64.4446 0
      vertex 0 80 0
      vertex 14.3431 65.6569 0
    endloop
  endfacet
  facet normal 0 0 -1
    outer loop
      vertex 12.609 63.0615 0
      vertex 0 80 0
      vertex 13.3482 64.4446 0
    endloop
  endfacet
  facet normal 0 0 -1
    outer loop
      vertex 12.1537 61.5607 0
      vertex 0 80 0
      vertex 12.609 63.0615 0
    endloop
  endfacet
  facet normal 0 0 -1
    outer loop
      vertex 12 60 0
      vertex 0 80 0
      vertex 12.1537 61.5607 0
    endloop
  endfacet
  facet normal -1 0 0
    outer loop
      vertex 0 0 0
      vertex 0 80 4
      vertex 0 80 0
    endloop
  endfacet
  facet normal -1 -0 0
    outer loop
      vertex 0 80 4
      vertex 0 0 0
      vertex 0 0 4
    endloop
  endfacet
  facet normal 0 1 -0
    outer loop
      vertex 180 80 0
      vertex 0 80 4
      vertex 180 80 4
    endloop
  endfacet
  facet normal 0 1 0
    outer loop
      vertex 0 80 4
      vertex 180 80 0
      vertex 0 80 0
    endloop
  endfacet
  facet normal 0 -1 0
    outer loop
      vertex 0 0 0
      vertex 180 0 4
      vertex 0 0 4
    endloop
  endfacet
  facet normal 0 -1 -0
    outer loop
      vertex 180 0 4
      vertex 0 0 0
      vertex 180 0 0
    endloop
  endfacet
  facet normal -0.0980013 0.995186 0
    outer loop
      vertex 163.561 4.15372 0
      vertex 162 4 4
      vertex 163.561 4.15372 4
    endloop
  endfacet
  facet normal -0.0980013 0.995186 0
    outer loop
      vertex 162 4 4
      vertex 163.561 4.15372 0
      vertex 162 4 0
    endloop
  endfacet
  facet normal 0.09802 0.995184 -0
    outer loop
      vertex 20 4 0
      vertex 18.4393 4.15372 4
      vertex 20 4 4
    endloop
  endfacet
  facet normal 0.09802 0.995184 0
    outer loop
      vertex 18.4393 4.15372 4
      vertex 20 4 0
      vertex 18.4393 4.15372 0
    endloop
  endfacet
  facet normal -0.995167 0.0981968 0
    outer loop
      vertex 169.846 10.4393 0
      vertex 170 12 4
      vertex 170 12 0
    endloop
  endfacet
  facet normal -0.995167 0.0981968 0
    outer loop
      vertex 170 12 4
      vertex 169.846 10.4393 0
      vertex 169.846 10.4393 4
    endloop
  endfacet
  facet normal -0.290448 -0.956891 0
    outer loop
      vertex 163.561 67.8463 0
      vertex 165.061 67.391 4
      vertex 163.561 67.8463 4
    endloop
  endfacet
  facet normal -0.290448 -0.956891 -0
    outer loop
      vertex 165.061 67.391 4
      vertex 163.561 67.8463 0
      vertex 165.061 67.391 0
    endloop
  endfacet
  facet normal -0.995167 -0.0981968 0
    outer loop
      vertex 170 60 0
      vertex 169.846 61.5607 4
      vertex 169.846 61.5607 0
    endloop
  endfacet
  facet normal -0.995167 -0.0981968 0
    outer loop
      vertex 169.846 61.5607 4
      vertex 170 60 0
      vertex 170 60 4
    endloop
  endfacet
  facet normal 0.956934 -0.290306 0
    outer loop
      vertex 12.1537 61.5607 4
      vertex 12.609 63.0615 0
      vertex 12.609 63.0615 4
    endloop
  endfacet
  facet normal 0.956934 -0.290306 0
    outer loop
      vertex 12.609 63.0615 0
      vertex 12.1537 61.5607 4
      vertex 12.1537 61.5607 0
    endloop
  endfacet
  facet normal 0.471396 0.881922 -0
    outer loop
      vertex 16.9385 4.60896 0
      vertex 15.5554 5.34824 4
      vertex 16.9385 4.60896 4
    endloop
  endfacet
  facet normal 0.471396 0.881922 0
    outer loop
      vertex 15.5554 5.34824 4
      vertex 16.9385 4.60896 0
      vertex 15.5554 5.34824 0
    endloop
  endfacet
  facet normal 1 -0 0
    outer loop
      vertex 12 12 4
      vertex 12 60 0
      vertex 12 60 4
    endloop
  endfacet
  facet normal 1 0 0
    outer loop
      vertex 12 60 0
      vertex 12 12 4
      vertex 12 12 0
    endloop
  endfacet
  facet normal 0 1 -0
    outer loop
      vertex 162 4 0
      vertex 20 4 4
      vertex 162 4 4
    endloop
  endfacet
  facet normal 0 1 0
    outer loop
      vertex 20 4 4
      vertex 162 4 0
      vertex 20 4 0
    endloop
  endfacet
  facet normal 0.63439 -0.773013 0
    outer loop
      vertex 14.3431 65.6569 0
      vertex 15.5554 66.6518 4
      vertex 14.3431 65.6569 4
    endloop
  endfacet
  facet normal 0.63439 -0.773013 0
    outer loop
      vertex 15.5554 66.6518 4
      vertex 14.3431 65.6569 0
      vertex 15.5554 66.6518 0
    endloop
  endfacet
  facet normal 0 -1 0
    outer loop
      vertex 20 68 0
      vertex 162 68 4
      vertex 20 68 4
    endloop
  endfacet
  facet normal 0 -1 -0
    outer loop
      vertex 162 68 4
      vertex 20 68 0
      vertex 162 68 0
    endloop
  endfacet
  facet normal 0.773013 0.63439 0
    outer loop
      vertex 14.3431 6.34314 4
      vertex 13.3482 7.55544 0
      vertex 13.3482 7.55544 4
    endloop
  endfacet
  facet normal 0.773013 0.63439 0
    outer loop
      vertex 13.3482 7.55544 0
      vertex 14.3431 6.34314 4
      vertex 14.3431 6.34314 0
    endloop
  endfacet
  facet normal 0.290306 -0.956934 0
    outer loop
      vertex 16.9385 67.391 0
      vertex 18.4393 67.8463 4
      vertex 16.9385 67.391 4
    endloop
  endfacet
  facet normal 0.290306 -0.956934 0
    outer loop
      vertex 18.4393 67.8463 4
      vertex 16.9385 67.391 0
      vertex 18.4393 67.8463 0
    endloop
  endfacet
  facet normal 0.956932 0.290314 0
    outer loop
      vertex 12.609 8.93854 4
      vertex 12.1537 10.4393 0
      vertex 12.1537 10.4393 4
    endloop
  endfacet
  facet normal 0.956932 0.290314 0
    outer loop
      vertex 12.1537 10.4393 0
      vertex 12.609 8.93854 4
      vertex 12.609 8.93854 0
    endloop
  endfacet
  facet normal -0.0979887 -0.995188 0
    outer loop
      vertex 162 68 0
      vertex 163.561 67.8463 4
      vertex 162 68 4
    endloop
  endfacet
  facet normal -0.0979887 -0.995188 -0
    outer loop
      vertex 163.561 67.8463 4
      vertex 162 68 0
      vertex 163.561 67.8463 0
    endloop
  endfacet
  facet normal 0.0980073 -0.995186 0
    outer loop
      vertex 18.4393 67.8463 0
      vertex 20 68 4
      vertex 18.4393 67.8463 4
    endloop
  endfacet
  facet normal 0.0980073 -0.995186 0
    outer loop
      vertex 20 68 4
      vertex 18.4393 67.8463 0
      vertex 20 68 0
    endloop
  endfacet
  facet normal 0.995186 0.0980073 0
    outer loop
      vertex 12.1537 10.4393 4
      vertex 12 12 0
      vertex 12 12 4
    endloop
  endfacet
  facet normal 0.995186 0.0980073 0
    outer loop
      vertex 12 12 0
      vertex 12.1537 10.4393 4
      vertex 12.1537 10.4393 0
    endloop
  endfacet
  facet normal -0.956985 0.290138 0
    outer loop
      vertex 169.391 8.93854 0
      vertex 169.846 10.4393 4
      vertex 169.846 10.4393 0
    endloop
  endfacet
  facet normal -0.956985 0.290138 0
    outer loop
      vertex 169.846 10.4393 4
      vertex 169.391 8.93854 0
      vertex 169.391 8.93854 4
    endloop
  endfacet
  facet normal 0.773013 -0.63439 0
    outer loop
      vertex 13.3482 64.4446 4
      vertex 14.3431 65.6569 0
      vertex 14.3431 65.6569 4
    endloop
  endfacet
  facet normal 0.773013 -0.63439 0
    outer loop
      vertex 14.3431 65.6569 0
      vertex 13.3482 64.4446 4
      vertex 13.3482 64.4446 0
    endloop
  endfacet
  facet normal 0.995186 -0.0980073 0
    outer loop
      vertex 12 60 4
      vertex 12.1537 61.5607 0
      vertex 12.1537 61.5607 4
    endloop
  endfacet
  facet normal 0.995186 -0.0980073 0
    outer loop
      vertex 12.1537 61.5607 0
      vertex 12 60 4
      vertex 12 60 0
    endloop
  endfacet
  facet normal -0.881996 -0.471257 0
    outer loop
      vertex 169.391 63.0615 0
      vertex 168.652 64.4446 4
      vertex 168.652 64.4446 0
    endloop
  endfacet
  facet normal -0.881996 -0.471257 0
    outer loop
      vertex 168.652 64.4446 4
      vertex 169.391 63.0615 0
      vertex 169.391 63.0615 4
    endloop
  endfacet
  facet normal -0.471157 0.882049 0
    outer loop
      vertex 166.445 5.34824 0
      vertex 165.061 4.60896 4
      vertex 166.445 5.34824 4
    endloop
  endfacet
  facet normal -0.471157 0.882049 0
    outer loop
      vertex 165.061 4.60896 4
      vertex 166.445 5.34824 0
      vertex 165.061 4.60896 0
    endloop
  endfacet
  facet normal 0.471356 -0.881943 0
    outer loop
      vertex 15.5554 66.6518 0
      vertex 16.9385 67.391 4
      vertex 15.5554 66.6518 4
    endloop
  endfacet
  facet normal 0.471356 -0.881943 0
    outer loop
      vertex 16.9385 67.391 4
      vertex 15.5554 66.6518 0
      vertex 16.9385 67.391 0
    endloop
  endfacet
  facet normal 0.290271 0.956944 -0
    outer loop
      vertex 18.4393 4.15372 0
      vertex 16.9385 4.60896 4
      vertex 18.4393 4.15372 4
    endloop
  endfacet
  facet normal 0.290271 0.956944 0
    outer loop
      vertex 16.9385 4.60896 4
      vertex 18.4393 4.15372 0
      vertex 16.9385 4.60896 0
    endloop
  endfacet
  facet normal -0.772982 -0.634428 0
    outer loop
      vertex 168.652 64.4446 0
      vertex 167.657 65.6569 4
      vertex 167.657 65.6569 0
    endloop
  endfacet
  facet normal -0.772982 -0.634428 0
    outer loop
      vertex 167.657 65.6569 4
      vertex 168.652 64.4446 0
      vertex 168.652 64.4446 4
    endloop
  endfacet
  facet normal -1 0 0
    outer loop
      vertex 170 12 0
      vertex 170 60 4
      vertex 170 60 0
    endloop
  endfacet
  facet normal -1 -0 0
    outer loop
      vertex 170 60 4
      vertex 170 12 0
      vertex 170 12 4
    endloop
  endfacet
  facet normal -0.772982 0.634428 0
    outer loop
      vertex 167.657 6.34314 0
      vertex 168.652 7.55544 4
      vertex 168.652 7.55544 0
    endloop
  endfacet
  facet normal -0.772982 0.634428 0
    outer loop
      vertex 168.652 7.55544 4
      vertex 167.657 6.34314 0
      vertex 167.657 6.34314 4
    endloop
  endfacet
  facet normal -0.471117 -0.882071 0
    outer loop
      vertex 165.061 67.391 0
      vertex 166.445 66.6518 4
      vertex 165.061 67.391 4
    endloop
  endfacet
  facet normal -0.471117 -0.882071 -0
    outer loop
      vertex 166.445 66.6518 4
      vertex 165.061 67.391 0
      vertex 166.445 66.6518 0
    endloop
  endfacet
  facet normal 0.881943 -0.471356 0
    outer loop
      vertex 12.609 63.0615 4
      vertex 13.3482 64.4446 0
      vertex 13.3482 64.4446 4
    endloop
  endfacet
  facet normal 0.881943 -0.471356 0
    outer loop
      vertex 13.3482 64.4446 0
      vertex 12.609 63.0615 4
      vertex 12.609 63.0615 0
    endloop
  endfacet
  facet normal -0.290413 0.956901 0
    outer loop
      vertex 165.061 4.60896 0
      vertex 163.561 4.15372 4
      vertex 165.061 4.60896 4
    endloop
  endfacet
  facet normal -0.290413 0.956901 0
    outer loop
      vertex 163.561 4.15372 4
      vertex 165.061 4.60896 0
      vertex 163.561 4.15372 0
    endloop
  endfacet
  facet normal -0.956987 -0.290131 0
    outer loop
      vertex 169.846 61.5607 0
      vertex 169.391 63.0615 4
      vertex 169.391 63.0615 0
    endloop
  endfacet
  facet normal -0.956987 -0.290131 0
    outer loop
      vertex 169.391 63.0615 4
      vertex 169.846 61.5607 0
      vertex 169.846 61.5607 4
    endloop
  endfacet
  facet normal -0.881996 0.471257 0
    outer loop
      vertex 168.652 7.55544 0
      vertex 169.391 8.93854 4
      vertex 169.391 8.93854 0
    endloop
  endfacet
  facet normal -0.881996 0.471257 0
    outer loop
      vertex 169.391 8.93854 4
      vertex 168.652 7.55544 0
      vertex 168.652 7.55544 4
    endloop
  endfacet
  facet normal 0.63439 0.773013 -0
    outer loop
      vertex 15.5554 5.34824 0
      vertex 14.3431 6.34314 4
      vertex 15.5554 5.34824 4
    endloop
  endfacet
  facet normal 0.63439 0.773013 0
    outer loop
      vertex 14.3431 6.34314 4
      vertex 15.5554 5.34824 0
      vertex 14.3431 6.34314 0
    endloop
  endfacet
  facet normal -0.634484 0.772936 0
    outer loop
      vertex 167.657 6.34314 0
      vertex 166.445 5.34824 4
      vertex 167.657 6.34314 4
    endloop
  endfacet
  facet normal -0.634484 0.772936 0
    outer loop
      vertex 166.445 5.34824 4
      vertex 167.657 6.34314 0
      vertex 166.445 5.34824 0
    endloop
  endfacet
  facet normal 0.881943 0.471356 0
    outer loop
      vertex 13.3482 7.55544 4
      vertex 12.609 8.93854 0
      vertex 12.609 8.93854 4
    endloop
  endfacet
  facet normal 0.881943 0.471356 0
    outer loop
      vertex 12.609 8.93854 0
      vertex 13.3482 7.55544 4
      vertex 13.3482 7.55544 0
    endloop
  endfacet
  facet normal -0.634484 -0.772936 0
    outer loop
      vertex 166.445 66.6518 0
      vertex 167.657 65.6569 4
      vertex 166.445 66.6518 4
    endloop
  endfacet
  facet normal -0.634484 -0.772936 -0
    outer loop
      vertex 167.657 65.6569 4
      vertex 166.445 66.6518 0
      vertex 167.657 65.6569 0
    endloop
  endfacet
  facet normal 0 0 1
    outer loop
      vertex 7.61617 74.2587 4.8
      vertex 8.13914 74.4995 4.8
      vertex 8.02318 74.6796 4.8
    endloop
  endfacet
  facet normal 0 0 1
    outer loop
      vertex 7.53456 74.3876 4.8
      vertex 8.02318 74.6796 4.8
      vertex 7.88768 74.8389 4.8
    endloop
  endfacet
  facet normal 0 0 1
    outer loop
      vertex 7.43843 74.5023 4.8
      vertex 7.88768 74.8389 4.8
      vertex 7.73265 74.9774 4.8
    endloop
  endfacet
  facet normal 0 0 1
    outer loop
      vertex 8.02318 74.6796 4.8
      vertex 7.53456 74.3876 4.8
      vertex 7.61617 74.2587 4.8
    endloop
  endfacet
  facet normal 0 0 1
    outer loop
      vertex 8.13914 74.4995 4.8
      vertex 7.68324 74.1157 4.8
      vertex 8.23557 74.2987 4.8
    endloop
  endfacet
  facet normal 0 0 1
    outer loop
      vertex 7.32777 74.6029 4.8
      vertex 7.73265 74.9774 4.8
      vertex 7.55809 75.0952 4.8
    endloop
  endfacet
  facet normal 0 -0 1
    outer loop
      vertex 7.68324 74.1157 4.8
      vertex 8.13914 74.4995 4.8
      vertex 7.61617 74.2587 4.8
    endloop
  endfacet
  facet normal 0 0 1
    outer loop
      vertex 7.88768 74.8389 4.8
      vertex 7.43843 74.5023 4.8
      vertex 7.53456 74.3876 4.8
    endloop
  endfacet
  facet normal 0 0 1
    outer loop
      vertex 7.20259 74.6893 4.8
      vertex 7.55809 75.0952 4.8
      vertex 7.36476 75.1918 4.8
    endloop
  endfacet
  facet normal 0 0 1
    outer loop
      vertex 7.73265 74.9774 4.8
      vertex 7.32777 74.6029 4.8
      vertex 7.43843 74.5023 4.8
    endloop
  endfacet
  facet normal 0 0 1
    outer loop
      vertex 7.55809 75.0952 4.8
      vertex 7.20259 74.6893 4.8
      vertex 7.32777 74.6029 4.8
    endloop
  endfacet
  facet normal 0 0 1
    outer loop
      vertex 7.06523 74.7607 4.8
      vertex 7.36476 75.1918 4.8
      vertex 7.15335 75.267 4.8
    endloop
  endfacet
  facet normal 0 0 1
    outer loop
      vertex 7.36476 75.1918 4.8
      vertex 7.06523 74.7607 4.8
      vertex 7.20259 74.6893 4.8
    endloop
  endfacet
  facet normal 0 0 1
    outer loop
      vertex 6.91797 74.8163 4.8
      vertex 7.15335 75.267 4.8
      vertex 6.92389 75.3208 4.8
    endloop
  endfacet
  facet normal 0 0 1
    outer loop
      vertex 7.15335 75.267 4.8
      vertex 6.91797 74.8163 4.8
      vertex 7.06523 74.7607 4.8
    endloop
  endfacet
  facet normal 0 0 1
    outer loop
      vertex 6.92389 75.3208 4.8
      vertex 6.76082 74.8559 4.8
      vertex 6.91797 74.8163 4.8
    endloop
  endfacet
  facet normal 0 0 1
    outer loop
      vertex 6.67635 75.353 4.8
      vertex 6.76082 74.8559 4.8
      vertex 6.92389 75.3208 4.8
    endloop
  endfacet
  facet normal 0 0 1
    outer loop
      vertex 6.67635 75.353 4.8
      vertex 6.59378 74.8797 4.8
      vertex 6.76082 74.8559 4.8
    endloop
  endfacet
  facet normal 0 0 1
    outer loop
      vertex 6.41074 75.3637 4.8
      vertex 6.59378 74.8797 4.8
      vertex 6.67635 75.353 4.8
    endloop
  endfacet
  facet normal 0 0 1
    outer loop
      vertex 6.59378 74.8797 4.8
      vertex 6.41074 75.3637 4.8
      vertex 6.41685 74.8877 4.8
    endloop
  endfacet
  facet normal 0 0 1
    outer loop
      vertex 6.41074 75.3637 4.8
      vertex 6.14391 74.8693 4.8
      vertex 6.41685 74.8877 4.8
    endloop
  endfacet
  facet normal -0 0 1
    outer loop
      vertex 6.03477 75.3404 4.8
      vertex 6.14391 74.8693 4.8
      vertex 6.41074 75.3637 4.8
    endloop
  endfacet
  facet normal 0 0 1
    outer loop
      vertex 6.03477 75.3404 4.8
      vertex 5.89635 74.8142 4.8
      vertex 6.14391 74.8693 4.8
    endloop
  endfacet
  facet normal -0 0 1
    outer loop
      vertex 5.69299 75.2705 4.8
      vertex 5.89635 74.8142 4.8
      vertex 6.03477 75.3404 4.8
    endloop
  endfacet
  facet normal 0 0 1
    outer loop
      vertex 5.69299 75.2705 4.8
      vertex 5.67418 74.7223 4.8
      vertex 5.89635 74.8142 4.8
    endloop
  endfacet
  facet normal -0 0 1
    outer loop
      vertex 5.38539 75.1539 4.8
      vertex 5.67418 74.7223 4.8
      vertex 5.69299 75.2705 4.8
    endloop
  endfacet
  facet normal 0 0 1
    outer loop
      vertex 5.67418 74.7223 4.8
      vertex 5.38539 75.1539 4.8
      vertex 5.47742 74.5938 4.8
    endloop
  endfacet
  facet normal -0 0 1
    outer loop
      vertex 5.11197 74.9907 4.8
      vertex 5.47742 74.5938 4.8
      vertex 5.38539 75.1539 4.8
    endloop
  endfacet
  facet normal 0 0 1
    outer loop
      vertex 5.47742 74.5938 4.8
      vertex 5.11197 74.9907 4.8
      vertex 5.30603 74.4284 4.8
    endloop
  endfacet
  facet normal -0 0 1
    outer loop
      vertex 4.87273 74.7809 4.8
      vertex 5.30603 74.4284 4.8
      vertex 5.11197 74.9907 4.8
    endloop
  endfacet
  facet normal 0 0 1
    outer loop
      vertex 5.30603 74.4284 4.8
      vertex 4.87273 74.7809 4.8
      vertex 5.16322 74.2311 4.8
    endloop
  endfacet
  facet normal -0 0 1
    outer loop
      vertex 4.67281 74.5299 4.8
      vertex 5.16322 74.2311 4.8
      vertex 4.87273 74.7809 4.8
    endloop
  endfacet
  facet normal 0 0 1
    outer loop
      vertex 5.16322 74.2311 4.8
      vertex 4.67281 74.5299 4.8
      vertex 5.05215 74.0066 4.8
    endloop
  endfacet
  facet normal 0 0 1
    outer loop
      vertex 4.40623 73.9211 4.8
      vertex 5.05215 74.0066 4.8
      vertex 4.5173 74.2433 4.8
    endloop
  endfacet
  facet normal -0 0 1
    outer loop
      vertex 4.5173 74.2433 4.8
      vertex 5.05215 74.0066 4.8
      vertex 4.67281 74.5299 4.8
    endloop
  endfacet
  facet normal 0 0 1
    outer loop
      vertex 7.79921 72.3121 4.8
      vertex 8.16043 71.8626 4.8
      vertex 8.27522 72.0741 4.8
    endloop
  endfacet
  facet normal 0 0 1
    outer loop
      vertex 8.16043 71.8626 4.8
      vertex 7.5994 71.9903 4.8
      vertex 8.02843 71.6723 4.8
    endloop
  endfacet
  facet normal 0 0 1
    outer loop
      vertex 8.16043 71.8626 4.8
      vertex 7.79921 72.3121 4.8
      vertex 7.5994 71.9903 4.8
    endloop
  endfacet
  facet normal 0 0 1
    outer loop
      vertex 8.02843 71.6723 4.8
      vertex 7.5994 71.9903 4.8
      vertex 7.8792 71.5033 4.8
    endloop
  endfacet
  facet normal -0 0 1
    outer loop
      vertex 7.36369 71.7399 4.8
      vertex 7.8792 71.5033 4.8
      vertex 7.5994 71.9903 4.8
    endloop
  endfacet
  facet normal 0 0 1
    outer loop
      vertex 7.8792 71.5033 4.8
      vertex 7.36369 71.7399 4.8
      vertex 7.71277 71.3554 4.8
    endloop
  endfacet
  facet normal 0 0 1
    outer loop
      vertex 7.71277 71.3554 4.8
      vertex 7.36369 71.7399 4.8
      vertex 7.52911 71.2289 4.8
    endloop
  endfacet
  facet normal -0 0 1
    outer loop
      vertex 7.09209 71.5611 4.8
      vertex 7.52911 71.2289 4.8
      vertex 7.36369 71.7399 4.8
    endloop
  endfacet
  facet normal 0 0 1
    outer loop
      vertex 7.52911 71.2289 4.8
      vertex 7.09209 71.5611 4.8
      vertex 7.33072 71.1245 4.8
    endloop
  endfacet
  facet normal 0 0 1
    outer loop
      vertex 7.33072 71.1245 4.8
      vertex 7.09209 71.5611 4.8
      vertex 7.11998 71.0433 4.8
    endloop
  endfacet
  facet normal -0 0 1
    outer loop
      vertex 6.78461 71.4538 4.8
      vertex 7.11998 71.0433 4.8
      vertex 7.09209 71.5611 4.8
    endloop
  endfacet
  facet normal 0 0 1
    outer loop
      vertex 7.11998 71.0433 4.8
      vertex 6.78461 71.4538 4.8
      vertex 6.89691 70.9854 4.8
    endloop
  endfacet
  facet normal 0 0 1
    outer loop
      vertex 6.78461 71.4538 4.8
      vertex 6.66151 70.9506 4.8
      vertex 6.89691 70.9854 4.8
    endloop
  endfacet
  facet normal -0 0 1
    outer loop
      vertex 6.44124 71.418 4.8
      vertex 6.66151 70.9506 4.8
      vertex 6.78461 71.4538 4.8
    endloop
  endfacet
  facet normal 0 0 1
    outer loop
      vertex 6.44124 71.418 4.8
      vertex 6.41379 70.939 4.8
      vertex 6.66151 70.9506 4.8
    endloop
  endfacet
  facet normal 0 0 1
    outer loop
      vertex 6.16081 70.9498 4.8
      vertex 6.44124 71.418 4.8
      vertex 6.17093 71.4373 4.8
    endloop
  endfacet
  facet normal 0 0 1
    outer loop
      vertex 6.44124 71.418 4.8
      vertex 6.16081 70.9498 4.8
      vertex 6.41379 70.939 4.8
    endloop
  endfacet
  facet normal 0 0 1
    outer loop
      vertex 5.92188 70.9822 4.8
      vertex 6.17093 71.4373 4.8
      vertex 5.92393 71.4949 4.8
    endloop
  endfacet
  facet normal 0 0 1
    outer loop
      vertex 6.17093 71.4373 4.8
      vertex 5.92188 70.9822 4.8
      vertex 6.16081 70.9498 4.8
    endloop
  endfacet
  facet normal 0 0 1
    outer loop
      vertex 5.69698 71.0362 4.8
      vertex 5.92393 71.4949 4.8
      vertex 5.70024 71.5911 4.8
    endloop
  endfacet
  facet normal 0 0 1
    outer loop
      vertex 5.92393 71.4949 4.8
      vertex 5.69698 71.0362 4.8
      vertex 5.92188 70.9822 4.8
    endloop
  endfacet
  facet normal 0 0 1
    outer loop
      vertex 5.28929 71.209 4.8
      vertex 5.70024 71.5911 4.8
      vertex 5.49988 71.7256 4.8
    endloop
  endfacet
  facet normal 0 0 1
    outer loop
      vertex 5.70024 71.5911 4.8
      vertex 5.48611 71.1118 4.8
      vertex 5.69698 71.0362 4.8
    endloop
  endfacet
  facet normal 0 0 1
    outer loop
      vertex 5.10851 71.3263 4.8
      vertex 5.49988 71.7256 4.8
      vertex 5.32281 71.8986 4.8
    endloop
  endfacet
  facet normal 0 0 1
    outer loop
      vertex 5.70024 71.5911 4.8
      vertex 5.28929 71.209 4.8
      vertex 5.48611 71.1118 4.8
    endloop
  endfacet
  facet normal 0 0 1
    outer loop
      vertex 4.80115 71.6166 4.8
      vertex 5.32281 71.8986 4.8
      vertex 5.17397 72.1033 4.8
    endloop
  endfacet
  facet normal 0 0 1
    outer loop
      vertex 5.49988 71.7256 4.8
      vertex 5.10851 71.3263 4.8
      vertex 5.28929 71.209 4.8
    endloop
  endfacet
  facet normal 0 0 1
    outer loop
      vertex 4.56604 71.9811 4.8
      vertex 5.17397 72.1033 4.8
      vertex 5.0582 72.3327 4.8
    endloop
  endfacet
  facet normal 0 0 1
    outer loop
      vertex 4.47653 72.1893 4.8
      vertex 5.0582 72.3327 4.8
      vertex 4.97551 72.5869 4.8
    endloop
  endfacet
  facet normal 0 0 1
    outer loop
      vertex 5.32281 71.8986 4.8
      vertex 4.9458 71.4622 4.8
      vertex 5.10851 71.3263 4.8
    endloop
  endfacet
  facet normal -0 0 1
    outer loop
      vertex 4.35716 72.6499 4.8
      vertex 4.97551 72.5869 4.8
      vertex 4.92589 72.8659 4.8
    endloop
  endfacet
  facet normal -0 0 1
    outer loop
      vertex 4.32733 72.9024 4.8
      vertex 4.92589 72.8659 4.8
      vertex 4.90935 73.1697 4.8
    endloop
  endfacet
  facet normal 0 0 1
    outer loop
      vertex 5.05215 74.0066 4.8
      vertex 4.40623 73.9211 4.8
      vertex 4.97282 73.7548 4.8
    endloop
  endfacet
  facet normal 0 -0 1
    outer loop
      vertex 4.32733 72.9024 4.8
      vertex 4.90935 73.1697 4.8
      vertex 4.31738 73.1697 4.8
    endloop
  endfacet
  facet normal 0 0 1
    outer loop
      vertex 4.92589 72.8659 4.8
      vertex 4.32733 72.9024 4.8
      vertex 4.35716 72.6499 4.8
    endloop
  endfacet
  facet normal 0 0 1
    outer loop
      vertex 4.33958 73.5632 4.8
      vertex 4.97282 73.7548 4.8
      vertex 4.40623 73.9211 4.8
    endloop
  endfacet
  facet normal 0 0 1
    outer loop
      vertex 4.97551 72.5869 4.8
      vertex 4.35716 72.6499 4.8
      vertex 4.40691 72.4122 4.8
    endloop
  endfacet
  facet normal 0 0 1
    outer loop
      vertex 4.97282 73.7548 4.8
      vertex 4.33958 73.5632 4.8
      vertex 4.92522 73.4759 4.8
    endloop
  endfacet
  facet normal 0 0 1
    outer loop
      vertex 4.97551 72.5869 4.8
      vertex 4.40691 72.4122 4.8
      vertex 4.47653 72.1893 4.8
    endloop
  endfacet
  facet normal 0 0 1
    outer loop
      vertex 5.17397 72.1033 4.8
      vertex 4.67456 71.7896 4.8
      vertex 4.80115 71.6166 4.8
    endloop
  endfacet
  facet normal 0 0 1
    outer loop
      vertex 4.31738 73.1697 4.8
      vertex 4.92522 73.4759 4.8
      vertex 4.33958 73.5632 4.8
    endloop
  endfacet
  facet normal 0 0 1
    outer loop
      vertex 5.17397 72.1033 4.8
      vertex 4.56604 71.9811 4.8
      vertex 4.67456 71.7896 4.8
    endloop
  endfacet
  facet normal 0 0 1
    outer loop
      vertex 4.92522 73.4759 4.8
      vertex 4.31738 73.1697 4.8
      vertex 4.90935 73.1697 4.8
    endloop
  endfacet
  facet normal 0 0 1
    outer loop
      vertex 5.32281 71.8986 4.8
      vertex 4.80115 71.6166 4.8
      vertex 4.9458 71.4622 4.8
    endloop
  endfacet
  facet normal 0 0 1
    outer loop
      vertex 5.0582 72.3327 4.8
      vertex 4.47653 72.1893 4.8
      vertex 4.56604 71.9811 4.8
    endloop
  endfacet
  facet normal 0 0 1
    outer loop
      vertex 19.7968 73.9997 4.8
      vertex 20.3826 74.0058 4.8
      vertex 20.3668 74.2412 4.8
    endloop
  endfacet
  facet normal -0 0 1
    outer loop
      vertex 19.7567 74.2996 4.8
      vertex 20.3668 74.2412 4.8
      vertex 20.3192 74.4545 4.8
    endloop
  endfacet
  facet normal 0 0 1
    outer loop
      vertex 20.3826 74.0058 4.8
      vertex 19.7968 73.9997 4.8
      vertex 20.3667 73.7717 4.8
    endloop
  endfacet
  facet normal 0 0 1
    outer loop
      vertex 19.7567 74.2996 4.8
      vertex 20.3192 74.4545 4.8
      vertex 20.2398 74.6455 4.8
    endloop
  endfacet
  facet normal 0 0 1
    outer loop
      vertex 19.7577 73.6888 4.8
      vertex 20.3667 73.7717 4.8
      vertex 19.7968 73.9997 4.8
    endloop
  endfacet
  facet normal 0 0 1
    outer loop
      vertex 19.6366 74.5329 4.8
      vertex 20.2398 74.6455 4.8
      vertex 20.1287 74.8143 4.8
    endloop
  endfacet
  facet normal 0 0 1
    outer loop
      vertex 20.3667 73.7717 4.8
      vertex 19.7577 73.6888 4.8
      vertex 20.3189 73.5576 4.8
    endloop
  endfacet
  facet normal 0 0 1
    outer loop
      vertex 19.6366 74.5329 4.8
      vertex 20.1287 74.8143 4.8
      vertex 19.9859 74.9609 4.8
    endloop
  endfacet
  facet normal 0 0 1
    outer loop
      vertex 20.3189 73.5576 4.8
      vertex 19.7577 73.6888 4.8
      vertex 20.2393 73.3635 4.8
    endloop
  endfacet
  facet normal 0 0 1
    outer loop
      vertex 19.6366 74.5329 4.8
      vertex 19.9859 74.9609 4.8
      vertex 19.8142 75.0828 4.8
    endloop
  endfacet
  facet normal -0 0 1
    outer loop
      vertex 19.6405 73.447 4.8
      vertex 20.2393 73.3635 4.8
      vertex 19.7577 73.6888 4.8
    endloop
  endfacet
  facet normal 0 0 1
    outer loop
      vertex 20.2393 73.3635 4.8
      vertex 19.6405 73.447 4.8
      vertex 20.1278 73.1894 4.8
    endloop
  endfacet
  facet normal 0 0 1
    outer loop
      vertex 20.3668 74.2412 4.8
      vertex 19.7567 74.2996 4.8
      vertex 19.7968 73.9997 4.8
    endloop
  endfacet
  facet normal 0 0 1
    outer loop
      vertex 20.2398 74.6455 4.8
      vertex 19.6366 74.5329 4.8
      vertex 19.7567 74.2996 4.8
    endloop
  endfacet
  facet normal 0 0 1
    outer loop
      vertex 19.4364 74.6995 4.8
      vertex 19.8142 75.0828 4.8
      vertex 19.6163 75.1777 4.8
    endloop
  endfacet
  facet normal 0 0 1
    outer loop
      vertex 19.8142 75.0828 4.8
      vertex 19.4364 74.6995 4.8
      vertex 19.6366 74.5329 4.8
    endloop
  endfacet
  facet normal 0 0 1
    outer loop
      vertex 19.3923 75.2455 4.8
      vertex 19.4364 74.6995 4.8
      vertex 19.6163 75.1777 4.8
    endloop
  endfacet
  facet normal 0 0 1
    outer loop
      vertex 19.3923 75.2455 4.8
      vertex 19.1562 74.7995 4.8
      vertex 19.4364 74.6995 4.8
    endloop
  endfacet
  facet normal 0 0 1
    outer loop
      vertex 19.1422 75.2861 4.8
      vertex 19.1562 74.7995 4.8
      vertex 19.3923 75.2455 4.8
    endloop
  endfacet
  facet normal 0 0 1
    outer loop
      vertex 18.7959 74.8328 4.8
      vertex 19.1422 75.2861 4.8
      vertex 18.866 75.2997 4.8
    endloop
  endfacet
  facet normal 0 0 1
    outer loop
      vertex 19.1422 75.2861 4.8
      vertex 18.7959 74.8328 4.8
      vertex 19.1562 74.7995 4.8
    endloop
  endfacet
  facet normal 0 0 1
    outer loop
      vertex 18.866 75.2997 4.8
      vertex 17.6393 74.8328 4.8
      vertex 18.7959 74.8328 4.8
    endloop
  endfacet
  facet normal 0 0 1
    outer loop
      vertex 17.0565 75.2997 4.8
      vertex 17.6393 73.1361 4.8
      vertex 17.6393 74.8328 4.8
    endloop
  endfacet
  facet normal 0 0 1
    outer loop
      vertex 17.0565 71 4.8
      vertex 17.6393 73.1361 4.8
      vertex 17.0565 75.2997 4.8
    endloop
  endfacet
  facet normal -0 0 1
    outer loop
      vertex 17.0565 75.2997 4.8
      vertex 17.6393 74.8328 4.8
      vertex 18.866 75.2997 4.8
    endloop
  endfacet
  facet normal 0 0 1
    outer loop
      vertex 17.6393 73.1361 4.8
      vertex 17.0565 71 4.8
      vertex 17.6393 72.6753 4.8
    endloop
  endfacet
  facet normal 0 0 1
    outer loop
      vertex 17.6393 72.6753 4.8
      vertex 17.0565 71 4.8
      vertex 17.6393 71 4.8
    endloop
  endfacet
  facet normal 0 0 1
    outer loop
      vertex 20.1278 73.1894 4.8
      vertex 19.6405 73.447 4.8
      vertex 19.9844 73.0354 4.8
    endloop
  endfacet
  facet normal 0 0 1
    outer loop
      vertex 19.9844 73.0354 4.8
      vertex 19.6405 73.447 4.8
      vertex 19.8137 72.9058 4.8
    endloop
  endfacet
  facet normal -0 0 1
    outer loop
      vertex 19.4452 73.2743 4.8
      vertex 19.8137 72.9058 4.8
      vertex 19.6405 73.447 4.8
    endloop
  endfacet
  facet normal 0 0 1
    outer loop
      vertex 19.8137 72.9058 4.8
      vertex 19.4452 73.2743 4.8
      vertex 19.6202 72.8049 4.8
    endloop
  endfacet
  facet normal 0 0 1
    outer loop
      vertex 19.4452 73.2743 4.8
      vertex 19.4038 72.7329 4.8
      vertex 19.6202 72.8049 4.8
    endloop
  endfacet
  facet normal -0 0 1
    outer loop
      vertex 19.1718 73.1706 4.8
      vertex 19.4038 72.7329 4.8
      vertex 19.4452 73.2743 4.8
    endloop
  endfacet
  facet normal 0 0 1
    outer loop
      vertex 19.1718 73.1706 4.8
      vertex 19.1646 72.6897 4.8
      vertex 19.4038 72.7329 4.8
    endloop
  endfacet
  facet normal 0 0 1
    outer loop
      vertex 19.1718 73.1706 4.8
      vertex 18.9026 72.6753 4.8
      vertex 19.1646 72.6897 4.8
    endloop
  endfacet
  facet normal -0 0 1
    outer loop
      vertex 18.8203 73.1361 4.8
      vertex 18.9026 72.6753 4.8
      vertex 19.1718 73.1706 4.8
    endloop
  endfacet
  facet normal 0 0 1
    outer loop
      vertex 17.6393 72.6753 4.8
      vertex 18.8203 73.1361 4.8
      vertex 17.6393 73.1361 4.8
    endloop
  endfacet
  facet normal 0 0 1
    outer loop
      vertex 18.8203 73.1361 4.8
      vertex 17.6393 72.6753 4.8
      vertex 18.9026 72.6753 4.8
    endloop
  endfacet
  facet normal 0 0 1
    outer loop
      vertex 14.0564 74.2587 4.8
      vertex 14.5794 74.4995 4.8
      vertex 14.4634 74.6796 4.8
    endloop
  endfacet
  facet normal 0 0 1
    outer loop
      vertex 13.9748 74.3876 4.8
      vertex 14.4634 74.6796 4.8
      vertex 14.328 74.8389 4.8
    endloop
  endfacet
  facet normal 0 0 1
    outer loop
      vertex 13.8787 74.5023 4.8
      vertex 14.328 74.8389 4.8
      vertex 14.1729 74.9774 4.8
    endloop
  endfacet
  facet normal 0 0 1
    outer loop
      vertex 14.4634 74.6796 4.8
      vertex 13.9748 74.3876 4.8
      vertex 14.0564 74.2587 4.8
    endloop
  endfacet
  facet normal 0 0 1
    outer loop
      vertex 14.5794 74.4995 4.8
      vertex 14.1235 74.1157 4.8
      vertex 14.6758 74.2987 4.8
    endloop
  endfacet
  facet normal 0 0 1
    outer loop
      vertex 13.7681 74.6029 4.8
      vertex 14.1729 74.9774 4.8
      vertex 13.9984 75.0952 4.8
    endloop
  endfacet
  facet normal 0 -0 1
    outer loop
      vertex 14.1235 74.1157 4.8
      vertex 14.5794 74.4995 4.8
      vertex 14.0564 74.2587 4.8
    endloop
  endfacet
  facet normal 0 0 1
    outer loop
      vertex 14.328 74.8389 4.8
      vertex 13.8787 74.5023 4.8
      vertex 13.9748 74.3876 4.8
    endloop
  endfacet
  facet normal 0 0 1
    outer loop
      vertex 13.6429 74.6893 4.8
      vertex 13.9984 75.0952 4.8
      vertex 13.805 75.1918 4.8
    endloop
  endfacet
  facet normal 0 0 1
    outer loop
      vertex 14.1729 74.9774 4.8
      vertex 13.7681 74.6029 4.8
      vertex 13.8787 74.5023 4.8
    endloop
  endfacet
  facet normal 0 0 1
    outer loop
      vertex 13.9984 75.0952 4.8
      vertex 13.6429 74.6893 4.8
      vertex 13.7681 74.6029 4.8
    endloop
  endfacet
  facet normal 0 0 1
    outer loop
      vertex 13.5055 74.7607 4.8
      vertex 13.805 75.1918 4.8
      vertex 13.5936 75.267 4.8
    endloop
  endfacet
  facet normal 0 0 1
    outer loop
      vertex 13.805 75.1918 4.8
      vertex 13.5055 74.7607 4.8
      vertex 13.6429 74.6893 4.8
    endloop
  endfacet
  facet normal 0 0 1
    outer loop
      vertex 13.3582 74.8163 4.8
      vertex 13.5936 75.267 4.8
      vertex 13.3642 75.3208 4.8
    endloop
  endfacet
  facet normal 0 0 1
    outer loop
      vertex 13.5936 75.267 4.8
      vertex 13.3582 74.8163 4.8
      vertex 13.5055 74.7607 4.8
    endloop
  endfacet
  facet normal 0 0 1
    outer loop
      vertex 13.3642 75.3208 4.8
      vertex 13.2011 74.8559 4.8
      vertex 13.3582 74.8163 4.8
    endloop
  endfacet
  facet normal 0 0 1
    outer loop
      vertex 13.1166 75.353 4.8
      vertex 13.2011 74.8559 4.8
      vertex 13.3642 75.3208 4.8
    endloop
  endfacet
  facet normal 0 0 1
    outer loop
      vertex 13.1166 75.353 4.8
      vertex 13.0341 74.8797 4.8
      vertex 13.2011 74.8559 4.8
    endloop
  endfacet
  facet normal 0 0 1
    outer loop
      vertex 12.851 75.3637 4.8
      vertex 13.0341 74.8797 4.8
      vertex 13.1166 75.353 4.8
    endloop
  endfacet
  facet normal 0 0 1
    outer loop
      vertex 13.0341 74.8797 4.8
      vertex 12.851 75.3637 4.8
      vertex 12.8571 74.8877 4.8
    endloop
  endfacet
  facet normal 0 0 1
    outer loop
      vertex 12.851 75.3637 4.8
      vertex 12.5842 74.8693 4.8
      vertex 12.8571 74.8877 4.8
    endloop
  endfacet
  facet normal -0 0 1
    outer loop
      vertex 12.4751 75.3404 4.8
      vertex 12.5842 74.8693 4.8
      vertex 12.851 75.3637 4.8
    endloop
  endfacet
  facet normal 0 0 1
    outer loop
      vertex 12.4751 75.3404 4.8
      vertex 12.3366 74.8142 4.8
      vertex 12.5842 74.8693 4.8
    endloop
  endfacet
  facet normal -0 0 1
    outer loop
      vertex 12.1333 75.2705 4.8
      vertex 12.3366 74.8142 4.8
      vertex 12.4751 75.3404 4.8
    endloop
  endfacet
  facet normal 0 0 1
    outer loop
      vertex 12.1333 75.2705 4.8
      vertex 12.1145 74.7223 4.8
      vertex 12.3366 74.8142 4.8
    endloop
  endfacet
  facet normal -0 0 1
    outer loop
      vertex 11.8257 75.1539 4.8
      vertex 12.1145 74.7223 4.8
      vertex 12.1333 75.2705 4.8
    endloop
  endfacet
  facet normal 0 0 1
    outer loop
      vertex 12.1145 74.7223 4.8
      vertex 11.8257 75.1539 4.8
      vertex 11.9177 74.5938 4.8
    endloop
  endfacet
  facet normal -0 0 1
    outer loop
      vertex 11.5522 74.9907 4.8
      vertex 11.9177 74.5938 4.8
      vertex 11.8257 75.1539 4.8
    endloop
  endfacet
  facet normal 0 0 1
    outer loop
      vertex 11.9177 74.5938 4.8
      vertex 11.5522 74.9907 4.8
      vertex 11.7463 74.4284 4.8
    endloop
  endfacet
  facet normal -0 0 1
    outer loop
      vertex 11.313 74.7809 4.8
      vertex 11.7463 74.4284 4.8
      vertex 11.5522 74.9907 4.8
    endloop
  endfacet
  facet normal 0 0 1
    outer loop
      vertex 11.7463 74.4284 4.8
      vertex 11.313 74.7809 4.8
      vertex 11.6035 74.2311 4.8
    endloop
  endfacet
  facet normal -0 0 1
    outer loop
      vertex 11.1131 74.5299 4.8
      vertex 11.6035 74.2311 4.8
      vertex 11.313 74.7809 4.8
    endloop
  endfacet
  facet normal 0 0 1
    outer loop
      vertex 11.6035 74.2311 4.8
      vertex 11.1131 74.5299 4.8
      vertex 11.4924 74.0066 4.8
    endloop
  endfacet
  facet normal 0 0 1
    outer loop
      vertex 10.8465 73.9211 4.8
      vertex 11.4924 74.0066 4.8
      vertex 10.9576 74.2433 4.8
    endloop
  endfacet
  facet normal -0 0 1
    outer loop
      vertex 10.9576 74.2433 4.8
      vertex 11.4924 74.0066 4.8
      vertex 11.1131 74.5299 4.8
    endloop
  endfacet
  facet normal 0 0 1
    outer loop
      vertex 14.2395 72.3121 4.8
      vertex 14.6007 71.8626 4.8
      vertex 14.7155 72.0741 4.8
    endloop
  endfacet
  facet normal 0 0 1
    outer loop
      vertex 14.6007 71.8626 4.8
      vertex 14.0397 71.9903 4.8
      vertex 14.4687 71.6723 4.8
    endloop
  endfacet
  facet normal 0 0 1
    outer loop
      vertex 14.6007 71.8626 4.8
      vertex 14.2395 72.3121 4.8
      vertex 14.0397 71.9903 4.8
    endloop
  endfacet
  facet normal 0 0 1
    outer loop
      vertex 14.4687 71.6723 4.8
      vertex 14.0397 71.9903 4.8
      vertex 14.3195 71.5033 4.8
    endloop
  endfacet
  facet normal -0 0 1
    outer loop
      vertex 13.804 71.7399 4.8
      vertex 14.3195 71.5033 4.8
      vertex 14.0397 71.9903 4.8
    endloop
  endfacet
  facet normal 0 0 1
    outer loop
      vertex 14.3195 71.5033 4.8
      vertex 13.804 71.7399 4.8
      vertex 14.153 71.3554 4.8
    endloop
  endfacet
  facet normal 0 0 1
    outer loop
      vertex 14.153 71.3554 4.8
      vertex 13.804 71.7399 4.8
      vertex 13.9694 71.2289 4.8
    endloop
  endfacet
  facet normal -0 0 1
    outer loop
      vertex 13.5324 71.5611 4.8
      vertex 13.9694 71.2289 4.8
      vertex 13.804 71.7399 4.8
    endloop
  endfacet
  facet normal 0 0 1
    outer loop
      vertex 13.9694 71.2289 4.8
      vertex 13.5324 71.5611 4.8
      vertex 13.771 71.1245 4.8
    endloop
  endfacet
  facet normal 0 0 1
    outer loop
      vertex 13.771 71.1245 4.8
      vertex 13.5324 71.5611 4.8
      vertex 13.5603 71.0433 4.8
    endloop
  endfacet
  facet normal -0 0 1
    outer loop
      vertex 13.2249 71.4538 4.8
      vertex 13.5603 71.0433 4.8
      vertex 13.5324 71.5611 4.8
    endloop
  endfacet
  facet normal 0 0 1
    outer loop
      vertex 13.5603 71.0433 4.8
      vertex 13.2249 71.4538 4.8
      vertex 13.3372 70.9854 4.8
    endloop
  endfacet
  facet normal 0 0 1
    outer loop
      vertex 13.2249 71.4538 4.8
      vertex 13.1018 70.9506 4.8
      vertex 13.3372 70.9854 4.8
    endloop
  endfacet
  facet normal -0 0 1
    outer loop
      vertex 12.8815 71.418 4.8
      vertex 13.1018 70.9506 4.8
      vertex 13.2249 71.4538 4.8
    endloop
  endfacet
  facet normal 0 0 1
    outer loop
      vertex 12.8815 71.418 4.8
      vertex 12.8541 70.939 4.8
      vertex 13.1018 70.9506 4.8
    endloop
  endfacet
  facet normal 0 0 1
    outer loop
      vertex 12.6011 70.9498 4.8
      vertex 12.8815 71.418 4.8
      vertex 12.6112 71.4373 4.8
    endloop
  endfacet
  facet normal 0 0 1
    outer loop
      vertex 12.8815 71.418 4.8
      vertex 12.6011 70.9498 4.8
      vertex 12.8541 70.939 4.8
    endloop
  endfacet
  facet normal 0 0 1
    outer loop
      vertex 12.3622 70.9822 4.8
      vertex 12.6112 71.4373 4.8
      vertex 12.3642 71.4949 4.8
    endloop
  endfacet
  facet normal 0 0 1
    outer loop
      vertex 12.6112 71.4373 4.8
      vertex 12.3622 70.9822 4.8
      vertex 12.6011 70.9498 4.8
    endloop
  endfacet
  facet normal 0 0 1
    outer loop
      vertex 12.1373 71.0362 4.8
      vertex 12.3642 71.4949 4.8
      vertex 12.1405 71.5911 4.8
    endloop
  endfacet
  facet normal 0 0 1
    outer loop
      vertex 12.3642 71.4949 4.8
      vertex 12.1373 71.0362 4.8
      vertex 12.3622 70.9822 4.8
    endloop
  endfacet
  facet normal 0 0 1
    outer loop
      vertex 11.7296 71.209 4.8
      vertex 12.1405 71.5911 4.8
      vertex 11.9401 71.7256 4.8
    endloop
  endfacet
  facet normal 0 0 1
    outer loop
      vertex 12.1405 71.5911 4.8
      vertex 11.9264 71.1118 4.8
      vertex 12.1373 71.0362 4.8
    endloop
  endfacet
  facet normal 0 0 1
    outer loop
      vertex 11.5488 71.3263 4.8
      vertex 11.9401 71.7256 4.8
      vertex 11.7631 71.8986 4.8
    endloop
  endfacet
  facet normal 0 0 1
    outer loop
      vertex 12.1405 71.5911 4.8
      vertex 11.7296 71.209 4.8
      vertex 11.9264 71.1118 4.8
    endloop
  endfacet
  facet normal 0 0 1
    outer loop
      vertex 11.2414 71.6166 4.8
      vertex 11.7631 71.8986 4.8
      vertex 11.6142 72.1033 4.8
    endloop
  endfacet
  facet normal 0 0 1
    outer loop
      vertex 11.9401 71.7256 4.8
      vertex 11.5488 71.3263 4.8
      vertex 11.7296 71.209 4.8
    endloop
  endfacet
  facet normal 0 0 1
    outer loop
      vertex 11.0063 71.9811 4.8
      vertex 11.6142 72.1033 4.8
      vertex 11.4985 72.3327 4.8
    endloop
  endfacet
  facet normal 0 0 1
    outer loop
      vertex 10.9168 72.1893 4.8
      vertex 11.4985 72.3327 4.8
      vertex 11.4158 72.5869 4.8
    endloop
  endfacet
  facet normal 0 0 1
    outer loop
      vertex 11.7631 71.8986 4.8
      vertex 11.3861 71.4622 4.8
      vertex 11.5488 71.3263 4.8
    endloop
  endfacet
  facet normal -0 0 1
    outer loop
      vertex 10.7974 72.6499 4.8
      vertex 11.4158 72.5869 4.8
      vertex 11.3662 72.8659 4.8
    endloop
  endfacet
  facet normal -0 0 1
    outer loop
      vertex 10.7676 72.9024 4.8
      vertex 11.3662 72.8659 4.8
      vertex 11.3496 73.1697 4.8
    endloop
  endfacet
  facet normal 0 0 1
    outer loop
      vertex 11.4924 74.0066 4.8
      vertex 10.8465 73.9211 4.8
      vertex 11.4131 73.7548 4.8
    endloop
  endfacet
  facet normal 0 -0 1
    outer loop
      vertex 10.7676 72.9024 4.8
      vertex 11.3496 73.1697 4.8
      vertex 10.7576 73.1697 4.8
    endloop
  endfacet
  facet normal 0 0 1
    outer loop
      vertex 11.3662 72.8659 4.8
      vertex 10.7676 72.9024 4.8
      vertex 10.7974 72.6499 4.8
    endloop
  endfacet
  facet normal 0 0 1
    outer loop
      vertex 10.7799 73.5632 4.8
      vertex 11.4131 73.7548 4.8
      vertex 10.8465 73.9211 4.8
    endloop
  endfacet
  facet normal 0 0 1
    outer loop
      vertex 11.4158 72.5869 4.8
      vertex 10.7974 72.6499 4.8
      vertex 10.8472 72.4122 4.8
    endloop
  endfacet
  facet normal 0 0 1
    outer loop
      vertex 11.4131 73.7548 4.8
      vertex 10.7799 73.5632 4.8
      vertex 11.3655 73.4759 4.8
    endloop
  endfacet
  facet normal 0 0 1
    outer loop
      vertex 11.4158 72.5869 4.8
      vertex 10.8472 72.4122 4.8
      vertex 10.9168 72.1893 4.8
    endloop
  endfacet
  facet normal 0 0 1
    outer loop
      vertex 11.6142 72.1033 4.8
      vertex 11.1148 71.7896 4.8
      vertex 11.2414 71.6166 4.8
    endloop
  endfacet
  facet normal 0 0 1
    outer loop
      vertex 10.7576 73.1697 4.8
      vertex 11.3655 73.4759 4.8
      vertex 10.7799 73.5632 4.8
    endloop
  endfacet
  facet normal 0 0 1
    outer loop
      vertex 11.6142 72.1033 4.8
      vertex 11.0063 71.9811 4.8
      vertex 11.1148 71.7896 4.8
    endloop
  endfacet
  facet normal 0 0 1
    outer loop
      vertex 11.3655 73.4759 4.8
      vertex 10.7576 73.1697 4.8
      vertex 11.3496 73.1697 4.8
    endloop
  endfacet
  facet normal 0 0 1
    outer loop
      vertex 11.7631 71.8986 4.8
      vertex 11.2414 71.6166 4.8
      vertex 11.3861 71.4622 4.8
    endloop
  endfacet
  facet normal 0 0 1
    outer loop
      vertex 11.4985 72.3327 4.8
      vertex 10.9168 72.1893 4.8
      vertex 11.0063 71.9811 4.8
    endloop
  endfacet
  facet normal -0 0 1
    outer loop
      vertex 21.1275 75.2997 4.8
      vertex 21.7103 73.4809 4.8
      vertex 21.7103 75.2997 4.8
    endloop
  endfacet
  facet normal 0 0 1
    outer loop
      vertex 21.7103 73.4809 4.8
      vertex 21.1275 75.2997 4.8
      vertex 21.7103 72.9927 4.8
    endloop
  endfacet
  facet normal 0 0 1
    outer loop
      vertex 21.1275 71 4.8
      vertex 21.7103 72.9927 4.8
      vertex 21.1275 75.2997 4.8
    endloop
  endfacet
  facet normal 0 0 1
    outer loop
      vertex 21.7103 72.9927 4.8
      vertex 21.1275 71 4.8
      vertex 21.7103 71 4.8
    endloop
  endfacet
  facet normal -0 0 1
    outer loop
      vertex 21.7103 73.4809 4.8
      vertex 24.0356 72.9927 4.8
      vertex 24.0356 73.4809 4.8
    endloop
  endfacet
  facet normal 0 0 1
    outer loop
      vertex 24.0356 72.9927 4.8
      vertex 21.7103 73.4809 4.8
      vertex 21.7103 72.9927 4.8
    endloop
  endfacet
  facet normal 0 0 1
    outer loop
      vertex 24.0356 73.4809 4.8
      vertex 24.6184 75.2997 4.8
      vertex 24.0356 75.2997 4.8
    endloop
  endfacet
  facet normal 0 0 1
    outer loop
      vertex 24.0356 72.9927 4.8
      vertex 24.6184 75.2997 4.8
      vertex 24.0356 73.4809 4.8
    endloop
  endfacet
  facet normal 0 0 1
    outer loop
      vertex 24.6184 75.2997 4.8
      vertex 24.0356 72.9927 4.8
      vertex 24.6184 71 4.8
    endloop
  endfacet
  facet normal 0 0 1
    outer loop
      vertex 24.6184 71 4.8
      vertex 24.0356 72.9927 4.8
      vertex 24.0356 71 4.8
    endloop
  endfacet
  facet normal -0 0 1
    outer loop
      vertex 8.68544 72.9042 4.8
      vertex 10.2112 72.4159 4.8
      vertex 10.2112 72.9042 4.8
    endloop
  endfacet
  facet normal 0 0 1
    outer loop
      vertex 10.2112 72.4159 4.8
      vertex 8.68544 72.9042 4.8
      vertex 8.68544 72.4159 4.8
    endloop
  endfacet
  facet normal 0.146244 -0.989249 0
    outer loop
      vertex 6.66151 70.9506 4
      vertex 6.89691 70.9854 4.8
      vertex 6.66151 70.9506 4.8
    endloop
  endfacet
  facet normal 0.146244 -0.989249 0
    outer loop
      vertex 6.89691 70.9854 4.8
      vertex 6.66151 70.9506 4
      vertex 6.89691 70.9854 4
    endloop
  endfacet
  facet normal 0.251235 -0.967926 0
    outer loop
      vertex 6.89691 70.9854 4
      vertex 7.11998 71.0433 4.8
      vertex 6.89691 70.9854 4.8
    endloop
  endfacet
  facet normal 0.251235 -0.967926 0
    outer loop
      vertex 7.11998 71.0433 4.8
      vertex 6.89691 70.9854 4
      vertex 7.11998 71.0433 4
    endloop
  endfacet
  facet normal 0.359543 -0.933129 0
    outer loop
      vertex 7.11998 71.0433 4
      vertex 7.33072 71.1245 4.8
      vertex 7.11998 71.0433 4.8
    endloop
  endfacet
  facet normal 0.359543 -0.933129 0
    outer loop
      vertex 7.33072 71.1245 4.8
      vertex 7.11998 71.0433 4
      vertex 7.33072 71.1245 4
    endloop
  endfacet
  facet normal 0.465691 -0.884947 0
    outer loop
      vertex 7.33072 71.1245 4
      vertex 7.52911 71.2289 4.8
      vertex 7.33072 71.1245 4.8
    endloop
  endfacet
  facet normal 0.465691 -0.884947 0
    outer loop
      vertex 7.52911 71.2289 4.8
      vertex 7.33072 71.1245 4
      vertex 7.52911 71.2289 4
    endloop
  endfacet
  facet normal 0.56724 -0.823552 0
    outer loop
      vertex 7.52911 71.2289 4
      vertex 7.71277 71.3554 4.8
      vertex 7.52911 71.2289 4.8
    endloop
  endfacet
  facet normal 0.56724 -0.823552 0
    outer loop
      vertex 7.71277 71.3554 4.8
      vertex 7.52911 71.2289 4
      vertex 7.71277 71.3554 4
    endloop
  endfacet
  facet normal 0.664269 -0.747494 0
    outer loop
      vertex 7.71277 71.3554 4
      vertex 7.8792 71.5033 4.8
      vertex 7.71277 71.3554 4.8
    endloop
  endfacet
  facet normal 0.664269 -0.747494 0
    outer loop
      vertex 7.8792 71.5033 4.8
      vertex 7.71277 71.3554 4
      vertex 7.8792 71.5033 4
    endloop
  endfacet
  facet normal 0.749591 -0.661902 0
    outer loop
      vertex 7.8792 71.5033 4.8
      vertex 8.02843 71.6723 4
      vertex 8.02843 71.6723 4.8
    endloop
  endfacet
  facet normal 0.749591 -0.661902 0
    outer loop
      vertex 8.02843 71.6723 4
      vertex 7.8792 71.5033 4.8
      vertex 7.8792 71.5033 4
    endloop
  endfacet
  facet normal 0.821679 -0.569951 0
    outer loop
      vertex 8.02843 71.6723 4.8
      vertex 8.16043 71.8626 4
      vertex 8.16043 71.8626 4.8
    endloop
  endfacet
  facet normal 0.821679 -0.569951 0
    outer loop
      vertex 8.16043 71.8626 4
      vertex 8.02843 71.6723 4.8
      vertex 8.02843 71.6723 4
    endloop
  endfacet
  facet normal 0.878896 -0.477014 0
    outer loop
      vertex 8.16043 71.8626 4.8
      vertex 8.27522 72.0741 4
      vertex 8.27522 72.0741 4.8
    endloop
  endfacet
  facet normal 0.878896 -0.477014 0
    outer loop
      vertex 8.27522 72.0741 4
      vertex 8.16043 71.8626 4.8
      vertex 8.16043 71.8626 4
    endloop
  endfacet
  facet normal 0.447206 0.894431 -0
    outer loop
      vertex 8.27522 72.0741 4
      vertex 7.79921 72.3121 4.8
      vertex 8.27522 72.0741 4.8
    endloop
  endfacet
  facet normal 0.447206 0.894431 0
    outer loop
      vertex 7.79921 72.3121 4.8
      vertex 8.27522 72.0741 4
      vertex 7.79921 72.3121 4
    endloop
  endfacet
  facet normal -0.849555 0.5275 0
    outer loop
      vertex 7.5994 71.9903 4
      vertex 7.79921 72.3121 4.8
      vertex 7.79921 72.3121 4
    endloop
  endfacet
  facet normal -0.849555 0.5275 0
    outer loop
      vertex 7.79921 72.3121 4.8
      vertex 7.5994 71.9903 4
      vertex 7.5994 71.9903 4.8
    endloop
  endfacet
  facet normal -0.728143 0.685425 0
    outer loop
      vertex 7.36369 71.7399 4
      vertex 7.5994 71.9903 4.8
      vertex 7.5994 71.9903 4
    endloop
  endfacet
  facet normal -0.728143 0.685425 0
    outer loop
      vertex 7.5994 71.9903 4.8
      vertex 7.36369 71.7399 4
      vertex 7.36369 71.7399 4.8
    endloop
  endfacet
  facet normal -0.549865 0.835254 0
    outer loop
      vertex 7.36369 71.7399 4
      vertex 7.09209 71.5611 4.8
      vertex 7.36369 71.7399 4.8
    endloop
  endfacet
  facet normal -0.549865 0.835254 0
    outer loop
      vertex 7.09209 71.5611 4.8
      vertex 7.36369 71.7399 4
      vertex 7.09209 71.5611 4
    endloop
  endfacet
  facet normal -0.32948 0.944162 0
    outer loop
      vertex 7.09209 71.5611 4
      vertex 6.78461 71.4538 4.8
      vertex 7.09209 71.5611 4.8
    endloop
  endfacet
  facet normal -0.32948 0.944162 0
    outer loop
      vertex 6.78461 71.4538 4.8
      vertex 7.09209 71.5611 4
      vertex 6.78461 71.4538 4
    endloop
  endfacet
  facet normal -0.103699 0.994609 0
    outer loop
      vertex 6.78461 71.4538 4
      vertex 6.44124 71.418 4.8
      vertex 6.78461 71.4538 4.8
    endloop
  endfacet
  facet normal -0.103699 0.994609 0
    outer loop
      vertex 6.44124 71.418 4.8
      vertex 6.78461 71.4538 4
      vertex 6.44124 71.418 4
    endloop
  endfacet
  facet normal 0.0712182 0.997461 -0
    outer loop
      vertex 6.44124 71.418 4
      vertex 6.17093 71.4373 4.8
      vertex 6.44124 71.418 4.8
    endloop
  endfacet
  facet normal 0.0712182 0.997461 0
    outer loop
      vertex 6.17093 71.4373 4.8
      vertex 6.44124 71.418 4
      vertex 6.17093 71.4373 4
    endloop
  endfacet
  facet normal 0.227105 0.97387 -0
    outer loop
      vertex 6.17093 71.4373 4
      vertex 5.92393 71.4949 4.8
      vertex 6.17093 71.4373 4.8
    endloop
  endfacet
  facet normal 0.227105 0.97387 0
    outer loop
      vertex 5.92393 71.4949 4.8
      vertex 6.17093 71.4373 4
      vertex 5.92393 71.4949 4
    endloop
  endfacet
  facet normal 0.395074 0.918649 -0
    outer loop
      vertex 5.92393 71.4949 4
      vertex 5.70024 71.5911 4.8
      vertex 5.92393 71.4949 4.8
    endloop
  endfacet
  facet normal 0.395074 0.918649 0
    outer loop
      vertex 5.70024 71.5911 4.8
      vertex 5.92393 71.4949 4
      vertex 5.70024 71.5911 4
    endloop
  endfacet
  facet normal 0.557356 0.830274 -0
    outer loop
      vertex 5.70024 71.5911 4
      vertex 5.49988 71.7256 4.8
      vertex 5.70024 71.5911 4.8
    endloop
  endfacet
  facet normal 0.557356 0.830274 0
    outer loop
      vertex 5.49988 71.7256 4.8
      vertex 5.70024 71.5911 4
      vertex 5.49988 71.7256 4
    endloop
  endfacet
  facet normal 0.698839 0.715279 -0
    outer loop
      vertex 5.49988 71.7256 4
      vertex 5.32281 71.8986 4.8
      vertex 5.49988 71.7256 4.8
    endloop
  endfacet
  facet normal 0.698839 0.715279 0
    outer loop
      vertex 5.32281 71.8986 4.8
      vertex 5.49988 71.7256 4
      vertex 5.32281 71.8986 4
    endloop
  endfacet
  facet normal 0.808798 0.588087 0
    outer loop
      vertex 5.32281 71.8986 4.8
      vertex 5.17397 72.1033 4
      vertex 5.17397 72.1033 4.8
    endloop
  endfacet
  facet normal 0.808798 0.588087 0
    outer loop
      vertex 5.17397 72.1033 4
      vertex 5.32281 71.8986 4.8
      vertex 5.32281 71.8986 4
    endloop
  endfacet
  facet normal 0.892755 0.450542 0
    outer loop
      vertex 5.17397 72.1033 4.8
      vertex 5.0582 72.3327 4
      vertex 5.0582 72.3327 4.8
    endloop
  endfacet
  facet normal 0.892755 0.450542 0
    outer loop
      vertex 5.0582 72.3327 4
      vertex 5.17397 72.1033 4.8
      vertex 5.17397 72.1033 4
    endloop
  endfacet
  facet normal 0.950952 0.30934 0
    outer loop
      vertex 5.0582 72.3327 4.8
      vertex 4.97551 72.5869 4
      vertex 4.97551 72.5869 4.8
    endloop
  endfacet
  facet normal 0.950952 0.30934 0
    outer loop
      vertex 4.97551 72.5869 4
      vertex 5.0582 72.3327 4.8
      vertex 5.0582 72.3327 4
    endloop
  endfacet
  facet normal 0.98455 0.175102 0
    outer loop
      vertex 4.97551 72.5869 4.8
      vertex 4.92589 72.8659 4
      vertex 4.92589 72.8659 4.8
    endloop
  endfacet
  facet normal 0.98455 0.175102 0
    outer loop
      vertex 4.92589 72.8659 4
      vertex 4.97551 72.5869 4.8
      vertex 4.97551 72.5869 4
    endloop
  endfacet
  facet normal 0.998521 0.0543632 0
    outer loop
      vertex 4.92589 72.8659 4.8
      vertex 4.90935 73.1697 4
      vertex 4.90935 73.1697 4.8
    endloop
  endfacet
  facet normal 0.998521 0.0543632 0
    outer loop
      vertex 4.90935 73.1697 4
      vertex 4.92589 72.8659 4.8
      vertex 4.92589 72.8659 4
    endloop
  endfacet
  facet normal 0.99866 -0.0517594 0
    outer loop
      vertex 4.90935 73.1697 4.8
      vertex 4.92522 73.4759 4
      vertex 4.92522 73.4759 4.8
    endloop
  endfacet
  facet normal 0.99866 -0.0517594 0
    outer loop
      vertex 4.92522 73.4759 4
      vertex 4.90935 73.1697 4.8
      vertex 4.90935 73.1697 4
    endloop
  endfacet
  facet normal 0.985746 -0.168238 0
    outer loop
      vertex 4.92522 73.4759 4.8
      vertex 4.97282 73.7548 4
      vertex 4.97282 73.7548 4.8
    endloop
  endfacet
  facet normal 0.985746 -0.168238 0
    outer loop
      vertex 4.97282 73.7548 4
      vertex 4.92522 73.4759 4.8
      vertex 4.92522 73.4759 4
    endloop
  endfacet
  facet normal 0.953785 -0.300491 0
    outer loop
      vertex 4.97282 73.7548 4.8
      vertex 5.05215 74.0066 4
      vertex 5.05215 74.0066 4.8
    endloop
  endfacet
  facet normal 0.953785 -0.300491 0
    outer loop
      vertex 5.05215 74.0066 4
      vertex 4.97282 73.7548 4.8
      vertex 4.97282 73.7548 4
    endloop
  endfacet
  facet normal 0.896304 -0.443441 0
    outer loop
      vertex 5.05215 74.0066 4.8
      vertex 5.16322 74.2311 4
      vertex 5.16322 74.2311 4.8
    endloop
  endfacet
  facet normal 0.896304 -0.443441 0
    outer loop
      vertex 5.16322 74.2311 4
      vertex 5.05215 74.0066 4.8
      vertex 5.05215 74.0066 4
    endloop
  endfacet
  facet normal 0.810064 -0.586342 0
    outer loop
      vertex 5.16322 74.2311 4.8
      vertex 5.30603 74.4284 4
      vertex 5.30603 74.4284 4.8
    endloop
  endfacet
  facet normal 0.810064 -0.586342 0
    outer loop
      vertex 5.30603 74.4284 4
      vertex 5.16322 74.2311 4.8
      vertex 5.16322 74.2311 4
    endloop
  endfacet
  facet normal 0.694421 -0.719569 0
    outer loop
      vertex 5.30603 74.4284 4
      vertex 5.47742 74.5938 4.8
      vertex 5.30603 74.4284 4.8
    endloop
  endfacet
  facet normal 0.694421 -0.719569 0
    outer loop
      vertex 5.47742 74.5938 4.8
      vertex 5.30603 74.4284 4
      vertex 5.47742 74.5938 4
    endloop
  endfacet
  facet normal 0.5468 -0.837263 0
    outer loop
      vertex 5.47742 74.5938 4
      vertex 5.67418 74.7223 4.8
      vertex 5.47742 74.5938 4.8
    endloop
  endfacet
  facet normal 0.5468 -0.837263 0
    outer loop
      vertex 5.67418 74.7223 4.8
      vertex 5.47742 74.5938 4
      vertex 5.67418 74.7223 4
    endloop
  endfacet
  facet normal 0.382237 -0.924064 0
    outer loop
      vertex 5.67418 74.7223 4
      vertex 5.89635 74.8142 4.8
      vertex 5.67418 74.7223 4.8
    endloop
  endfacet
  facet normal 0.382237 -0.924064 0
    outer loop
      vertex 5.89635 74.8142 4.8
      vertex 5.67418 74.7223 4
      vertex 5.89635 74.8142 4
    endloop
  endfacet
  facet normal 0.217256 -0.976115 0
    outer loop
      vertex 5.89635 74.8142 4
      vertex 6.14391 74.8693 4.8
      vertex 5.89635 74.8142 4.8
    endloop
  endfacet
  facet normal 0.217256 -0.976115 0
    outer loop
      vertex 6.14391 74.8693 4.8
      vertex 5.89635 74.8142 4
      vertex 6.14391 74.8693 4
    endloop
  endfacet
  facet normal 0.0672614 -0.997735 0
    outer loop
      vertex 6.14391 74.8693 4
      vertex 6.41685 74.8877 4.8
      vertex 6.14391 74.8693 4.8
    endloop
  endfacet
  facet normal 0.0672614 -0.997735 0
    outer loop
      vertex 6.41685 74.8877 4.8
      vertex 6.14391 74.8693 4
      vertex 6.41685 74.8877 4
    endloop
  endfacet
  facet normal -0.0451695 -0.998979 0
    outer loop
      vertex 6.41685 74.8877 4
      vertex 6.59378 74.8797 4.8
      vertex 6.41685 74.8877 4.8
    endloop
  endfacet
  facet normal -0.0451695 -0.998979 -0
    outer loop
      vertex 6.59378 74.8797 4.8
      vertex 6.41685 74.8877 4
      vertex 6.59378 74.8797 4
    endloop
  endfacet
  facet normal -0.141056 -0.990002 0
    outer loop
      vertex 6.59378 74.8797 4
      vertex 6.76082 74.8559 4.8
      vertex 6.59378 74.8797 4.8
    endloop
  endfacet
  facet normal -0.141056 -0.990002 -0
    outer loop
      vertex 6.76082 74.8559 4.8
      vertex 6.59378 74.8797 4
      vertex 6.76082 74.8559 4
    endloop
  endfacet
  facet normal -0.24435 -0.969687 0
    outer loop
      vertex 6.76082 74.8559 4
      vertex 6.91797 74.8163 4.8
      vertex 6.76082 74.8559 4.8
    endloop
  endfacet
  facet normal -0.24435 -0.969687 -0
    outer loop
      vertex 6.91797 74.8163 4.8
      vertex 6.76082 74.8559 4
      vertex 6.91797 74.8163 4
    endloop
  endfacet
  facet normal -0.353225 -0.935538 0
    outer loop
      vertex 6.91797 74.8163 4
      vertex 7.06523 74.7607 4.8
      vertex 6.91797 74.8163 4.8
    endloop
  endfacet
  facet normal -0.353225 -0.935538 -0
    outer loop
      vertex 7.06523 74.7607 4.8
      vertex 6.91797 74.8163 4
      vertex 7.06523 74.7607 4
    endloop
  endfacet
  facet normal -0.461214 -0.887289 0
    outer loop
      vertex 7.06523 74.7607 4
      vertex 7.20259 74.6893 4.8
      vertex 7.06523 74.7607 4.8
    endloop
  endfacet
  facet normal -0.461214 -0.887289 -0
    outer loop
      vertex 7.20259 74.6893 4.8
      vertex 7.06523 74.7607 4
      vertex 7.20259 74.6893 4
    endloop
  endfacet
  facet normal -0.56804 -0.823001 0
    outer loop
      vertex 7.20259 74.6893 4
      vertex 7.32777 74.6029 4.8
      vertex 7.20259 74.6893 4.8
    endloop
  endfacet
  facet normal -0.56804 -0.823001 -0
    outer loop
      vertex 7.32777 74.6029 4.8
      vertex 7.20259 74.6893 4
      vertex 7.32777 74.6029 4
    endloop
  endfacet
  facet normal -0.672673 -0.73994 0
    outer loop
      vertex 7.32777 74.6029 4
      vertex 7.43843 74.5023 4.8
      vertex 7.32777 74.6029 4.8
    endloop
  endfacet
  facet normal -0.672673 -0.73994 -0
    outer loop
      vertex 7.43843 74.5023 4.8
      vertex 7.32777 74.6029 4
      vertex 7.43843 74.5023 4
    endloop
  endfacet
  facet normal -0.766422 -0.642338 0
    outer loop
      vertex 7.53456 74.3876 4
      vertex 7.43843 74.5023 4.8
      vertex 7.43843 74.5023 4
    endloop
  endfacet
  facet normal -0.766422 -0.642338 0
    outer loop
      vertex 7.43843 74.5023 4.8
      vertex 7.53456 74.3876 4
      vertex 7.53456 74.3876 4.8
    endloop
  endfacet
  facet normal -0.844898 -0.534927 0
    outer loop
      vertex 7.61617 74.2587 4
      vertex 7.53456 74.3876 4.8
      vertex 7.53456 74.3876 4
    endloop
  endfacet
  facet normal -0.844898 -0.534927 0
    outer loop
      vertex 7.53456 74.3876 4.8
      vertex 7.61617 74.2587 4
      vertex 7.61617 74.2587 4.8
    endloop
  endfacet
  facet normal -0.905365 -0.424635 0
    outer loop
      vertex 7.68324 74.1157 4
      vertex 7.61617 74.2587 4.8
      vertex 7.61617 74.2587 4
    endloop
  endfacet
  facet normal -0.905365 -0.424635 0
    outer loop
      vertex 7.61617 74.2587 4.8
      vertex 7.68324 74.1157 4
      vertex 7.68324 74.1157 4.8
    endloop
  endfacet
  facet normal 0.31451 -0.949254 0
    outer loop
      vertex 7.68324 74.1157 4
      vertex 8.23557 74.2987 4.8
      vertex 7.68324 74.1157 4.8
    endloop
  endfacet
  facet normal 0.31451 -0.949254 0
    outer loop
      vertex 8.23557 74.2987 4.8
      vertex 7.68324 74.1157 4
      vertex 8.23557 74.2987 4
    endloop
  endfacet
  facet normal 0.901442 0.432899 0
    outer loop
      vertex 8.23557 74.2987 4.8
      vertex 8.13914 74.4995 4
      vertex 8.13914 74.4995 4.8
    endloop
  endfacet
  facet normal 0.901442 0.432899 0
    outer loop
      vertex 8.13914 74.4995 4
      vertex 8.23557 74.2987 4.8
      vertex 8.23557 74.2987 4
    endloop
  endfacet
  facet normal 0.840793 0.541357 0
    outer loop
      vertex 8.13914 74.4995 4.8
      vertex 8.02318 74.6796 4
      vertex 8.02318 74.6796 4.8
    endloop
  endfacet
  facet normal 0.840793 0.541357 0
    outer loop
      vertex 8.02318 74.6796 4
      vertex 8.13914 74.4995 4.8
      vertex 8.13914 74.4995 4
    endloop
  endfacet
  facet normal 0.761715 0.647912 0
    outer loop
      vertex 8.02318 74.6796 4.8
      vertex 7.88768 74.8389 4
      vertex 7.88768 74.8389 4.8
    endloop
  endfacet
  facet normal 0.761715 0.647912 0
    outer loop
      vertex 7.88768 74.8389 4
      vertex 8.02318 74.6796 4.8
      vertex 8.02318 74.6796 4
    endloop
  endfacet
  facet normal 0.666231 0.745746 -0
    outer loop
      vertex 7.88768 74.8389 4
      vertex 7.73265 74.9774 4.8
      vertex 7.88768 74.8389 4.8
    endloop
  endfacet
  facet normal 0.666231 0.745746 0
    outer loop
      vertex 7.73265 74.9774 4.8
      vertex 7.88768 74.8389 4
      vertex 7.73265 74.9774 4
    endloop
  endfacet
  facet normal 0.559382 0.82891 -0
    outer loop
      vertex 7.73265 74.9774 4
      vertex 7.55809 75.0952 4.8
      vertex 7.73265 74.9774 4.8
    endloop
  endfacet
  facet normal 0.559382 0.82891 0
    outer loop
      vertex 7.55809 75.0952 4.8
      vertex 7.73265 74.9774 4
      vertex 7.55809 75.0952 4
    endloop
  endfacet
  facet normal 0.446973 0.894547 -0
    outer loop
      vertex 7.55809 75.0952 4
      vertex 7.36476 75.1918 4.8
      vertex 7.55809 75.0952 4.8
    endloop
  endfacet
  facet normal 0.446973 0.894547 0
    outer loop
      vertex 7.36476 75.1918 4.8
      vertex 7.55809 75.0952 4
      vertex 7.36476 75.1918 4
    endloop
  endfacet
  facet normal 0.335136 0.94217 -0
    outer loop
      vertex 7.36476 75.1918 4
      vertex 7.15335 75.267 4.8
      vertex 7.36476 75.1918 4.8
    endloop
  endfacet
  facet normal 0.335136 0.94217 0
    outer loop
      vertex 7.15335 75.267 4.8
      vertex 7.36476 75.1918 4
      vertex 7.15335 75.267 4
    endloop
  endfacet
  facet normal 0.228273 0.973597 -0
    outer loop
      vertex 7.15335 75.267 4
      vertex 6.92389 75.3208 4.8
      vertex 7.15335 75.267 4.8
    endloop
  endfacet
  facet normal 0.228273 0.973597 0
    outer loop
      vertex 6.92389 75.3208 4.8
      vertex 7.15335 75.267 4
      vertex 6.92389 75.3208 4
    endloop
  endfacet
  facet normal 0.128993 0.991645 -0
    outer loop
      vertex 6.92389 75.3208 4
      vertex 6.67635 75.353 4.8
      vertex 6.92389 75.3208 4.8
    endloop
  endfacet
  facet normal 0.128993 0.991645 0
    outer loop
      vertex 6.67635 75.353 4.8
      vertex 6.92389 75.3208 4
      vertex 6.67635 75.353 4
    endloop
  endfacet
  facet normal 0.040252 0.99919 -0
    outer loop
      vertex 6.67635 75.353 4
      vertex 6.41074 75.3637 4.8
      vertex 6.67635 75.353 4.8
    endloop
  endfacet
  facet normal 0.040252 0.99919 0
    outer loop
      vertex 6.41074 75.3637 4.8
      vertex 6.67635 75.353 4
      vertex 6.41074 75.3637 4
    endloop
  endfacet
  facet normal -0.0618544 0.998085 0
    outer loop
      vertex 6.41074 75.3637 4
      vertex 6.03477 75.3404 4.8
      vertex 6.41074 75.3637 4.8
    endloop
  endfacet
  facet normal -0.0618544 0.998085 0
    outer loop
      vertex 6.03477 75.3404 4.8
      vertex 6.41074 75.3637 4
      vertex 6.03477 75.3404 4
    endloop
  endfacet
  facet normal -0.20037 0.97972 0
    outer loop
      vertex 6.03477 75.3404 4
      vertex 5.69299 75.2705 4.8
      vertex 6.03477 75.3404 4.8
    endloop
  endfacet
  facet normal -0.20037 0.97972 0
    outer loop
      vertex 5.69299 75.2705 4.8
      vertex 6.03477 75.3404 4
      vertex 5.69299 75.2705 4
    endloop
  endfacet
  facet normal -0.354453 0.935074 0
    outer loop
      vertex 5.69299 75.2705 4
      vertex 5.38539 75.1539 4.8
      vertex 5.69299 75.2705 4.8
    endloop
  endfacet
  facet normal -0.354453 0.935074 0
    outer loop
      vertex 5.38539 75.1539 4.8
      vertex 5.69299 75.2705 4
      vertex 5.38539 75.1539 4
    endloop
  endfacet
  facet normal -0.512527 0.858671 0
    outer loop
      vertex 5.38539 75.1539 4
      vertex 5.11197 74.9907 4.8
      vertex 5.38539 75.1539 4.8
    endloop
  endfacet
  facet normal -0.512527 0.858671 0
    outer loop
      vertex 5.11197 74.9907 4.8
      vertex 5.38539 75.1539 4
      vertex 5.11197 74.9907 4
    endloop
  endfacet
  facet normal -0.659332 0.751852 0
    outer loop
      vertex 5.11197 74.9907 4
      vertex 4.87273 74.7809 4.8
      vertex 5.11197 74.9907 4.8
    endloop
  endfacet
  facet normal -0.659332 0.751852 0
    outer loop
      vertex 4.87273 74.7809 4.8
      vertex 5.11197 74.9907 4
      vertex 4.87273 74.7809 4
    endloop
  endfacet
  facet normal -0.782205 0.623021 0
    outer loop
      vertex 4.67281 74.5299 4
      vertex 4.87273 74.7809 4.8
      vertex 4.87273 74.7809 4
    endloop
  endfacet
  facet normal -0.782205 0.623021 0
    outer loop
      vertex 4.87273 74.7809 4.8
      vertex 4.67281 74.5299 4
      vertex 4.67281 74.5299 4.8
    endloop
  endfacet
  facet normal -0.878947 0.476919 0
    outer loop
      vertex 4.5173 74.2433 4
      vertex 4.67281 74.5299 4.8
      vertex 4.67281 74.5299 4
    endloop
  endfacet
  facet normal -0.878947 0.476919 0
    outer loop
      vertex 4.67281 74.5299 4.8
      vertex 4.5173 74.2433 4
      vertex 4.5173 74.2433 4.8
    endloop
  endfacet
  facet normal -0.945403 0.325903 0
    outer loop
      vertex 4.40623 73.9211 4
      vertex 4.5173 74.2433 4.8
      vertex 4.5173 74.2433 4
    endloop
  endfacet
  facet normal -0.945403 0.325903 0
    outer loop
      vertex 4.5173 74.2433 4.8
      vertex 4.40623 73.9211 4
      vertex 4.40623 73.9211 4.8
    endloop
  endfacet
  facet normal -0.983098 0.183078 0
    outer loop
      vertex 4.33958 73.5632 4
      vertex 4.40623 73.9211 4.8
      vertex 4.40623 73.9211 4
    endloop
  endfacet
  facet normal -0.983098 0.183078 0
    outer loop
      vertex 4.40623 73.9211 4.8
      vertex 4.33958 73.5632 4
      vertex 4.33958 73.5632 4.8
    endloop
  endfacet
  facet normal -0.998412 0.0563272 0
    outer loop
      vertex 4.31738 73.1697 4
      vertex 4.33958 73.5632 4.8
      vertex 4.33958 73.5632 4
    endloop
  endfacet
  facet normal -0.998412 0.0563272 0
    outer loop
      vertex 4.33958 73.5632 4.8
      vertex 4.31738 73.1697 4
      vertex 4.31738 73.1697 4.8
    endloop
  endfacet
  facet normal -0.999308 -0.0371983 0
    outer loop
      vertex 4.32733 72.9024 4
      vertex 4.31738 73.1697 4.8
      vertex 4.31738 73.1697 4
    endloop
  endfacet
  facet normal -0.999308 -0.0371983 0
    outer loop
      vertex 4.31738 73.1697 4.8
      vertex 4.32733 72.9024 4
      vertex 4.32733 72.9024 4.8
    endloop
  endfacet
  facet normal -0.993094 -0.117323 0
    outer loop
      vertex 4.35716 72.6499 4
      vertex 4.32733 72.9024 4.8
      vertex 4.32733 72.9024 4
    endloop
  endfacet
  facet normal -0.993094 -0.117323 0
    outer loop
      vertex 4.32733 72.9024 4.8
      vertex 4.35716 72.6499 4
      vertex 4.35716 72.6499 4.8
    endloop
  endfacet
  facet normal -0.978792 -0.204859 0
    outer loop
      vertex 4.40691 72.4122 4
      vertex 4.35716 72.6499 4.8
      vertex 4.35716 72.6499 4
    endloop
  endfacet
  facet normal -0.978792 -0.204859 0
    outer loop
      vertex 4.35716 72.6499 4.8
      vertex 4.40691 72.4122 4
      vertex 4.40691 72.4122 4.8
    endloop
  endfacet
  facet normal -0.954524 -0.298134 0
    outer loop
      vertex 4.47653 72.1893 4
      vertex 4.40691 72.4122 4.8
      vertex 4.40691 72.4122 4
    endloop
  endfacet
  facet normal -0.954524 -0.298134 0
    outer loop
      vertex 4.40691 72.4122 4.8
      vertex 4.47653 72.1893 4
      vertex 4.47653 72.1893 4.8
    endloop
  endfacet
  facet normal -0.918695 -0.394968 0
    outer loop
      vertex 4.56604 71.9811 4
      vertex 4.47653 72.1893 4.8
      vertex 4.47653 72.1893 4
    endloop
  endfacet
  facet normal -0.918695 -0.394968 0
    outer loop
      vertex 4.47653 72.1893 4.8
      vertex 4.56604 71.9811 4
      vertex 4.56604 71.9811 4.8
    endloop
  endfacet
  facet normal -0.870016 -0.493024 0
    outer loop
      vertex 4.67456 71.7896 4
      vertex 4.56604 71.9811 4.8
      vertex 4.56604 71.9811 4
    endloop
  endfacet
  facet normal -0.870016 -0.493024 0
    outer loop
      vertex 4.56604 71.9811 4.8
      vertex 4.67456 71.7896 4
      vertex 4.67456 71.7896 4.8
    endloop
  endfacet
  facet normal -0.80702 -0.590524 0
    outer loop
      vertex 4.80115 71.6166 4
      vertex 4.67456 71.7896 4.8
      vertex 4.67456 71.7896 4
    endloop
  endfacet
  facet normal -0.80702 -0.590524 0
    outer loop
      vertex 4.67456 71.7896 4.8
      vertex 4.80115 71.6166 4
      vertex 4.80115 71.6166 4.8
    endloop
  endfacet
  facet normal -0.729773 -0.68369 0
    outer loop
      vertex 4.9458 71.4622 4
      vertex 4.80115 71.6166 4.8
      vertex 4.80115 71.6166 4
    endloop
  endfacet
  facet normal -0.729773 -0.68369 0
    outer loop
      vertex 4.80115 71.6166 4.8
      vertex 4.9458 71.4622 4
      vertex 4.9458 71.4622 4.8
    endloop
  endfacet
  facet normal -0.641042 -0.767506 0
    outer loop
      vertex 4.9458 71.4622 4
      vertex 5.10851 71.3263 4.8
      vertex 4.9458 71.4622 4.8
    endloop
  endfacet
  facet normal -0.641042 -0.767506 -0
    outer loop
      vertex 5.10851 71.3263 4.8
      vertex 4.9458 71.4622 4
      vertex 5.10851 71.3263 4
    endloop
  endfacet
  facet normal -0.544313 -0.838882 0
    outer loop
      vertex 5.10851 71.3263 4
      vertex 5.28929 71.209 4.8
      vertex 5.10851 71.3263 4.8
    endloop
  endfacet
  facet normal -0.544313 -0.838882 -0
    outer loop
      vertex 5.28929 71.209 4.8
      vertex 5.10851 71.3263 4
      vertex 5.28929 71.209 4
    endloop
  endfacet
  facet normal -0.442798 -0.896621 0
    outer loop
      vertex 5.28929 71.209 4
      vertex 5.48611 71.1118 4.8
      vertex 5.28929 71.209 4.8
    endloop
  endfacet
  facet normal -0.442798 -0.896621 -0
    outer loop
      vertex 5.48611 71.1118 4.8
      vertex 5.28929 71.209 4
      vertex 5.48611 71.1118 4
    endloop
  endfacet
  facet normal -0.337481 -0.941332 0
    outer loop
      vertex 5.48611 71.1118 4
      vertex 5.69698 71.0362 4.8
      vertex 5.48611 71.1118 4.8
    endloop
  endfacet
  facet normal -0.337481 -0.941332 -0
    outer loop
      vertex 5.69698 71.0362 4.8
      vertex 5.48611 71.1118 4
      vertex 5.69698 71.0362 4
    endloop
  endfacet
  facet normal -0.233471 -0.972364 0
    outer loop
      vertex 5.69698 71.0362 4
      vertex 5.92188 70.9822 4.8
      vertex 5.69698 71.0362 4.8
    endloop
  endfacet
  facet normal -0.233471 -0.972364 -0
    outer loop
      vertex 5.92188 70.9822 4.8
      vertex 5.69698 71.0362 4
      vertex 5.92188 70.9822 4
    endloop
  endfacet
  facet normal -0.134375 -0.990931 0
    outer loop
      vertex 5.92188 70.9822 4
      vertex 6.16081 70.9498 4.8
      vertex 5.92188 70.9822 4.8
    endloop
  endfacet
  facet normal -0.134375 -0.990931 -0
    outer loop
      vertex 6.16081 70.9498 4.8
      vertex 5.92188 70.9822 4
      vertex 6.16081 70.9498 4
    endloop
  endfacet
  facet normal -0.0426523 -0.99909 0
    outer loop
      vertex 6.16081 70.9498 4
      vertex 6.41379 70.939 4.8
      vertex 6.16081 70.9498 4.8
    endloop
  endfacet
  facet normal -0.0426523 -0.99909 -0
    outer loop
      vertex 6.41379 70.939 4.8
      vertex 6.16081 70.9498 4
      vertex 6.41379 70.939 4
    endloop
  endfacet
  facet normal 0.0467758 -0.998905 0
    outer loop
      vertex 6.41379 70.939 4
      vertex 6.66151 70.9506 4.8
      vertex 6.41379 70.939 4.8
    endloop
  endfacet
  facet normal 0.0467758 -0.998905 0
    outer loop
      vertex 6.66151 70.9506 4.8
      vertex 6.41379 70.939 4
      vertex 6.66151 70.9506 4
    endloop
  endfacet
  facet normal 0.146244 -0.989249 0
    outer loop
      vertex 13.1018 70.9506 4
      vertex 13.3372 70.9854 4.8
      vertex 13.1018 70.9506 4.8
    endloop
  endfacet
  facet normal 0.146244 -0.989249 0
    outer loop
      vertex 13.3372 70.9854 4.8
      vertex 13.1018 70.9506 4
      vertex 13.3372 70.9854 4
    endloop
  endfacet
  facet normal 0.251203 -0.967934 0
    outer loop
      vertex 13.3372 70.9854 4
      vertex 13.5603 71.0433 4.8
      vertex 13.3372 70.9854 4.8
    endloop
  endfacet
  facet normal 0.251203 -0.967934 0
    outer loop
      vertex 13.5603 71.0433 4.8
      vertex 13.3372 70.9854 4
      vertex 13.5603 71.0433 4
    endloop
  endfacet
  facet normal 0.359602 -0.933106 0
    outer loop
      vertex 13.5603 71.0433 4
      vertex 13.771 71.1245 4.8
      vertex 13.5603 71.0433 4.8
    endloop
  endfacet
  facet normal 0.359602 -0.933106 0
    outer loop
      vertex 13.771 71.1245 4.8
      vertex 13.5603 71.0433 4
      vertex 13.771 71.1245 4
    endloop
  endfacet
  facet normal 0.465673 -0.884957 0
    outer loop
      vertex 13.771 71.1245 4
      vertex 13.9694 71.2289 4.8
      vertex 13.771 71.1245 4.8
    endloop
  endfacet
  facet normal 0.465673 -0.884957 0
    outer loop
      vertex 13.9694 71.2289 4.8
      vertex 13.771 71.1245 4
      vertex 13.9694 71.2289 4
    endloop
  endfacet
  facet normal 0.567366 -0.823466 0
    outer loop
      vertex 13.9694 71.2289 4
      vertex 14.153 71.3554 4.8
      vertex 13.9694 71.2289 4.8
    endloop
  endfacet
  facet normal 0.567366 -0.823466 0
    outer loop
      vertex 14.153 71.3554 4.8
      vertex 13.9694 71.2289 4
      vertex 14.153 71.3554 4
    endloop
  endfacet
  facet normal 0.664113 -0.747632 0
    outer loop
      vertex 14.153 71.3554 4
      vertex 14.3195 71.5033 4.8
      vertex 14.153 71.3554 4.8
    endloop
  endfacet
  facet normal 0.664113 -0.747632 0
    outer loop
      vertex 14.3195 71.5033 4.8
      vertex 14.153 71.3554 4
      vertex 14.3195 71.5033 4
    endloop
  endfacet
  facet normal 0.749657 -0.661827 0
    outer loop
      vertex 14.3195 71.5033 4.8
      vertex 14.4687 71.6723 4
      vertex 14.4687 71.6723 4.8
    endloop
  endfacet
  facet normal 0.749657 -0.661827 0
    outer loop
      vertex 14.4687 71.6723 4
      vertex 14.3195 71.5033 4.8
      vertex 14.3195 71.5033 4
    endloop
  endfacet
  facet normal 0.821679 -0.569951 0
    outer loop
      vertex 14.4687 71.6723 4.8
      vertex 14.6007 71.8626 4
      vertex 14.6007 71.8626 4.8
    endloop
  endfacet
  facet normal 0.821679 -0.569951 0
    outer loop
      vertex 14.6007 71.8626 4
      vertex 14.4687 71.6723 4.8
      vertex 14.4687 71.6723 4
    endloop
  endfacet
  facet normal 0.878878 -0.477046 0
    outer loop
      vertex 14.6007 71.8626 4.8
      vertex 14.7155 72.0741 4
      vertex 14.7155 72.0741 4.8
    endloop
  endfacet
  facet normal 0.878878 -0.477046 0
    outer loop
      vertex 14.7155 72.0741 4
      vertex 14.6007 71.8626 4.8
      vertex 14.6007 71.8626 4
    endloop
  endfacet
  facet normal 0.447214 0.894427 -0
    outer loop
      vertex 14.7155 72.0741 4
      vertex 14.2395 72.3121 4.8
      vertex 14.7155 72.0741 4.8
    endloop
  endfacet
  facet normal 0.447214 0.894427 0
    outer loop
      vertex 14.2395 72.3121 4.8
      vertex 14.7155 72.0741 4
      vertex 14.2395 72.3121 4
    endloop
  endfacet
  facet normal -0.849567 0.527481 0
    outer loop
      vertex 14.0397 71.9903 4
      vertex 14.2395 72.3121 4.8
      vertex 14.2395 72.3121 4
    endloop
  endfacet
  facet normal -0.849567 0.527481 0
    outer loop
      vertex 14.2395 72.3121 4.8
      vertex 14.0397 71.9903 4
      vertex 14.0397 71.9903 4.8
    endloop
  endfacet
  facet normal -0.728157 0.68541 0
    outer loop
      vertex 13.804 71.7399 4
      vertex 14.0397 71.9903 4.8
      vertex 14.0397 71.9903 4
    endloop
  endfacet
  facet normal -0.728157 0.68541 0
    outer loop
      vertex 14.0397 71.9903 4.8
      vertex 13.804 71.7399 4
      vertex 13.804 71.7399 4.8
    endloop
  endfacet
  facet normal -0.549865 0.835254 0
    outer loop
      vertex 13.804 71.7399 4
      vertex 13.5324 71.5611 4.8
      vertex 13.804 71.7399 4.8
    endloop
  endfacet
  facet normal -0.549865 0.835254 0
    outer loop
      vertex 13.5324 71.5611 4.8
      vertex 13.804 71.7399 4
      vertex 13.5324 71.5611 4
    endloop
  endfacet
  facet normal -0.329461 0.944169 0
    outer loop
      vertex 13.5324 71.5611 4
      vertex 13.2249 71.4538 4.8
      vertex 13.5324 71.5611 4.8
    endloop
  endfacet
  facet normal -0.329461 0.944169 0
    outer loop
      vertex 13.2249 71.4538 4.8
      vertex 13.5324 71.5611 4
      vertex 13.2249 71.4538 4
    endloop
  endfacet
  facet normal -0.10369 0.99461 0
    outer loop
      vertex 13.2249 71.4538 4
      vertex 12.8815 71.418 4.8
      vertex 13.2249 71.4538 4.8
    endloop
  endfacet
  facet normal -0.10369 0.99461 0
    outer loop
      vertex 12.8815 71.418 4.8
      vertex 13.2249 71.4538 4
      vertex 12.8815 71.418 4
    endloop
  endfacet
  facet normal 0.0712208 0.997461 -0
    outer loop
      vertex 12.8815 71.418 4
      vertex 12.6112 71.4373 4.8
      vertex 12.8815 71.418 4.8
    endloop
  endfacet
  facet normal 0.0712208 0.997461 0
    outer loop
      vertex 12.6112 71.4373 4.8
      vertex 12.8815 71.418 4
      vertex 12.6112 71.4373 4
    endloop
  endfacet
  facet normal 0.227105 0.97387 -0
    outer loop
      vertex 12.6112 71.4373 4
      vertex 12.3642 71.4949 4.8
      vertex 12.6112 71.4373 4.8
    endloop
  endfacet
  facet normal 0.227105 0.97387 0
    outer loop
      vertex 12.3642 71.4949 4.8
      vertex 12.6112 71.4373 4
      vertex 12.3642 71.4949 4
    endloop
  endfacet
  facet normal 0.395059 0.918656 -0
    outer loop
      vertex 12.3642 71.4949 4
      vertex 12.1405 71.5911 4.8
      vertex 12.3642 71.4949 4.8
    endloop
  endfacet
  facet normal 0.395059 0.918656 0
    outer loop
      vertex 12.1405 71.5911 4.8
      vertex 12.3642 71.4949 4
      vertex 12.1405 71.5911 4
    endloop
  endfacet
  facet normal 0.557279 0.830325 -0
    outer loop
      vertex 12.1405 71.5911 4
      vertex 11.9401 71.7256 4.8
      vertex 12.1405 71.5911 4.8
    endloop
  endfacet
  facet normal 0.557279 0.830325 0
    outer loop
      vertex 11.9401 71.7256 4.8
      vertex 12.1405 71.5911 4
      vertex 11.9401 71.7256 4
    endloop
  endfacet
  facet normal 0.69898 0.715141 -0
    outer loop
      vertex 11.9401 71.7256 4
      vertex 11.7631 71.8986 4.8
      vertex 11.9401 71.7256 4.8
    endloop
  endfacet
  facet normal 0.69898 0.715141 0
    outer loop
      vertex 11.7631 71.8986 4.8
      vertex 11.9401 71.7256 4
      vertex 11.7631 71.8986 4
    endloop
  endfacet
  facet normal 0.808685 0.588242 0
    outer loop
      vertex 11.7631 71.8986 4.8
      vertex 11.6142 72.1033 4
      vertex 11.6142 72.1033 4.8
    endloop
  endfacet
  facet normal 0.808685 0.588242 0
    outer loop
      vertex 11.6142 72.1033 4
      vertex 11.7631 71.8986 4.8
      vertex 11.7631 71.8986 4
    endloop
  endfacet
  facet normal 0.892865 0.450325 0
    outer loop
      vertex 11.6142 72.1033 4.8
      vertex 11.4985 72.3327 4
      vertex 11.4985 72.3327 4.8
    endloop
  endfacet
  facet normal 0.892865 0.450325 0
    outer loop
      vertex 11.4985 72.3327 4
      vertex 11.6142 72.1033 4.8
      vertex 11.6142 72.1033 4
    endloop
  endfacet
  facet normal 0.950941 0.309374 0
    outer loop
      vertex 11.4985 72.3327 4.8
      vertex 11.4158 72.5869 4
      vertex 11.4158 72.5869 4.8
    endloop
  endfacet
  facet normal 0.950941 0.309374 0
    outer loop
      vertex 11.4158 72.5869 4
      vertex 11.4985 72.3327 4.8
      vertex 11.4985 72.3327 4
    endloop
  endfacet
  facet normal 0.984563 0.175033 0
    outer loop
      vertex 11.4158 72.5869 4.8
      vertex 11.3662 72.8659 4
      vertex 11.3662 72.8659 4.8
    endloop
  endfacet
  facet normal 0.984563 0.175033 0
    outer loop
      vertex 11.3662 72.8659 4
      vertex 11.4158 72.5869 4.8
      vertex 11.4158 72.5869 4
    endloop
  endfacet
  facet normal 0.998511 0.0545598 0
    outer loop
      vertex 11.3662 72.8659 4.8
      vertex 11.3496 73.1697 4
      vertex 11.3496 73.1697 4.8
    endloop
  endfacet
  facet normal 0.998511 0.0545598 0
    outer loop
      vertex 11.3496 73.1697 4
      vertex 11.3662 72.8659 4.8
      vertex 11.3662 72.8659 4
    endloop
  endfacet
  facet normal 0.998655 -0.051857 0
    outer loop
      vertex 11.3496 73.1697 4.8
      vertex 11.3655 73.4759 4
      vertex 11.3655 73.4759 4.8
    endloop
  endfacet
  facet normal 0.998655 -0.051857 0
    outer loop
      vertex 11.3655 73.4759 4
      vertex 11.3496 73.1697 4.8
      vertex 11.3496 73.1697 4
    endloop
  endfacet
  facet normal 0.985746 -0.168238 0
    outer loop
      vertex 11.3655 73.4759 4.8
      vertex 11.4131 73.7548 4
      vertex 11.4131 73.7548 4.8
    endloop
  endfacet
  facet normal 0.985746 -0.168238 0
    outer loop
      vertex 11.4131 73.7548 4
      vertex 11.3655 73.4759 4.8
      vertex 11.3655 73.4759 4
    endloop
  endfacet
  facet normal 0.953817 -0.300388 0
    outer loop
      vertex 11.4131 73.7548 4.8
      vertex 11.4924 74.0066 4
      vertex 11.4924 74.0066 4.8
    endloop
  endfacet
  facet normal 0.953817 -0.300388 0
    outer loop
      vertex 11.4924 74.0066 4
      vertex 11.4131 73.7548 4.8
      vertex 11.4131 73.7548 4
    endloop
  endfacet
  facet normal 0.896256 -0.443537 0
    outer loop
      vertex 11.4924 74.0066 4.8
      vertex 11.6035 74.2311 4
      vertex 11.6035 74.2311 4.8
    endloop
  endfacet
  facet normal 0.896256 -0.443537 0
    outer loop
      vertex 11.6035 74.2311 4
      vertex 11.4924 74.0066 4.8
      vertex 11.4924 74.0066 4
    endloop
  endfacet
  facet normal 0.810083 -0.586315 0
    outer loop
      vertex 11.6035 74.2311 4.8
      vertex 11.7463 74.4284 4
      vertex 11.7463 74.4284 4.8
    endloop
  endfacet
  facet normal 0.810083 -0.586315 0
    outer loop
      vertex 11.7463 74.4284 4
      vertex 11.6035 74.2311 4.8
      vertex 11.6035 74.2311 4
    endloop
  endfacet
  facet normal 0.6944 -0.71959 0
    outer loop
      vertex 11.7463 74.4284 4
      vertex 11.9177 74.5938 4.8
      vertex 11.7463 74.4284 4.8
    endloop
  endfacet
  facet normal 0.6944 -0.71959 0
    outer loop
      vertex 11.9177 74.5938 4.8
      vertex 11.7463 74.4284 4
      vertex 11.9177 74.5938 4
    endloop
  endfacet
  facet normal 0.546722 -0.837314 0
    outer loop
      vertex 11.9177 74.5938 4
      vertex 12.1145 74.7223 4.8
      vertex 11.9177 74.5938 4.8
    endloop
  endfacet
  facet normal 0.546722 -0.837314 0
    outer loop
      vertex 12.1145 74.7223 4.8
      vertex 11.9177 74.5938 4
      vertex 12.1145 74.7223 4
    endloop
  endfacet
  facet normal 0.38234 -0.924022 0
    outer loop
      vertex 12.1145 74.7223 4
      vertex 12.3366 74.8142 4.8
      vertex 12.1145 74.7223 4.8
    endloop
  endfacet
  facet normal 0.38234 -0.924022 0
    outer loop
      vertex 12.3366 74.8142 4.8
      vertex 12.1145 74.7223 4
      vertex 12.3366 74.8142 4
    endloop
  endfacet
  facet normal 0.217223 -0.976122 0
    outer loop
      vertex 12.3366 74.8142 4
      vertex 12.5842 74.8693 4.8
      vertex 12.3366 74.8142 4.8
    endloop
  endfacet
  facet normal 0.217223 -0.976122 0
    outer loop
      vertex 12.5842 74.8693 4.8
      vertex 12.3366 74.8142 4
      vertex 12.5842 74.8693 4
    endloop
  endfacet
  facet normal 0.0672712 -0.997735 0
    outer loop
      vertex 12.5842 74.8693 4
      vertex 12.8571 74.8877 4.8
      vertex 12.5842 74.8693 4.8
    endloop
  endfacet
  facet normal 0.0672712 -0.997735 0
    outer loop
      vertex 12.8571 74.8877 4.8
      vertex 12.5842 74.8693 4
      vertex 12.8571 74.8877 4
    endloop
  endfacet
  facet normal -0.0451516 -0.99898 0
    outer loop
      vertex 12.8571 74.8877 4
      vertex 13.0341 74.8797 4.8
      vertex 12.8571 74.8877 4.8
    endloop
  endfacet
  facet normal -0.0451516 -0.99898 -0
    outer loop
      vertex 13.0341 74.8797 4.8
      vertex 12.8571 74.8877 4
      vertex 13.0341 74.8797 4
    endloop
  endfacet
  facet normal -0.141089 -0.989997 0
    outer loop
      vertex 13.0341 74.8797 4
      vertex 13.2011 74.8559 4.8
      vertex 13.0341 74.8797 4.8
    endloop
  endfacet
  facet normal -0.141089 -0.989997 -0
    outer loop
      vertex 13.2011 74.8559 4.8
      vertex 13.0341 74.8797 4
      vertex 13.2011 74.8559 4
    endloop
  endfacet
  facet normal -0.244423 -0.969669 0
    outer loop
      vertex 13.2011 74.8559 4
      vertex 13.3582 74.8163 4.8
      vertex 13.2011 74.8559 4.8
    endloop
  endfacet
  facet normal -0.244423 -0.969669 -0
    outer loop
      vertex 13.3582 74.8163 4.8
      vertex 13.2011 74.8559 4
      vertex 13.3582 74.8163 4
    endloop
  endfacet
  facet normal -0.353141 -0.93557 0
    outer loop
      vertex 13.3582 74.8163 4
      vertex 13.5055 74.7607 4.8
      vertex 13.3582 74.8163 4.8
    endloop
  endfacet
  facet normal -0.353141 -0.93557 -0
    outer loop
      vertex 13.5055 74.7607 4.8
      vertex 13.3582 74.8163 4
      vertex 13.5055 74.7607 4
    endloop
  endfacet
  facet normal -0.461109 -0.887344 0
    outer loop
      vertex 13.5055 74.7607 4
      vertex 13.6429 74.6893 4.8
      vertex 13.5055 74.7607 4.8
    endloop
  endfacet
  facet normal -0.461109 -0.887344 -0
    outer loop
      vertex 13.6429 74.6893 4.8
      vertex 13.5055 74.7607 4
      vertex 13.6429 74.6893 4
    endloop
  endfacet
  facet normal -0.567979 -0.823043 0
    outer loop
      vertex 13.6429 74.6893 4
      vertex 13.7681 74.6029 4.8
      vertex 13.6429 74.6893 4.8
    endloop
  endfacet
  facet normal -0.567979 -0.823043 -0
    outer loop
      vertex 13.7681 74.6029 4.8
      vertex 13.6429 74.6893 4
      vertex 13.7681 74.6029 4
    endloop
  endfacet
  facet normal -0.672873 -0.739758 0
    outer loop
      vertex 13.7681 74.6029 4
      vertex 13.8787 74.5023 4.8
      vertex 13.7681 74.6029 4.8
    endloop
  endfacet
  facet normal -0.672873 -0.739758 -0
    outer loop
      vertex 13.8787 74.5023 4.8
      vertex 13.7681 74.6029 4
      vertex 13.8787 74.5023 4
    endloop
  endfacet
  facet normal -0.76652 -0.64222 0
    outer loop
      vertex 13.9748 74.3876 4
      vertex 13.8787 74.5023 4.8
      vertex 13.8787 74.5023 4
    endloop
  endfacet
  facet normal -0.76652 -0.64222 0
    outer loop
      vertex 13.8787 74.5023 4.8
      vertex 13.9748 74.3876 4
      vertex 13.9748 74.3876 4.8
    endloop
  endfacet
  facet normal -0.844928 -0.534881 0
    outer loop
      vertex 14.0564 74.2587 4
      vertex 13.9748 74.3876 4.8
      vertex 13.9748 74.3876 4
    endloop
  endfacet
  facet normal -0.844928 -0.534881 0
    outer loop
      vertex 13.9748 74.3876 4.8
      vertex 14.0564 74.2587 4
      vertex 14.0564 74.2587 4.8
    endloop
  endfacet
  facet normal -0.905292 -0.424791 0
    outer loop
      vertex 14.1235 74.1157 4
      vertex 14.0564 74.2587 4.8
      vertex 14.0564 74.2587 4
    endloop
  endfacet
  facet normal -0.905292 -0.424791 0
    outer loop
      vertex 14.0564 74.2587 4.8
      vertex 14.1235 74.1157 4
      vertex 14.1235 74.1157 4.8
    endloop
  endfacet
  facet normal 0.314526 -0.949249 0
    outer loop
      vertex 14.1235 74.1157 4
      vertex 14.6758 74.2987 4.8
      vertex 14.1235 74.1157 4.8
    endloop
  endfacet
  facet normal 0.314526 -0.949249 0
    outer loop
      vertex 14.6758 74.2987 4.8
      vertex 14.1235 74.1157 4
      vertex 14.6758 74.2987 4
    endloop
  endfacet
  facet normal 0.901495 0.432789 0
    outer loop
      vertex 14.6758 74.2987 4.8
      vertex 14.5794 74.4995 4
      vertex 14.5794 74.4995 4.8
    endloop
  endfacet
  facet normal 0.901495 0.432789 0
    outer loop
      vertex 14.5794 74.4995 4
      vertex 14.6758 74.2987 4.8
      vertex 14.6758 74.2987 4
    endloop
  endfacet
  facet normal 0.840708 0.541489 0
    outer loop
      vertex 14.5794 74.4995 4.8
      vertex 14.4634 74.6796 4
      vertex 14.4634 74.6796 4.8
    endloop
  endfacet
  facet normal 0.840708 0.541489 0
    outer loop
      vertex 14.4634 74.6796 4
      vertex 14.5794 74.4995 4.8
      vertex 14.5794 74.4995 4
    endloop
  endfacet
  facet normal 0.761951 0.647635 0
    outer loop
      vertex 14.4634 74.6796 4.8
      vertex 14.328 74.8389 4
      vertex 14.328 74.8389 4.8
    endloop
  endfacet
  facet normal 0.761951 0.647635 0
    outer loop
      vertex 14.328 74.8389 4
      vertex 14.4634 74.6796 4.8
      vertex 14.4634 74.6796 4
    endloop
  endfacet
  facet normal 0.666064 0.745895 -0
    outer loop
      vertex 14.328 74.8389 4
      vertex 14.1729 74.9774 4.8
      vertex 14.328 74.8389 4.8
    endloop
  endfacet
  facet normal 0.666064 0.745895 0
    outer loop
      vertex 14.1729 74.9774 4.8
      vertex 14.328 74.8389 4
      vertex 14.1729 74.9774 4
    endloop
  endfacet
  facet normal 0.559514 0.828821 -0
    outer loop
      vertex 14.1729 74.9774 4
      vertex 13.9984 75.0952 4.8
      vertex 14.1729 74.9774 4.8
    endloop
  endfacet
  facet normal 0.559514 0.828821 0
    outer loop
      vertex 13.9984 75.0952 4.8
      vertex 14.1729 74.9774 4
      vertex 13.9984 75.0952 4
    endloop
  endfacet
  facet normal 0.446844 0.894612 -0
    outer loop
      vertex 13.9984 75.0952 4
      vertex 13.805 75.1918 4.8
      vertex 13.9984 75.0952 4.8
    endloop
  endfacet
  facet normal 0.446844 0.894612 0
    outer loop
      vertex 13.805 75.1918 4.8
      vertex 13.9984 75.0952 4
      vertex 13.805 75.1918 4
    endloop
  endfacet
  facet normal 0.33515 0.942165 -0
    outer loop
      vertex 13.805 75.1918 4
      vertex 13.5936 75.267 4.8
      vertex 13.805 75.1918 4.8
    endloop
  endfacet
  facet normal 0.33515 0.942165 0
    outer loop
      vertex 13.5936 75.267 4.8
      vertex 13.805 75.1918 4
      vertex 13.5936 75.267 4
    endloop
  endfacet
  facet normal 0.22833 0.973584 -0
    outer loop
      vertex 13.5936 75.267 4
      vertex 13.3642 75.3208 4.8
      vertex 13.5936 75.267 4.8
    endloop
  endfacet
  facet normal 0.22833 0.973584 0
    outer loop
      vertex 13.3642 75.3208 4.8
      vertex 13.5936 75.267 4
      vertex 13.3642 75.3208 4
    endloop
  endfacet
  facet normal 0.128962 0.991649 -0
    outer loop
      vertex 13.3642 75.3208 4
      vertex 13.1166 75.353 4.8
      vertex 13.3642 75.3208 4.8
    endloop
  endfacet
  facet normal 0.128962 0.991649 0
    outer loop
      vertex 13.1166 75.353 4.8
      vertex 13.3642 75.3208 4
      vertex 13.1166 75.353 4
    endloop
  endfacet
  facet normal 0.0402535 0.999189 -0
    outer loop
      vertex 13.1166 75.353 4
      vertex 12.851 75.3637 4.8
      vertex 13.1166 75.353 4.8
    endloop
  endfacet
  facet normal 0.0402535 0.999189 0
    outer loop
      vertex 12.851 75.3637 4.8
      vertex 13.1166 75.353 4
      vertex 12.851 75.3637 4
    endloop
  endfacet
  facet normal -0.0618658 0.998084 0
    outer loop
      vertex 12.851 75.3637 4
      vertex 12.4751 75.3404 4.8
      vertex 12.851 75.3637 4.8
    endloop
  endfacet
  facet normal -0.0618658 0.998084 0
    outer loop
      vertex 12.4751 75.3404 4.8
      vertex 12.851 75.3637 4
      vertex 12.4751 75.3404 4
    endloop
  endfacet
  facet normal -0.200359 0.979723 0
    outer loop
      vertex 12.4751 75.3404 4
      vertex 12.1333 75.2705 4.8
      vertex 12.4751 75.3404 4.8
    endloop
  endfacet
  facet normal -0.200359 0.979723 0
    outer loop
      vertex 12.1333 75.2705 4.8
      vertex 12.4751 75.3404 4
      vertex 12.1333 75.2705 4
    endloop
  endfacet
  facet normal -0.354453 0.935074 0
    outer loop
      vertex 12.1333 75.2705 4
      vertex 11.8257 75.1539 4.8
      vertex 12.1333 75.2705 4.8
    endloop
  endfacet
  facet normal -0.354453 0.935074 0
    outer loop
      vertex 11.8257 75.1539 4.8
      vertex 12.1333 75.2705 4
      vertex 11.8257 75.1539 4
    endloop
  endfacet
  facet normal -0.512416 0.858737 0
    outer loop
      vertex 11.8257 75.1539 4
      vertex 11.5522 74.9907 4.8
      vertex 11.8257 75.1539 4.8
    endloop
  endfacet
  facet normal -0.512416 0.858737 0
    outer loop
      vertex 11.5522 74.9907 4.8
      vertex 11.8257 75.1539 4
      vertex 11.5522 74.9907 4
    endloop
  endfacet
  facet normal -0.659394 0.751797 0
    outer loop
      vertex 11.5522 74.9907 4
      vertex 11.313 74.7809 4.8
      vertex 11.5522 74.9907 4.8
    endloop
  endfacet
  facet normal -0.659394 0.751797 0
    outer loop
      vertex 11.313 74.7809 4.8
      vertex 11.5522 74.9907 4
      vertex 11.313 74.7809 4
    endloop
  endfacet
  facet normal -0.782235 0.622983 0
    outer loop
      vertex 11.1131 74.5299 4
      vertex 11.313 74.7809 4.8
      vertex 11.313 74.7809 4
    endloop
  endfacet
  facet normal -0.782235 0.622983 0
    outer loop
      vertex 11.313 74.7809 4.8
      vertex 11.1131 74.5299 4
      vertex 11.1131 74.5299 4.8
    endloop
  endfacet
  facet normal -0.87896 0.476896 0
    outer loop
      vertex 10.9576 74.2433 4
      vertex 11.1131 74.5299 4.8
      vertex 11.1131 74.5299 4
    endloop
  endfacet
  facet normal -0.87896 0.476896 0
    outer loop
      vertex 11.1131 74.5299 4.8
      vertex 10.9576 74.2433 4
      vertex 10.9576 74.2433 4.8
    endloop
  endfacet
  facet normal -0.945376 0.325982 0
    outer loop
      vertex 10.8465 73.9211 4
      vertex 10.9576 74.2433 4.8
      vertex 10.9576 74.2433 4
    endloop
  endfacet
  facet normal -0.945376 0.325982 0
    outer loop
      vertex 10.9576 74.2433 4.8
      vertex 10.8465 73.9211 4
      vertex 10.8465 73.9211 4.8
    endloop
  endfacet
  facet normal -0.983123 0.182945 0
    outer loop
      vertex 10.7799 73.5632 4
      vertex 10.8465 73.9211 4.8
      vertex 10.8465 73.9211 4
    endloop
  endfacet
  facet normal -0.983123 0.182945 0
    outer loop
      vertex 10.8465 73.9211 4.8
      vertex 10.7799 73.5632 4
      vertex 10.7799 73.5632 4.8
    endloop
  endfacet
  facet normal -0.998398 0.0565801 0
    outer loop
      vertex 10.7576 73.1697 4
      vertex 10.7799 73.5632 4.8
      vertex 10.7799 73.5632 4
    endloop
  endfacet
  facet normal -0.998398 0.0565801 0
    outer loop
      vertex 10.7799 73.5632 4.8
      vertex 10.7576 73.1697 4
      vertex 10.7576 73.1697 4.8
    endloop
  endfacet
  facet normal -0.999301 -0.037385 0
    outer loop
      vertex 10.7676 72.9024 4
      vertex 10.7576 73.1697 4.8
      vertex 10.7576 73.1697 4
    endloop
  endfacet
  facet normal -0.999301 -0.037385 0
    outer loop
      vertex 10.7576 73.1697 4.8
      vertex 10.7676 72.9024 4
      vertex 10.7676 72.9024 4.8
    endloop
  endfacet
  facet normal -0.993108 -0.117206 0
    outer loop
      vertex 10.7974 72.6499 4
      vertex 10.7676 72.9024 4.8
      vertex 10.7676 72.9024 4
    endloop
  endfacet
  facet normal -0.993108 -0.117206 0
    outer loop
      vertex 10.7676 72.9024 4.8
      vertex 10.7974 72.6499 4
      vertex 10.7974 72.6499 4.8
    endloop
  endfacet
  facet normal -0.97875 -0.205056 0
    outer loop
      vertex 10.8472 72.4122 4
      vertex 10.7974 72.6499 4.8
      vertex 10.7974 72.6499 4
    endloop
  endfacet
  facet normal -0.97875 -0.205056 0
    outer loop
      vertex 10.7974 72.6499 4.8
      vertex 10.8472 72.4122 4
      vertex 10.8472 72.4122 4.8
    endloop
  endfacet
  facet normal -0.954549 -0.298056 0
    outer loop
      vertex 10.9168 72.1893 4
      vertex 10.8472 72.4122 4.8
      vertex 10.8472 72.4122 4
    endloop
  endfacet
  facet normal -0.954549 -0.298056 0
    outer loop
      vertex 10.8472 72.4122 4.8
      vertex 10.9168 72.1893 4
      vertex 10.9168 72.1893 4.8
    endloop
  endfacet
  facet normal -0.918711 -0.394931 0
    outer loop
      vertex 11.0063 71.9811 4
      vertex 10.9168 72.1893 4.8
      vertex 10.9168 72.1893 4
    endloop
  endfacet
  facet normal -0.918711 -0.394931 0
    outer loop
      vertex 10.9168 72.1893 4.8
      vertex 11.0063 71.9811 4
      vertex 11.0063 71.9811 4.8
    endloop
  endfacet
  facet normal -0.870055 -0.492955 0
    outer loop
      vertex 11.1148 71.7896 4
      vertex 11.0063 71.9811 4.8
      vertex 11.0063 71.9811 4
    endloop
  endfacet
  facet normal -0.870055 -0.492955 0
    outer loop
      vertex 11.0063 71.9811 4.8
      vertex 11.1148 71.7896 4
      vertex 11.1148 71.7896 4.8
    endloop
  endfacet
  facet normal -0.806998 -0.590554 0
    outer loop
      vertex 11.2414 71.6166 4
      vertex 11.1148 71.7896 4.8
      vertex 11.1148 71.7896 4
    endloop
  endfacet
  facet normal -0.806998 -0.590554 0
    outer loop
      vertex 11.1148 71.7896 4.8
      vertex 11.2414 71.6166 4
      vertex 11.2414 71.6166 4.8
    endloop
  endfacet
  facet normal -0.729655 -0.683815 0
    outer loop
      vertex 11.3861 71.4622 4
      vertex 11.2414 71.6166 4.8
      vertex 11.2414 71.6166 4
    endloop
  endfacet
  facet normal -0.729655 -0.683815 0
    outer loop
      vertex 11.2414 71.6166 4.8
      vertex 11.3861 71.4622 4
      vertex 11.3861 71.4622 4.8
    endloop
  endfacet
  facet normal -0.641066 -0.767486 0
    outer loop
      vertex 11.3861 71.4622 4
      vertex 11.5488 71.3263 4.8
      vertex 11.3861 71.4622 4.8
    endloop
  endfacet
  facet normal -0.641066 -0.767486 -0
    outer loop
      vertex 11.5488 71.3263 4.8
      vertex 11.3861 71.4622 4
      vertex 11.5488 71.3263 4
    endloop
  endfacet
  facet normal -0.544271 -0.83891 0
    outer loop
      vertex 11.5488 71.3263 4
      vertex 11.7296 71.209 4.8
      vertex 11.5488 71.3263 4.8
    endloop
  endfacet
  facet normal -0.544271 -0.83891 -0
    outer loop
      vertex 11.7296 71.209 4.8
      vertex 11.5488 71.3263 4
      vertex 11.7296 71.209 4
    endloop
  endfacet
  facet normal -0.442835 -0.896603 0
    outer loop
      vertex 11.7296 71.209 4
      vertex 11.9264 71.1118 4.8
      vertex 11.7296 71.209 4.8
    endloop
  endfacet
  facet normal -0.442835 -0.896603 -0
    outer loop
      vertex 11.9264 71.1118 4.8
      vertex 11.7296 71.209 4
      vertex 11.9264 71.1118 4
    endloop
  endfacet
  facet normal -0.337439 -0.941347 0
    outer loop
      vertex 11.9264 71.1118 4
      vertex 12.1373 71.0362 4.8
      vertex 11.9264 71.1118 4.8
    endloop
  endfacet
  facet normal -0.337439 -0.941347 -0
    outer loop
      vertex 12.1373 71.0362 4.8
      vertex 11.9264 71.1118 4
      vertex 12.1373 71.0362 4
    endloop
  endfacet
  facet normal -0.233471 -0.972364 0
    outer loop
      vertex 12.1373 71.0362 4
      vertex 12.3622 70.9822 4.8
      vertex 12.1373 71.0362 4.8
    endloop
  endfacet
  facet normal -0.233471 -0.972364 -0
    outer loop
      vertex 12.3622 70.9822 4.8
      vertex 12.1373 71.0362 4
      vertex 12.3622 70.9822 4
    endloop
  endfacet
  facet normal -0.134391 -0.990928 0
    outer loop
      vertex 12.3622 70.9822 4
      vertex 12.6011 70.9498 4.8
      vertex 12.3622 70.9822 4.8
    endloop
  endfacet
  facet normal -0.134391 -0.990928 -0
    outer loop
      vertex 12.6011 70.9498 4.8
      vertex 12.3622 70.9822 4
      vertex 12.6011 70.9498 4
    endloop
  endfacet
  facet normal -0.0426489 -0.99909 0
    outer loop
      vertex 12.6011 70.9498 4
      vertex 12.8541 70.939 4.8
      vertex 12.6011 70.9498 4.8
    endloop
  endfacet
  facet normal -0.0426489 -0.99909 -0
    outer loop
      vertex 12.8541 70.939 4.8
      vertex 12.6011 70.9498 4
      vertex 12.8541 70.939 4
    endloop
  endfacet
  facet normal 0.0467796 -0.998905 0
    outer loop
      vertex 12.8541 70.939 4
      vertex 13.1018 70.9506 4.8
      vertex 12.8541 70.939 4.8
    endloop
  endfacet
  facet normal 0.0467796 -0.998905 0
    outer loop
      vertex 13.1018 70.9506 4.8
      vertex 12.8541 70.939 4
      vertex 13.1018 70.9506 4
    endloop
  endfacet
  facet normal 0 -1 0
    outer loop
      vertex 17.6393 72.6753 4
      vertex 18.9026 72.6753 4.8
      vertex 17.6393 72.6753 4.8
    endloop
  endfacet
  facet normal 0 -1 -0
    outer loop
      vertex 18.9026 72.6753 4.8
      vertex 17.6393 72.6753 4
      vertex 18.9026 72.6753 4
    endloop
  endfacet
  facet normal 0.054879 -0.998493 0
    outer loop
      vertex 18.9026 72.6753 4
      vertex 19.1646 72.6897 4.8
      vertex 18.9026 72.6753 4.8
    endloop
  endfacet
  facet normal 0.054879 -0.998493 0
    outer loop
      vertex 19.1646 72.6897 4.8
      vertex 18.9026 72.6753 4
      vertex 19.1646 72.6897 4
    endloop
  endfacet
  facet normal 0.177727 -0.98408 0
    outer loop
      vertex 19.1646 72.6897 4
      vertex 19.4038 72.7329 4.8
      vertex 19.1646 72.6897 4.8
    endloop
  endfacet
  facet normal 0.177727 -0.98408 0
    outer loop
      vertex 19.4038 72.7329 4.8
      vertex 19.1646 72.6897 4
      vertex 19.4038 72.7329 4
    endloop
  endfacet
  facet normal 0.315702 -0.948859 0
    outer loop
      vertex 19.4038 72.7329 4
      vertex 19.6202 72.8049 4.8
      vertex 19.4038 72.7329 4.8
    endloop
  endfacet
  facet normal 0.315702 -0.948859 0
    outer loop
      vertex 19.6202 72.8049 4.8
      vertex 19.4038 72.7329 4
      vertex 19.6202 72.8049 4
    endloop
  endfacet
  facet normal 0.462362 -0.886691 0
    outer loop
      vertex 19.6202 72.8049 4
      vertex 19.8137 72.9058 4.8
      vertex 19.6202 72.8049 4.8
    endloop
  endfacet
  facet normal 0.462362 -0.886691 0
    outer loop
      vertex 19.8137 72.9058 4.8
      vertex 19.6202 72.8049 4
      vertex 19.8137 72.9058 4
    endloop
  endfacet
  facet normal 0.604693 -0.796459 0
    outer loop
      vertex 19.8137 72.9058 4
      vertex 19.9844 73.0354 4.8
      vertex 19.8137 72.9058 4.8
    endloop
  endfacet
  facet normal 0.604693 -0.796459 0
    outer loop
      vertex 19.9844 73.0354 4.8
      vertex 19.8137 72.9058 4
      vertex 19.9844 73.0354 4
    endloop
  endfacet
  facet normal 0.731845 -0.681471 0
    outer loop
      vertex 19.9844 73.0354 4.8
      vertex 20.1278 73.1894 4
      vertex 20.1278 73.1894 4.8
    endloop
  endfacet
  facet normal 0.731845 -0.681471 0
    outer loop
      vertex 20.1278 73.1894 4
      vertex 19.9844 73.0354 4.8
      vertex 19.9844 73.0354 4
    endloop
  endfacet
  facet normal 0.842104 -0.539314 0
    outer loop
      vertex 20.1278 73.1894 4.8
      vertex 20.2393 73.3635 4
      vertex 20.2393 73.3635 4.8
    endloop
  endfacet
  facet normal 0.842104 -0.539314 0
    outer loop
      vertex 20.2393 73.3635 4
      vertex 20.1278 73.1894 4.8
      vertex 20.1278 73.1894 4
    endloop
  endfacet
  facet normal 0.92522 -0.379431 0
    outer loop
      vertex 20.2393 73.3635 4.8
      vertex 20.3189 73.5576 4
      vertex 20.3189 73.5576 4.8
    endloop
  endfacet
  facet normal 0.92522 -0.379431 0
    outer loop
      vertex 20.3189 73.5576 4
      vertex 20.2393 73.3635 4.8
      vertex 20.2393 73.3635 4
    endloop
  endfacet
  facet normal 0.975972 -0.217896 0
    outer loop
      vertex 20.3189 73.5576 4.8
      vertex 20.3667 73.7717 4
      vertex 20.3667 73.7717 4.8
    endloop
  endfacet
  facet normal 0.975972 -0.217896 0
    outer loop
      vertex 20.3667 73.7717 4
      vertex 20.3189 73.5576 4.8
      vertex 20.3189 73.5576 4
    endloop
  endfacet
  facet normal 0.997701 -0.0677636 0
    outer loop
      vertex 20.3667 73.7717 4.8
      vertex 20.3826 74.0058 4
      vertex 20.3826 74.0058 4.8
    endloop
  endfacet
  facet normal 0.997701 -0.0677636 0
    outer loop
      vertex 20.3826 74.0058 4
      vertex 20.3667 73.7717 4.8
      vertex 20.3667 73.7717 4
    endloop
  endfacet
  facet normal 0.997755 0.0669691 0
    outer loop
      vertex 20.3826 74.0058 4.8
      vertex 20.3668 74.2412 4
      vertex 20.3668 74.2412 4.8
    endloop
  endfacet
  facet normal 0.997755 0.0669691 0
    outer loop
      vertex 20.3668 74.2412 4
      vertex 20.3826 74.0058 4.8
      vertex 20.3826 74.0058 4
    endloop
  endfacet
  facet normal 0.975993 0.217802 0
    outer loop
      vertex 20.3668 74.2412 4.8
      vertex 20.3192 74.4545 4
      vertex 20.3192 74.4545 4.8
    endloop
  endfacet
  facet normal 0.975993 0.217802 0
    outer loop
      vertex 20.3192 74.4545 4
      vertex 20.3668 74.2412 4.8
      vertex 20.3668 74.2412 4
    endloop
  endfacet
  facet normal 0.923391 0.38386 0
    outer loop
      vertex 20.3192 74.4545 4.8
      vertex 20.2398 74.6455 4
      vertex 20.2398 74.6455 4.8
    endloop
  endfacet
  facet normal 0.923391 0.38386 0
    outer loop
      vertex 20.2398 74.6455 4
      vertex 20.3192 74.4545 4.8
      vertex 20.3192 74.4545 4
    endloop
  endfacet
  facet normal 0.835309 0.54978 0
    outer loop
      vertex 20.2398 74.6455 4.8
      vertex 20.1287 74.8143 4
      vertex 20.1287 74.8143 4.8
    endloop
  endfacet
  facet normal 0.835309 0.54978 0
    outer loop
      vertex 20.1287 74.8143 4
      vertex 20.2398 74.6455 4.8
      vertex 20.2398 74.6455 4
    endloop
  endfacet
  facet normal 0.71633 0.697762 0
    outer loop
      vertex 20.1287 74.8143 4.8
      vertex 19.9859 74.9609 4
      vertex 19.9859 74.9609 4.8
    endloop
  endfacet
  facet normal 0.71633 0.697762 0
    outer loop
      vertex 19.9859 74.9609 4
      vertex 20.1287 74.8143 4.8
      vertex 20.1287 74.8143 4
    endloop
  endfacet
  facet normal 0.5789 0.815399 -0
    outer loop
      vertex 19.9859 74.9609 4
      vertex 19.8142 75.0828 4.8
      vertex 19.9859 74.9609 4.8
    endloop
  endfacet
  facet normal 0.5789 0.815399 0
    outer loop
      vertex 19.8142 75.0828 4.8
      vertex 19.9859 74.9609 4
      vertex 19.8142 75.0828 4
    endloop
  endfacet
  facet normal 0.43239 0.901687 -0
    outer loop
      vertex 19.8142 75.0828 4
      vertex 19.6163 75.1777 4.8
      vertex 19.8142 75.0828 4.8
    endloop
  endfacet
  facet normal 0.43239 0.901687 0
    outer loop
      vertex 19.6163 75.1777 4.8
      vertex 19.8142 75.0828 4
      vertex 19.6163 75.1777 4
    endloop
  endfacet
  facet normal 0.289699 0.957118 -0
    outer loop
      vertex 19.6163 75.1777 4
      vertex 19.3923 75.2455 4.8
      vertex 19.6163 75.1777 4.8
    endloop
  endfacet
  facet normal 0.289699 0.957118 0
    outer loop
      vertex 19.3923 75.2455 4.8
      vertex 19.6163 75.1777 4
      vertex 19.3923 75.2455 4
    endloop
  endfacet
  facet normal 0.160237 0.987078 -0
    outer loop
      vertex 19.3923 75.2455 4
      vertex 19.1422 75.2861 4.8
      vertex 19.3923 75.2455 4.8
    endloop
  endfacet
  facet normal 0.160237 0.987078 0
    outer loop
      vertex 19.1422 75.2861 4.8
      vertex 19.3923 75.2455 4
      vertex 19.1422 75.2861 4
    endloop
  endfacet
  facet normal 0.0491801 0.99879 -0
    outer loop
      vertex 19.1422 75.2861 4
      vertex 18.866 75.2997 4.8
      vertex 19.1422 75.2861 4.8
    endloop
  endfacet
  facet normal 0.0491801 0.99879 0
    outer loop
      vertex 18.866 75.2997 4.8
      vertex 19.1422 75.2861 4
      vertex 18.866 75.2997 4
    endloop
  endfacet
  facet normal 0 1 -0
    outer loop
      vertex 18.866 75.2997 4
      vertex 17.0565 75.2997 4.8
      vertex 18.866 75.2997 4.8
    endloop
  endfacet
  facet normal 0 1 0
    outer loop
      vertex 17.0565 75.2997 4.8
      vertex 18.866 75.2997 4
      vertex 17.0565 75.2997 4
    endloop
  endfacet
  facet normal -1 0 0
    outer loop
      vertex 17.0565 71 4
      vertex 17.0565 75.2997 4.8
      vertex 17.0565 75.2997 4
    endloop
  endfacet
  facet normal -1 -0 0
    outer loop
      vertex 17.0565 75.2997 4.8
      vertex 17.0565 71 4
      vertex 17.0565 71 4.8
    endloop
  endfacet
  facet normal 0 -1 0
    outer loop
      vertex 17.0565 71 4
      vertex 17.6393 71 4.8
      vertex 17.0565 71 4.8
    endloop
  endfacet
  facet normal 0 -1 -0
    outer loop
      vertex 17.6393 71 4.8
      vertex 17.0565 71 4
      vertex 17.6393 71 4
    endloop
  endfacet
  facet normal 1 -0 0
    outer loop
      vertex 17.6393 71 4.8
      vertex 17.6393 72.6753 4
      vertex 17.6393 72.6753 4.8
    endloop
  endfacet
  facet normal 1 0 0
    outer loop
      vertex 17.6393 72.6753 4
      vertex 17.6393 71 4.8
      vertex 17.6393 71 4
    endloop
  endfacet
  facet normal 1 -0 0
    outer loop
      vertex 17.6393 73.1361 4.8
      vertex 17.6393 74.8328 4
      vertex 17.6393 74.8328 4.8
    endloop
  endfacet
  facet normal 1 0 0
    outer loop
      vertex 17.6393 74.8328 4
      vertex 17.6393 73.1361 4.8
      vertex 17.6393 73.1361 4
    endloop
  endfacet
  facet normal 0 -1 0
    outer loop
      vertex 17.6393 74.8328 4
      vertex 18.7959 74.8328 4.8
      vertex 17.6393 74.8328 4.8
    endloop
  endfacet
  facet normal 0 -1 -0
    outer loop
      vertex 18.7959 74.8328 4.8
      vertex 17.6393 74.8328 4
      vertex 18.7959 74.8328 4
    endloop
  endfacet
  facet normal -0.0920308 -0.995756 0
    outer loop
      vertex 18.7959 74.8328 4
      vertex 19.1562 74.7995 4.8
      vertex 18.7959 74.8328 4.8
    endloop
  endfacet
  facet normal -0.0920308 -0.995756 -0
    outer loop
      vertex 19.1562 74.7995 4.8
      vertex 18.7959 74.8328 4
      vertex 19.1562 74.7995 4
    endloop
  endfacet
  facet normal -0.336123 -0.941818 0
    outer loop
      vertex 19.1562 74.7995 4
      vertex 19.4364 74.6995 4.8
      vertex 19.1562 74.7995 4.8
    endloop
  endfacet
  facet normal -0.336123 -0.941818 -0
    outer loop
      vertex 19.4364 74.6995 4.8
      vertex 19.1562 74.7995 4
      vertex 19.4364 74.6995 4
    endloop
  endfacet
  facet normal -0.639656 -0.768662 0
    outer loop
      vertex 19.4364 74.6995 4
      vertex 19.6366 74.5329 4.8
      vertex 19.4364 74.6995 4.8
    endloop
  endfacet
  facet normal -0.639656 -0.768662 -0
    outer loop
      vertex 19.6366 74.5329 4.8
      vertex 19.4364 74.6995 4
      vertex 19.6366 74.5329 4
    endloop
  endfacet
  facet normal -0.889106 -0.457701 0
    outer loop
      vertex 19.7567 74.2996 4
      vertex 19.6366 74.5329 4.8
      vertex 19.6366 74.5329 4
    endloop
  endfacet
  facet normal -0.889106 -0.457701 0
    outer loop
      vertex 19.6366 74.5329 4.8
      vertex 19.7567 74.2996 4
      vertex 19.7567 74.2996 4.8
    endloop
  endfacet
  facet normal -0.991179 -0.132532 0
    outer loop
      vertex 19.7968 73.9997 4
      vertex 19.7567 74.2996 4.8
      vertex 19.7567 74.2996 4
    endloop
  endfacet
  facet normal -0.991179 -0.132532 0
    outer loop
      vertex 19.7567 74.2996 4.8
      vertex 19.7968 73.9997 4
      vertex 19.7968 73.9997 4.8
    endloop
  endfacet
  facet normal -0.992184 0.124781 0
    outer loop
      vertex 19.7577 73.6888 4
      vertex 19.7968 73.9997 4.8
      vertex 19.7968 73.9997 4
    endloop
  endfacet
  facet normal -0.992184 0.124781 0
    outer loop
      vertex 19.7968 73.9997 4.8
      vertex 19.7577 73.6888 4
      vertex 19.7577 73.6888 4.8
    endloop
  endfacet
  facet normal -0.899867 0.436164 0
    outer loop
      vertex 19.6405 73.447 4
      vertex 19.7577 73.6888 4.8
      vertex 19.7577 73.6888 4
    endloop
  endfacet
  facet normal -0.899867 0.436164 0
    outer loop
      vertex 19.7577 73.6888 4.8
      vertex 19.6405 73.447 4
      vertex 19.6405 73.447 4.8
    endloop
  endfacet
  facet normal -0.662433 0.749121 0
    outer loop
      vertex 19.6405 73.447 4
      vertex 19.4452 73.2743 4.8
      vertex 19.6405 73.447 4.8
    endloop
  endfacet
  facet normal -0.662433 0.749121 0
    outer loop
      vertex 19.4452 73.2743 4.8
      vertex 19.6405 73.447 4
      vertex 19.4452 73.2743 4
    endloop
  endfacet
  facet normal -0.354644 0.935001 0
    outer loop
      vertex 19.4452 73.2743 4
      vertex 19.1718 73.1706 4.8
      vertex 19.4452 73.2743 4.8
    endloop
  endfacet
  facet normal -0.354644 0.935001 0
    outer loop
      vertex 19.1718 73.1706 4.8
      vertex 19.4452 73.2743 4
      vertex 19.1718 73.1706 4
    endloop
  endfacet
  facet normal -0.0976814 0.995218 0
    outer loop
      vertex 19.1718 73.1706 4
      vertex 18.8203 73.1361 4.8
      vertex 19.1718 73.1706 4.8
    endloop
  endfacet
  facet normal -0.0976814 0.995218 0
    outer loop
      vertex 18.8203 73.1361 4.8
      vertex 19.1718 73.1706 4
      vertex 18.8203 73.1361 4
    endloop
  endfacet
  facet normal 0 1 -0
    outer loop
      vertex 18.8203 73.1361 4
      vertex 17.6393 73.1361 4.8
      vertex 18.8203 73.1361 4.8
    endloop
  endfacet
  facet normal 0 1 0
    outer loop
      vertex 17.6393 73.1361 4.8
      vertex 18.8203 73.1361 4
      vertex 17.6393 73.1361 4
    endloop
  endfacet
  facet normal 0 -1 0
    outer loop
      vertex 21.7103 72.9927 4
      vertex 24.0356 72.9927 4.8
      vertex 21.7103 72.9927 4.8
    endloop
  endfacet
  facet normal 0 -1 -0
    outer loop
      vertex 24.0356 72.9927 4.8
      vertex 21.7103 72.9927 4
      vertex 24.0356 72.9927 4
    endloop
  endfacet
  facet normal -1 0 0
    outer loop
      vertex 24.0356 71 4
      vertex 24.0356 72.9927 4.8
      vertex 24.0356 72.9927 4
    endloop
  endfacet
  facet normal -1 -0 0
    outer loop
      vertex 24.0356 72.9927 4.8
      vertex 24.0356 71 4
      vertex 24.0356 71 4.8
    endloop
  endfacet
  facet normal 0 -1 0
    outer loop
      vertex 24.0356 71 4
      vertex 24.6184 71 4.8
      vertex 24.0356 71 4.8
    endloop
  endfacet
  facet normal 0 -1 -0
    outer loop
      vertex 24.6184 71 4.8
      vertex 24.0356 71 4
      vertex 24.6184 71 4
    endloop
  endfacet
  facet normal 1 -0 0
    outer loop
      vertex 24.6184 71 4.8
      vertex 24.6184 75.2997 4
      vertex 24.6184 75.2997 4.8
    endloop
  endfacet
  facet normal 1 0 0
    outer loop
      vertex 24.6184 75.2997 4
      vertex 24.6184 71 4.8
      vertex 24.6184 71 4
    endloop
  endfacet
  facet normal 0 1 -0
    outer loop
      vertex 24.6184 75.2997 4
      vertex 24.0356 75.2997 4.8
      vertex 24.6184 75.2997 4.8
    endloop
  endfacet
  facet normal 0 1 0
    outer loop
      vertex 24.0356 75.2997 4.8
      vertex 24.6184 75.2997 4
      vertex 24.0356 75.2997 4
    endloop
  endfacet
  facet normal -1 0 0
    outer loop
      vertex 24.0356 73.4809 4
      vertex 24.0356 75.2997 4.8
      vertex 24.0356 75.2997 4
    endloop
  endfacet
  facet normal -1 -0 0
    outer loop
      vertex 24.0356 75.2997 4.8
      vertex 24.0356 73.4809 4
      vertex 24.0356 73.4809 4.8
    endloop
  endfacet
  facet normal 0 1 -0
    outer loop
      vertex 24.0356 73.4809 4
      vertex 21.7103 73.4809 4.8
      vertex 24.0356 73.4809 4.8
    endloop
  endfacet
  facet normal 0 1 0
    outer loop
      vertex 21.7103 73.4809 4.8
      vertex 24.0356 73.4809 4
      vertex 21.7103 73.4809 4
    endloop
  endfacet
  facet normal 1 -0 0
    outer loop
      vertex 21.7103 73.4809 4.8
      vertex 21.7103 75.2997 4
      vertex 21.7103 75.2997 4.8
    endloop
  endfacet
  facet normal 1 0 0
    outer loop
      vertex 21.7103 75.2997 4
      vertex 21.7103 73.4809 4.8
      vertex 21.7103 73.4809 4
    endloop
  endfacet
  facet normal 0 1 -0
    outer loop
      vertex 21.7103 75.2997 4
      vertex 21.1275 75.2997 4.8
      vertex 21.7103 75.2997 4.8
    endloop
  endfacet
  facet normal 0 1 0
    outer loop
      vertex 21.1275 75.2997 4.8
      vertex 21.7103 75.2997 4
      vertex 21.1275 75.2997 4
    endloop
  endfacet
  facet normal -1 0 0
    outer loop
      vertex 21.1275 71 4
      vertex 21.1275 75.2997 4.8
      vertex 21.1275 75.2997 4
    endloop
  endfacet
  facet normal -1 -0 0
    outer loop
      vertex 21.1275 75.2997 4.8
      vertex 21.1275 71 4
      vertex 21.1275 71 4.8
    endloop
  endfacet
  facet normal 0 -1 0
    outer loop
      vertex 21.1275 71 4
      vertex 21.7103 71 4.8
      vertex 21.1275 71 4.8
    endloop
  endfacet
  facet normal 0 -1 -0
    outer loop
      vertex 21.7103 71 4.8
      vertex 21.1275 71 4
      vertex 21.7103 71 4
    endloop
  endfacet
  facet normal 1 -0 0
    outer loop
      vertex 21.7103 71 4.8
      vertex 21.7103 72.9927 4
      vertex 21.7103 72.9927 4.8
    endloop
  endfacet
  facet normal 1 0 0
    outer loop
      vertex 21.7103 72.9927 4
      vertex 21.7103 71 4.8
      vertex 21.7103 71 4
    endloop
  endfacet
  facet normal 0 1 -0
    outer loop
      vertex 10.2112 72.9042 4
      vertex 8.68544 72.9042 4.8
      vertex 10.2112 72.9042 4.8
    endloop
  endfacet
  facet normal 0 1 0
    outer loop
      vertex 8.68544 72.9042 4.8
      vertex 10.2112 72.9042 4
      vertex 8.68544 72.9042 4
    endloop
  endfacet
  facet normal -1 0 0
    outer loop
      vertex 8.68544 72.4159 4
      vertex 8.68544 72.9042 4.8
      vertex 8.68544 72.9042 4
    endloop
  endfacet
  facet normal -1 -0 0
    outer loop
      vertex 8.68544 72.9042 4.8
      vertex 8.68544 72.4159 4
      vertex 8.68544 72.4159 4.8
    endloop
  endfacet
  facet normal 0 -1 0
    outer loop
      vertex 8.68544 72.4159 4
      vertex 10.2112 72.4159 4.8
      vertex 8.68544 72.4159 4.8
    endloop
  endfacet
  facet normal 0 -1 -0
    outer loop
      vertex 10.2112 72.4159 4.8
      vertex 8.68544 72.4159 4
      vertex 10.2112 72.4159 4
    endloop
  endfacet
  facet normal 1 -0 0
    outer loop
      vertex 10.2112 72.4159 4.8
      vertex 10.2112 72.9042 4
      vertex 10.2112 72.9042 4.8
    endloop
  endfacet
  facet normal 1 0 0
    outer loop
      vertex 10.2112 72.9042 4
      vertex 10.2112 72.4159 4.8
      vertex 10.2112 72.4159 4
    endloop
  endfacet
endsolid OpenSCAD_Model
