solid OpenSCAD_Model
  facet normal 1 -0 0
    outer loop
      vertex 90 0 10
      vertex 90 28 0
      vertex 90 28 10
    endloop
  endfacet
  facet normal 1 0 0
    outer loop
      vertex 90 28 0
      vertex 90 0 10
      vertex 90 0 0
    endloop
  endfacet
  facet normal 0 0 1
    outer loop
      vertex 17.2475 2.76422 10
      vertex 15.594 4.05753 10
      vertex 15.594 2.76422 10
    endloop
  endfacet
  facet normal 0 0 1
    outer loop
      vertex 12.2846 4.05753 10
      vertex 10.4297 2.92783 10
      vertex 12.2846 1 10
    endloop
  endfacet
  facet normal -0 0 1
    outer loop
      vertex 10.39 2.81325 10
      vertex 12.2846 1 10
      vertex 10.4297 2.92783 10
    endloop
  endfacet
  facet normal -0 0 1
    outer loop
      vertex 10.3344 2.70735 10
      vertex 12.2846 1 10
      vertex 10.39 2.81325 10
    endloop
  endfacet
  facet normal 0 0 1
    outer loop
      vertex 12.2846 1 10
      vertex 10.3344 2.70735 10
      vertex 10.583 1 10
    endloop
  endfacet
  facet normal -0 0 1
    outer loop
      vertex 10.2629 2.61014 10
      vertex 10.583 1 10
      vertex 10.3344 2.70735 10
    endloop
  endfacet
  facet normal -0 0 1
    outer loop
      vertex 10.1775 2.52412 10
      vertex 10.583 1 10
      vertex 10.2629 2.61014 10
    endloop
  endfacet
  facet normal -0 0 1
    outer loop
      vertex 10.08 2.45181 10
      vertex 10.583 1 10
      vertex 10.1775 2.52412 10
    endloop
  endfacet
  facet normal -0 0 1
    outer loop
      vertex 9.97038 2.39322 10
      vertex 10.583 1 10
      vertex 10.08 2.45181 10
    endloop
  endfacet
  facet normal -0 0 1
    outer loop
      vertex 9.84874 2.34834 10
      vertex 10.583 1 10
      vertex 9.97038 2.39322 10
    endloop
  endfacet
  facet normal 0 0 1
    outer loop
      vertex 10.583 1 10
      vertex 9.84874 2.34834 10
      vertex 9.71504 2.31717 10
    endloop
  endfacet
  facet normal -0 0 1
    outer loop
      vertex 5.81027 2.81325 10
      vertex 6.33186 2.35406 10
      vertex 5.84998 2.92783 10
    endloop
  endfacet
  facet normal -0 0 1
    outer loop
      vertex 5.75467 2.70735 10
      vertex 6.33186 2.35406 10
      vertex 5.81027 2.81325 10
    endloop
  endfacet
  facet normal -0 0 1
    outer loop
      vertex 5.6832 2.61014 10
      vertex 6.33186 2.35406 10
      vertex 5.75467 2.70735 10
    endloop
  endfacet
  facet normal -0 0 1
    outer loop
      vertex 5.59773 2.52412 10
      vertex 6.33186 2.35406 10
      vertex 5.6832 2.61014 10
    endloop
  endfacet
  facet normal 0 0 1
    outer loop
      vertex 6.33186 2.35406 10
      vertex 5.59773 2.52412 10
      vertex 6.33186 2.00687 10
    endloop
  endfacet
  facet normal -0 0 1
    outer loop
      vertex 5.50021 2.45181 10
      vertex 6.33186 2.00687 10
      vertex 5.59773 2.52412 10
    endloop
  endfacet
  facet normal -0 0 1
    outer loop
      vertex 5.39064 2.39322 10
      vertex 6.33186 2.00687 10
      vertex 5.50021 2.45181 10
    endloop
  endfacet
  facet normal 0 0 1
    outer loop
      vertex 6.33186 2.00687 10
      vertex 5.39064 2.39322 10
      vertex 6.0033 1 10
    endloop
  endfacet
  facet normal -0 0 1
    outer loop
      vertex 5.269 2.34834 10
      vertex 6.0033 1 10
      vertex 5.39064 2.39322 10
    endloop
  endfacet
  facet normal 0 0 1
    outer loop
      vertex 6.0033 1 10
      vertex 5.269 2.34834 10
      vertex 5.13528 2.31717 10
    endloop
  endfacet
  facet normal 0 0 1
    outer loop
      vertex 17.2475 2.41702 10
      vertex 15.594 2.41702 10
      vertex 17.2475 1 10
    endloop
  endfacet
  facet normal -0 0 1
    outer loop
      vertex 8 5 10
      vertex 17.662 4.05753 10
      vertex 82 5 10
    endloop
  endfacet
  facet normal 0 0 1
    outer loop
      vertex 17.2475 4.05753 10
      vertex 15.594 4.05753 10
      vertex 17.2475 2.76422 10
    endloop
  endfacet
  facet normal 0 0 1
    outer loop
      vertex 17.662 4.05753 10
      vertex 8 5 10
      vertex 17.2475 4.05753 10
    endloop
  endfacet
  facet normal 0 0 1
    outer loop
      vertex 17.2475 4.05753 10
      vertex 8 5 10
      vertex 15.594 4.05753 10
    endloop
  endfacet
  facet normal 0 0 1
    outer loop
      vertex 14.6385 2.97096 10
      vertex 15.1795 4.05753 10
      vertex 14.6499 3.13744 10
    endloop
  endfacet
  facet normal 0 0 1
    outer loop
      vertex 15.1795 4.05753 10
      vertex 14.6386 3.30487 10
      vertex 14.6499 3.13744 10
    endloop
  endfacet
  facet normal 0 0 1
    outer loop
      vertex 15.1795 4.05753 10
      vertex 14.6047 3.45651 10
      vertex 14.6386 3.30487 10
    endloop
  endfacet
  facet normal 0 0 1
    outer loop
      vertex 15.1795 4.05753 10
      vertex 14.5483 3.59235 10
      vertex 14.6047 3.45651 10
    endloop
  endfacet
  facet normal 0 0 1
    outer loop
      vertex 15.1795 4.05753 10
      vertex 14.4693 3.71239 10
      vertex 14.5483 3.59235 10
    endloop
  endfacet
  facet normal 0 0 1
    outer loop
      vertex 15.1795 4.05753 10
      vertex 14.3678 3.81664 10
      vertex 14.4693 3.71239 10
    endloop
  endfacet
  facet normal 0 0 1
    outer loop
      vertex 15.1795 4.05753 10
      vertex 14.2457 3.90335 10
      vertex 14.3678 3.81664 10
    endloop
  endfacet
  facet normal 0 0 1
    outer loop
      vertex 15.1795 4.05753 10
      vertex 14.1049 3.97081 10
      vertex 14.2457 3.90335 10
    endloop
  endfacet
  facet normal 0 0 1
    outer loop
      vertex 15.1795 4.05753 10
      vertex 13.9457 4.01898 10
      vertex 14.1049 3.97081 10
    endloop
  endfacet
  facet normal 0 0 1
    outer loop
      vertex 15.1795 4.05753 10
      vertex 13.7678 4.0479 10
      vertex 13.9457 4.01898 10
    endloop
  endfacet
  facet normal 0 0 1
    outer loop
      vertex 15.594 4.05753 10
      vertex 8 5 10
      vertex 15.1795 4.05753 10
    endloop
  endfacet
  facet normal 0 -0 1
    outer loop
      vertex 13.5714 4.05753 10
      vertex 15.1795 4.05753 10
      vertex 8 5 10
    endloop
  endfacet
  facet normal 0 0 1
    outer loop
      vertex 15.1795 4.05753 10
      vertex 13.5714 4.05753 10
      vertex 13.7678 4.0479 10
    endloop
  endfacet
  facet normal 0 0 1
    outer loop
      vertex 10.4536 3.05107 10
      vertex 12.2846 4.05753 10
      vertex 10.4615 3.183 10
    endloop
  endfacet
  facet normal 0 0 1
    outer loop
      vertex 10.4297 2.92783 10
      vertex 12.2846 4.05753 10
      vertex 10.4536 3.05107 10
    endloop
  endfacet
  facet normal 0 0 1
    outer loop
      vertex 12.2846 4.05753 10
      vertex 10.4503 3.34068 10
      vertex 10.4615 3.183 10
    endloop
  endfacet
  facet normal 0 0 1
    outer loop
      vertex 12.2846 4.05753 10
      vertex 10.4165 3.48386 10
      vertex 10.4503 3.34068 10
    endloop
  endfacet
  facet normal 0 0 1
    outer loop
      vertex 12.2846 4.05753 10
      vertex 10.3603 3.61255 10
      vertex 10.4165 3.48386 10
    endloop
  endfacet
  facet normal 0 0 1
    outer loop
      vertex 12.2846 4.05753 10
      vertex 10.2816 3.72673 10
      vertex 10.3603 3.61255 10
    endloop
  endfacet
  facet normal 0 0 1
    outer loop
      vertex 12.2846 4.05753 10
      vertex 10.1805 3.82643 10
      vertex 10.2816 3.72673 10
    endloop
  endfacet
  facet normal 0 0 1
    outer loop
      vertex 12.2846 4.05753 10
      vertex 10.0587 3.90962 10
      vertex 10.1805 3.82643 10
    endloop
  endfacet
  facet normal 0 0 1
    outer loop
      vertex 12.2846 4.05753 10
      vertex 9.918 3.97433 10
      vertex 10.0587 3.90962 10
    endloop
  endfacet
  facet normal 0 0 1
    outer loop
      vertex 12.2846 4.05753 10
      vertex 9.75851 4.02055 10
      vertex 9.918 3.97433 10
    endloop
  endfacet
  facet normal 0 0 1
    outer loop
      vertex 8 5 10
      vertex 9.75851 4.02055 10
      vertex 12.2846 4.05753 10
    endloop
  endfacet
  facet normal 0 0 1
    outer loop
      vertex 13.5714 4.05753 10
      vertex 8 5 10
      vertex 12.2846 4.05753 10
    endloop
  endfacet
  facet normal 0 0 1
    outer loop
      vertex 9.75851 4.02055 10
      vertex 8 5 10
      vertex 9.58018 4.04828 10
    endloop
  endfacet
  facet normal 0 0 1
    outer loop
      vertex 9.58018 4.04828 10
      vertex 8 5 10
      vertex 9.38301 4.05753 10
    endloop
  endfacet
  facet normal 0 0 1
    outer loop
      vertex 9.38301 4.05753 10
      vertex 8 5 10
      vertex 7.94432 4.05753 10
    endloop
  endfacet
  facet normal 0 0 1
    outer loop
      vertex 90 28 10
      vertex 82 10 10
      vertex 90 0 10
    endloop
  endfacet
  facet normal 0 0 1
    outer loop
      vertex 90 28 10
      vertex 8 10 10
      vertex 82 10 10
    endloop
  endfacet
  facet normal 0 0 1
    outer loop
      vertex 5.00043 4.04828 10
      vertex 8 5 10
      vertex 8 10 10
    endloop
  endfacet
  facet normal 0 0 1
    outer loop
      vertex 7.94432 4.05753 10
      vertex 7.41687 2.35406 10
      vertex 7.94432 1 10
    endloop
  endfacet
  facet normal 0 -0 1
    outer loop
      vertex 5.47891 3.90962 10
      vertex 8 5 10
      vertex 5.33826 3.97433 10
    endloop
  endfacet
  facet normal 0 -0 1
    outer loop
      vertex 5.78058 3.61255 10
      vertex 7.94432 4.05753 10
      vertex 5.7019 3.72673 10
    endloop
  endfacet
  facet normal -0 0 1
    outer loop
      vertex 5.87381 3.05107 10
      vertex 6.33186 2.35406 10
      vertex 5.88176 3.183 10
    endloop
  endfacet
  facet normal 0 0 1
    outer loop
      vertex 7.94432 4.05753 10
      vertex 5.87051 3.34068 10
      vertex 7.41687 2.35406 10
    endloop
  endfacet
  facet normal -0 0 1
    outer loop
      vertex 5.84998 2.92783 10
      vertex 6.33186 2.35406 10
      vertex 5.87381 3.05107 10
    endloop
  endfacet
  facet normal 0 0 1
    outer loop
      vertex 7.41687 2.35406 10
      vertex 5.88176 3.183 10
      vertex 6.33186 2.35406 10
    endloop
  endfacet
  facet normal -0 -0 1
    outer loop
      vertex 5.88176 3.183 10
      vertex 7.41687 2.35406 10
      vertex 5.87051 3.34068 10
    endloop
  endfacet
  facet normal 0 -0 1
    outer loop
      vertex 5.87051 3.34068 10
      vertex 7.94432 4.05753 10
      vertex 5.83679 3.48386 10
    endloop
  endfacet
  facet normal 0 -0 1
    outer loop
      vertex 5.83679 3.48386 10
      vertex 7.94432 4.05753 10
      vertex 5.78058 3.61255 10
    endloop
  endfacet
  facet normal 0 0 1
    outer loop
      vertex 8 5 10
      vertex 5.7019 3.72673 10
      vertex 7.94432 4.05753 10
    endloop
  endfacet
  facet normal 0 -0 1
    outer loop
      vertex 5.7019 3.72673 10
      vertex 8 5 10
      vertex 5.60072 3.82643 10
    endloop
  endfacet
  facet normal 0 -0 1
    outer loop
      vertex 5.60072 3.82643 10
      vertex 8 5 10
      vertex 5.47891 3.90962 10
    endloop
  endfacet
  facet normal 0 0 1
    outer loop
      vertex 8 5 10
      vertex 5.17876 4.02055 10
      vertex 5.33826 3.97433 10
    endloop
  endfacet
  facet normal 0 0 1
    outer loop
      vertex 8 5 10
      vertex 5.00043 4.04828 10
      vertex 5.17876 4.02055 10
    endloop
  endfacet
  facet normal 0 0 1
    outer loop
      vertex 8 10 10
      vertex 4.80325 4.05753 10
      vertex 5.00043 4.04828 10
    endloop
  endfacet
  facet normal 0 0 1
    outer loop
      vertex 8 10 10
      vertex 3.36456 4.05753 10
      vertex 4.80325 4.05753 10
    endloop
  endfacet
  facet normal 0 0 1
    outer loop
      vertex 0 0 10
      vertex 3.36456 4.05753 10
      vertex 0 28 10
    endloop
  endfacet
  facet normal 0 0 1
    outer loop
      vertex 8 10 10
      vertex 0 28 10
      vertex 3.36456 4.05753 10
    endloop
  endfacet
  facet normal -0 0 1
    outer loop
      vertex 0 28 10
      vertex 8 10 10
      vertex 90 28 10
    endloop
  endfacet
  facet normal -0 0 1
    outer loop
      vertex 82 5 10
      vertex 90 0 10
      vertex 82 10 10
    endloop
  endfacet
  facet normal 0 0 1
    outer loop
      vertex 17.662 1 10
      vertex 82 5 10
      vertex 17.662 4.05753 10
    endloop
  endfacet
  facet normal 0 0 1
    outer loop
      vertex 82 5 10
      vertex 17.662 1 10
      vertex 90 0 10
    endloop
  endfacet
  facet normal 0 0 1
    outer loop
      vertex 0 0 10
      vertex 17.662 1 10
      vertex 17.2475 1 10
    endloop
  endfacet
  facet normal 0 0 1
    outer loop
      vertex 15.594 1 10
      vertex 17.2475 1 10
      vertex 15.594 2.41702 10
    endloop
  endfacet
  facet normal 0 0 1
    outer loop
      vertex 0 0 10
      vertex 17.2475 1 10
      vertex 15.594 1 10
    endloop
  endfacet
  facet normal 0 0 1
    outer loop
      vertex 0 0 10
      vertex 15.594 1 10
      vertex 15.1795 1 10
    endloop
  endfacet
  facet normal 0 0 1
    outer loop
      vertex 15.1795 4.05753 10
      vertex 14.6385 2.97096 10
      vertex 15.1795 1 10
    endloop
  endfacet
  facet normal -0 0 1
    outer loop
      vertex 14.6046 2.81871 10
      vertex 15.1795 1 10
      vertex 14.6385 2.97096 10
    endloop
  endfacet
  facet normal -0 0 1
    outer loop
      vertex 14.5479 2.68071 10
      vertex 15.1795 1 10
      vertex 14.6046 2.81871 10
    endloop
  endfacet
  facet normal -0 0 1
    outer loop
      vertex 14.4686 2.55693 10
      vertex 15.1795 1 10
      vertex 14.5479 2.68071 10
    endloop
  endfacet
  facet normal -0 0 1
    outer loop
      vertex 14.3667 2.44739 10
      vertex 15.1795 1 10
      vertex 14.4686 2.55693 10
    endloop
  endfacet
  facet normal -0 0 1
    outer loop
      vertex 14.2453 2.35519 10
      vertex 15.1795 1 10
      vertex 14.3667 2.44739 10
    endloop
  endfacet
  facet normal -0 0 1
    outer loop
      vertex 14.1077 2.28351 10
      vertex 15.1795 1 10
      vertex 14.2453 2.35519 10
    endloop
  endfacet
  facet normal -0 0 1
    outer loop
      vertex 13.9538 2.23228 10
      vertex 15.1795 1 10
      vertex 14.1077 2.28351 10
    endloop
  endfacet
  facet normal -0 0 1
    outer loop
      vertex 13.7838 2.20157 10
      vertex 15.1795 1 10
      vertex 13.9538 2.23228 10
    endloop
  endfacet
  facet normal 0 0 1
    outer loop
      vertex 12.6991 1 10
      vertex 13.7838 2.20157 10
      vertex 13.5974 2.19131 10
    endloop
  endfacet
  facet normal 0 0 1
    outer loop
      vertex 12.6991 1 10
      vertex 13.5974 2.19131 10
      vertex 12.6991 2.19131 10
    endloop
  endfacet
  facet normal 0 0 1
    outer loop
      vertex 13.7838 2.20157 10
      vertex 12.6991 1 10
      vertex 15.1795 1 10
    endloop
  endfacet
  facet normal 0 0 1
    outer loop
      vertex 0 0 10
      vertex 15.1795 1 10
      vertex 12.6991 1 10
    endloop
  endfacet
  facet normal 0 0 1
    outer loop
      vertex 0 0 10
      vertex 12.6991 1 10
      vertex 12.2846 1 10
    endloop
  endfacet
  facet normal 0 0 1
    outer loop
      vertex 0 0 10
      vertex 12.2846 1 10
      vertex 10.583 1 10
    endloop
  endfacet
  facet normal 0 0 1
    outer loop
      vertex 0 0 10
      vertex 10.583 1 10
      vertex 10.1056 1 10
    endloop
  endfacet
  facet normal 0 0 1
    outer loop
      vertex 8.35878 1 10
      vertex 9.31139 2.26944 10
      vertex 8.35878 2.26944 10
    endloop
  endfacet
  facet normal 0 0 1
    outer loop
      vertex 9.31139 2.26944 10
      vertex 8.35878 1 10
      vertex 10.1056 1 10
    endloop
  endfacet
  facet normal 0 0 1
    outer loop
      vertex 0 0 10
      vertex 10.1056 1 10
      vertex 8.35878 1 10
    endloop
  endfacet
  facet normal 0 0 1
    outer loop
      vertex 0 0 10
      vertex 8.35878 1 10
      vertex 7.94432 1 10
    endloop
  endfacet
  facet normal -0 0 1
    outer loop
      vertex 7.41687 2.00687 10
      vertex 7.94432 1 10
      vertex 7.41687 2.35406 10
    endloop
  endfacet
  facet normal 0 0 1
    outer loop
      vertex 6.0033 1 10
      vertex 7.41687 2.00687 10
      vertex 6.33186 2.00687 10
    endloop
  endfacet
  facet normal 0 0 1
    outer loop
      vertex 7.41687 2.00687 10
      vertex 6.0033 1 10
      vertex 7.94432 1 10
    endloop
  endfacet
  facet normal 0 0 1
    outer loop
      vertex 0 0 10
      vertex 7.94432 1 10
      vertex 6.0033 1 10
    endloop
  endfacet
  facet normal 0 0 1
    outer loop
      vertex 0 0 10
      vertex 6.0033 1 10
      vertex 5.52588 1 10
    endloop
  endfacet
  facet normal 0 0 1
    outer loop
      vertex 3.77904 1 10
      vertex 4.73164 2.26944 10
      vertex 3.77904 2.26944 10
    endloop
  endfacet
  facet normal 0 0 1
    outer loop
      vertex 4.73164 2.26944 10
      vertex 3.77904 1 10
      vertex 5.52588 1 10
    endloop
  endfacet
  facet normal 0 0 1
    outer loop
      vertex 0 0 10
      vertex 5.52588 1 10
      vertex 3.77904 1 10
    endloop
  endfacet
  facet normal 0 0 1
    outer loop
      vertex 0 0 10
      vertex 3.77904 1 10
      vertex 3.36456 1 10
    endloop
  endfacet
  facet normal 0 0 1
    outer loop
      vertex 17.662 1 10
      vertex 0 0 10
      vertex 90 0 10
    endloop
  endfacet
  facet normal 0 0 1
    outer loop
      vertex 3.36456 4.05753 10
      vertex 0 0 10
      vertex 3.36456 1 10
    endloop
  endfacet
  facet normal 0 0 1
    outer loop
      vertex 5.11343 3.67514 10
      vertex 5.46512 3.17868 10
      vertex 5.45787 3.28036 10
    endloop
  endfacet
  facet normal 0 0 1
    outer loop
      vertex 5.46512 3.17868 10
      vertex 5.11343 3.67514 10
      vertex 5.45795 3.07335 10
    endloop
  endfacet
  facet normal 0 0 1
    outer loop
      vertex 5.20505 3.63596 10
      vertex 5.45787 3.28036 10
      vertex 5.43611 3.3719 10
    endloop
  endfacet
  facet normal 0 -0 1
    outer loop
      vertex 5.11908 2.65219 10
      vertex 5.45795 3.07335 10
      vertex 5.11343 3.67514 10
    endloop
  endfacet
  facet normal 0 0 1
    outer loop
      vertex 5.28389 3.58556 10
      vertex 5.43611 3.3719 10
      vertex 5.39987 3.45328 10
    endloop
  endfacet
  facet normal 0 0 1
    outer loop
      vertex 5.45787 3.28036 10
      vertex 5.20505 3.63596 10
      vertex 5.11343 3.67514 10
    endloop
  endfacet
  facet normal 0 0 1
    outer loop
      vertex 5.28389 3.58556 10
      vertex 5.39987 3.45328 10
      vertex 5.34914 3.52449 10
    endloop
  endfacet
  facet normal 0 -0 1
    outer loop
      vertex 5.20853 2.69502 10
      vertex 5.45795 3.07335 10
      vertex 5.11908 2.65219 10
    endloop
  endfacet
  facet normal 0 0 1
    outer loop
      vertex 5.43611 3.3719 10
      vertex 5.28389 3.58556 10
      vertex 5.20505 3.63596 10
    endloop
  endfacet
  facet normal 0 0 1
    outer loop
      vertex 5.43646 2.97783 10
      vertex 5.20853 2.69502 10
      vertex 5.40067 2.89211 10
    endloop
  endfacet
  facet normal 0 0 1
    outer loop
      vertex 5.40067 2.89211 10
      vertex 5.28607 2.75011 10
      vertex 5.35052 2.81621 10
    endloop
  endfacet
  facet normal 0 0 1
    outer loop
      vertex 5.40067 2.89211 10
      vertex 5.20853 2.69502 10
      vertex 5.28607 2.75011 10
    endloop
  endfacet
  facet normal 0 0 1
    outer loop
      vertex 5.45795 3.07335 10
      vertex 5.20853 2.69502 10
      vertex 5.43646 2.97783 10
    endloop
  endfacet
  facet normal 0 0 1
    outer loop
      vertex 5.00906 3.70314 10
      vertex 5.11908 2.65219 10
      vertex 5.11343 3.67514 10
    endloop
  endfacet
  facet normal 0 0 1
    outer loop
      vertex 5.11908 2.65219 10
      vertex 5.00906 3.70314 10
      vertex 5.01775 2.6216 10
    endloop
  endfacet
  facet normal 0 0 1
    outer loop
      vertex 5.00906 3.70314 10
      vertex 4.90451 2.60323 10
      vertex 5.01775 2.6216 10
    endloop
  endfacet
  facet normal 0 0 1
    outer loop
      vertex 4.89194 3.71992 10
      vertex 4.90451 2.60323 10
      vertex 5.00906 3.70314 10
    endloop
  endfacet
  facet normal 0 0 1
    outer loop
      vertex 4.89194 3.71992 10
      vertex 4.77939 2.59711 10
      vertex 4.90451 2.60323 10
    endloop
  endfacet
  facet normal 0 0 1
    outer loop
      vertex 4.76204 3.72552 10
      vertex 4.77939 2.59711 10
      vertex 4.89194 3.71992 10
    endloop
  endfacet
  facet normal 0 0 1
    outer loop
      vertex 3.77904 2.59711 10
      vertex 4.76204 3.72552 10
      vertex 3.77904 3.72552 10
    endloop
  endfacet
  facet normal 0 0 1
    outer loop
      vertex 4.76204 3.72552 10
      vertex 3.77904 2.59711 10
      vertex 4.77939 2.59711 10
    endloop
  endfacet
  facet normal 0 0 1
    outer loop
      vertex 9.69318 3.67514 10
      vertex 10.0449 3.17868 10
      vertex 10.0376 3.28036 10
    endloop
  endfacet
  facet normal 0 0 1
    outer loop
      vertex 10.0449 3.17868 10
      vertex 9.69318 3.67514 10
      vertex 10.0377 3.07335 10
    endloop
  endfacet
  facet normal 0 0 1
    outer loop
      vertex 9.78479 3.63596 10
      vertex 10.0376 3.28036 10
      vertex 10.0159 3.3719 10
    endloop
  endfacet
  facet normal 0 -0 1
    outer loop
      vertex 9.69882 2.65219 10
      vertex 10.0377 3.07335 10
      vertex 9.69318 3.67514 10
    endloop
  endfacet
  facet normal 0 0 1
    outer loop
      vertex 9.86365 3.58556 10
      vertex 10.0159 3.3719 10
      vertex 9.97963 3.45328 10
    endloop
  endfacet
  facet normal 0 0 1
    outer loop
      vertex 10.0376 3.28036 10
      vertex 9.78479 3.63596 10
      vertex 9.69318 3.67514 10
    endloop
  endfacet
  facet normal 0 0 1
    outer loop
      vertex 9.86365 3.58556 10
      vertex 9.97963 3.45328 10
      vertex 9.92888 3.52449 10
    endloop
  endfacet
  facet normal 0 -0 1
    outer loop
      vertex 9.78827 2.69502 10
      vertex 10.0377 3.07335 10
      vertex 9.69882 2.65219 10
    endloop
  endfacet
  facet normal 0 0 1
    outer loop
      vertex 10.0159 3.3719 10
      vertex 9.86365 3.58556 10
      vertex 9.78479 3.63596 10
    endloop
  endfacet
  facet normal 0 0 1
    outer loop
      vertex 10.0162 2.97783 10
      vertex 9.78827 2.69502 10
      vertex 9.98041 2.89211 10
    endloop
  endfacet
  facet normal 0 0 1
    outer loop
      vertex 9.98041 2.89211 10
      vertex 9.86583 2.75011 10
      vertex 9.93028 2.81621 10
    endloop
  endfacet
  facet normal 0 0 1
    outer loop
      vertex 9.98041 2.89211 10
      vertex 9.78827 2.69502 10
      vertex 9.86583 2.75011 10
    endloop
  endfacet
  facet normal 0 0 1
    outer loop
      vertex 10.0377 3.07335 10
      vertex 9.78827 2.69502 10
      vertex 10.0162 2.97783 10
    endloop
  endfacet
  facet normal 0 0 1
    outer loop
      vertex 9.58881 3.70314 10
      vertex 9.69882 2.65219 10
      vertex 9.69318 3.67514 10
    endloop
  endfacet
  facet normal 0 0 1
    outer loop
      vertex 9.69882 2.65219 10
      vertex 9.58881 3.70314 10
      vertex 9.59749 2.6216 10
    endloop
  endfacet
  facet normal 0 0 1
    outer loop
      vertex 9.58881 3.70314 10
      vertex 9.48425 2.60323 10
      vertex 9.59749 2.6216 10
    endloop
  endfacet
  facet normal 0 0 1
    outer loop
      vertex 9.47168 3.71992 10
      vertex 9.48425 2.60323 10
      vertex 9.58881 3.70314 10
    endloop
  endfacet
  facet normal 0 0 1
    outer loop
      vertex 9.47168 3.71992 10
      vertex 9.35913 2.59711 10
      vertex 9.48425 2.60323 10
    endloop
  endfacet
  facet normal 0 0 1
    outer loop
      vertex 9.3418 3.72552 10
      vertex 9.35913 2.59711 10
      vertex 9.47168 3.71992 10
    endloop
  endfacet
  facet normal 0 0 1
    outer loop
      vertex 8.35878 2.59711 10
      vertex 9.3418 3.72552 10
      vertex 8.35878 3.72552 10
    endloop
  endfacet
  facet normal 0 0 1
    outer loop
      vertex 9.3418 3.72552 10
      vertex 8.35878 2.59711 10
      vertex 9.35913 2.59711 10
    endloop
  endfacet
  facet normal 0 0 1
    outer loop
      vertex 13.7777 3.70183 10
      vertex 14.2332 3.13312 10
      vertex 14.2048 3.34637 10
    endloop
  endfacet
  facet normal 0 -0 1
    outer loop
      vertex 13.7888 2.54356 10
      vertex 14.2332 3.13312 10
      vertex 13.7777 3.70183 10
    endloop
  endfacet
  facet normal 0 0 1
    outer loop
      vertex 13.977 3.63074 10
      vertex 14.2048 3.34637 10
      vertex 14.1194 3.51225 10
    endloop
  endfacet
  facet normal 0 0 1
    outer loop
      vertex 14.2048 3.34637 10
      vertex 13.977 3.63074 10
      vertex 13.7777 3.70183 10
    endloop
  endfacet
  facet normal 0 0 1
    outer loop
      vertex 14.2332 3.13312 10
      vertex 13.7888 2.54356 10
      vertex 14.2055 2.91203 10
    endloop
  endfacet
  facet normal 0 0 1
    outer loop
      vertex 14.2055 2.91203 10
      vertex 13.9833 2.61726 10
      vertex 14.1221 2.74008 10
    endloop
  endfacet
  facet normal 0 -0 1
    outer loop
      vertex 13.9833 2.61726 10
      vertex 14.2055 2.91203 10
      vertex 13.7888 2.54356 10
    endloop
  endfacet
  facet normal 0 0 1
    outer loop
      vertex 13.7777 3.70183 10
      vertex 13.5388 2.519 10
      vertex 13.7888 2.54356 10
    endloop
  endfacet
  facet normal 0 0 1
    outer loop
      vertex 13.5215 3.72552 10
      vertex 13.5388 2.519 10
      vertex 13.7777 3.70183 10
    endloop
  endfacet
  facet normal 0 0 1
    outer loop
      vertex 12.6991 2.519 10
      vertex 13.5215 3.72552 10
      vertex 12.6991 3.72552 10
    endloop
  endfacet
  facet normal 0 0 1
    outer loop
      vertex 13.5215 3.72552 10
      vertex 12.6991 2.519 10
      vertex 13.5388 2.519 10
    endloop
  endfacet
  facet normal 0 0 -1
    outer loop
      vertex 0 0 0
      vertex 90 28 0
      vertex 90 0 0
    endloop
  endfacet
  facet normal -0 0 -1
    outer loop
      vertex 90 28 0
      vertex 0 0 0
      vertex 0 28 0
    endloop
  endfacet
  facet normal -1 0 0
    outer loop
      vertex 0 0 0
      vertex 0 28 10
      vertex 0 28 0
    endloop
  endfacet
  facet normal -1 -0 0
    outer loop
      vertex 0 28 10
      vertex 0 0 0
      vertex 0 0 10
    endloop
  endfacet
  facet normal 0 1 -0
    outer loop
      vertex 90 28 0
      vertex 0 28 10
      vertex 90 28 10
    endloop
  endfacet
  facet normal 0 1 0
    outer loop
      vertex 0 28 10
      vertex 90 28 0
      vertex 0 28 0
    endloop
  endfacet
  facet normal 0 -1 0
    outer loop
      vertex 0 0 0
      vertex 90 0 10
      vertex 0 0 10
    endloop
  endfacet
  facet normal 0 -1 -0
    outer loop
      vertex 90 0 10
      vertex 0 0 0
      vertex 90 0 0
    endloop
  endfacet
  facet normal -1 0 0
    outer loop
      vertex 82 5 1.2
      vertex 82 10 10
      vertex 82 10 1.2
    endloop
  endfacet
  facet normal -1 -0 0
    outer loop
      vertex 82 10 10
      vertex 82 5 1.2
      vertex 82 5 10
    endloop
  endfacet
  facet normal -0 0 1
    outer loop
      vertex 8 10 1.2
      vertex 82 5 1.2
      vertex 82 10 1.2
    endloop
  endfacet
  facet normal 0 0 1
    outer loop
      vertex 82 5 1.2
      vertex 8 10 1.2
      vertex 8 5 1.2
    endloop
  endfacet
  facet normal 1 -0 0
    outer loop
      vertex 8 5 10
      vertex 8 10 1.2
      vertex 8 10 10
    endloop
  endfacet
  facet normal 1 0 0
    outer loop
      vertex 8 10 1.2
      vertex 8 5 10
      vertex 8 5 1.2
    endloop
  endfacet
  facet normal 0 -1 0
    outer loop
      vertex 8 10 1.2
      vertex 82 10 10
      vertex 8 10 10
    endloop
  endfacet
  facet normal 0 -1 -0
    outer loop
      vertex 82 10 10
      vertex 8 10 1.2
      vertex 82 10 1.2
    endloop
  endfacet
  facet normal 0 1 -0
    outer loop
      vertex 82 5 1.2
      vertex 8 5 10
      vertex 82 5 10
    endloop
  endfacet
  facet normal 0 1 0
    outer loop
      vertex 8 5 10
      vertex 82 5 1.2
      vertex 8 5 1.2
    endloop
  endfacet
  facet normal -1 0 0
    outer loop
      vertex 82 14 2
      vertex 82 22 9
      vertex 82 22 2
    endloop
  endfacet
  facet normal -1 -0 0
    outer loop
      vertex 82 22 9
      vertex 82 14 2
      vertex 82 14 9
    endloop
  endfacet
  facet normal 0 0 -1
    outer loop
      vertex 8 14 9
      vertex 82 22 9
      vertex 82 14 9
    endloop
  endfacet
  facet normal -0 0 -1
    outer loop
      vertex 82 22 9
      vertex 8 14 9
      vertex 8 22 9
    endloop
  endfacet
  facet normal -0 0 1
    outer loop
      vertex 8 22 2
      vertex 82 14 2
      vertex 82 22 2
    endloop
  endfacet
  facet normal 0 0 1
    outer loop
      vertex 82 14 2
      vertex 8 22 2
      vertex 8 14 2
    endloop
  endfacet
  facet normal 1 -0 0
    outer loop
      vertex 8 14 9
      vertex 8 22 2
      vertex 8 22 9
    endloop
  endfacet
  facet normal 1 0 0
    outer loop
      vertex 8 22 2
      vertex 8 14 9
      vertex 8 14 2
    endloop
  endfacet
  facet normal 0 -1 0
    outer loop
      vertex 8 22 2
      vertex 82 22 9
      vertex 8 22 9
    endloop
  endfacet
  facet normal 0 -1 -0
    outer loop
      vertex 82 22 9
      vertex 8 22 2
      vertex 82 22 2
    endloop
  endfacet
  facet normal 0 1 -0
    outer loop
      vertex 82 14 2
      vertex 8 14 9
      vertex 82 14 9
    endloop
  endfacet
  facet normal 0 1 0
    outer loop
      vertex 8 14 9
      vertex 82 14 2
      vertex 8 14 2
    endloop
  endfacet
  facet normal -1 0 0
    outer loop
      vertex 82 23 2
      vertex 82 26 9
      vertex 82 26 2
    endloop
  endfacet
  facet normal -1 -0 0
    outer loop
      vertex 82 26 9
      vertex 82 23 2
      vertex 82 23 9
    endloop
  endfacet
  facet normal 0 0 -1
    outer loop
      vertex 8 23 9
      vertex 82 26 9
      vertex 82 23 9
    endloop
  endfacet
  facet normal -0 0 -1
    outer loop
      vertex 82 26 9
      vertex 8 23 9
      vertex 8 26 9
    endloop
  endfacet
  facet normal -0 0 1
    outer loop
      vertex 8 26 2
      vertex 82 23 2
      vertex 82 26 2
    endloop
  endfacet
  facet normal 0 0 1
    outer loop
      vertex 82 23 2
      vertex 8 26 2
      vertex 8 23 2
    endloop
  endfacet
  facet normal 1 -0 0
    outer loop
      vertex 8 23 9
      vertex 8 26 2
      vertex 8 26 9
    endloop
  endfacet
  facet normal 1 0 0
    outer loop
      vertex 8 26 2
      vertex 8 23 9
      vertex 8 23 2
    endloop
  endfacet
  facet normal 0 -1 0
    outer loop
      vertex 8 26 2
      vertex 82 26 9
      vertex 8 26 9
    endloop
  endfacet
  facet normal 0 -1 -0
    outer loop
      vertex 82 26 9
      vertex 8 26 2
      vertex 82 26 2
    endloop
  endfacet
  facet normal 0 1 -0
    outer loop
      vertex 82 23 2
      vertex 8 23 9
      vertex 82 23 9
    endloop
  endfacet
  facet normal 0 1 0
    outer loop
      vertex 8 23 9
      vertex 82 23 2
      vertex 8 23 2
    endloop
  endfacet
  facet normal 0 0 1
    outer loop
      vertex 5.88176 3.183 10.8
      vertex 5.45787 3.28036 10.8
      vertex 5.46512 3.17868 10.8
    endloop
  endfacet
  facet normal 0 0 1
    outer loop
      vertex 5.60072 3.82643 10.8
      vertex 5.43611 3.3719 10.8
      vertex 5.45787 3.28036 10.8
    endloop
  endfacet
  facet normal 0 0 1
    outer loop
      vertex 5.60072 3.82643 10.8
      vertex 5.39987 3.45328 10.8
      vertex 5.43611 3.3719 10.8
    endloop
  endfacet
  facet normal 0 0 1
    outer loop
      vertex 5.60072 3.82643 10.8
      vertex 5.34914 3.52449 10.8
      vertex 5.39987 3.45328 10.8
    endloop
  endfacet
  facet normal 0 0 1
    outer loop
      vertex 5.20505 3.63596 10.8
      vertex 5.47891 3.90962 10.8
      vertex 5.33826 3.97433 10.8
    endloop
  endfacet
  facet normal 0 0 1
    outer loop
      vertex 5.60072 3.82643 10.8
      vertex 5.28389 3.58556 10.8
      vertex 5.34914 3.52449 10.8
    endloop
  endfacet
  facet normal 0 0 1
    outer loop
      vertex 5.47891 3.90962 10.8
      vertex 5.20505 3.63596 10.8
      vertex 5.28389 3.58556 10.8
    endloop
  endfacet
  facet normal 0 0 1
    outer loop
      vertex 5.11343 3.67514 10.8
      vertex 5.33826 3.97433 10.8
      vertex 5.17876 4.02055 10.8
    endloop
  endfacet
  facet normal 0 0 1
    outer loop
      vertex 5.33826 3.97433 10.8
      vertex 5.11343 3.67514 10.8
      vertex 5.20505 3.63596 10.8
    endloop
  endfacet
  facet normal 0 0 1
    outer loop
      vertex 5.17876 4.02055 10.8
      vertex 5.00906 3.70314 10.8
      vertex 5.11343 3.67514 10.8
    endloop
  endfacet
  facet normal 0 0 1
    outer loop
      vertex 5.00043 4.04828 10.8
      vertex 5.00906 3.70314 10.8
      vertex 5.17876 4.02055 10.8
    endloop
  endfacet
  facet normal 0 0 1
    outer loop
      vertex 5.00043 4.04828 10.8
      vertex 4.89194 3.71992 10.8
      vertex 5.00906 3.70314 10.8
    endloop
  endfacet
  facet normal 0 0 1
    outer loop
      vertex 4.80325 4.05753 10.8
      vertex 4.89194 3.71992 10.8
      vertex 5.00043 4.04828 10.8
    endloop
  endfacet
  facet normal 0 0 1
    outer loop
      vertex 4.80325 4.05753 10.8
      vertex 4.76204 3.72552 10.8
      vertex 4.89194 3.71992 10.8
    endloop
  endfacet
  facet normal 0 0 1
    outer loop
      vertex 4.80325 4.05753 10.8
      vertex 3.77904 3.72552 10.8
      vertex 4.76204 3.72552 10.8
    endloop
  endfacet
  facet normal 0 0 1
    outer loop
      vertex 3.36456 4.05753 10.8
      vertex 3.77904 2.59711 10.8
      vertex 3.77904 3.72552 10.8
    endloop
  endfacet
  facet normal 0 0 1
    outer loop
      vertex 3.36456 1 10.8
      vertex 3.77904 2.59711 10.8
      vertex 3.36456 4.05753 10.8
    endloop
  endfacet
  facet normal -0 0 1
    outer loop
      vertex 3.36456 4.05753 10.8
      vertex 3.77904 3.72552 10.8
      vertex 4.80325 4.05753 10.8
    endloop
  endfacet
  facet normal 0 0 1
    outer loop
      vertex 3.77904 2.59711 10.8
      vertex 3.36456 1 10.8
      vertex 3.77904 2.26944 10.8
    endloop
  endfacet
  facet normal 0 0 1
    outer loop
      vertex 3.77904 2.26944 10.8
      vertex 3.36456 1 10.8
      vertex 3.77904 1 10.8
    endloop
  endfacet
  facet normal -0 0 1
    outer loop
      vertex 5.45787 3.28036 10.8
      vertex 5.88176 3.183 10.8
      vertex 5.87051 3.34068 10.8
    endloop
  endfacet
  facet normal 0 0 1
    outer loop
      vertex 5.88176 3.183 10.8
      vertex 5.46512 3.17868 10.8
      vertex 5.87381 3.05107 10.8
    endloop
  endfacet
  facet normal 0 0 1
    outer loop
      vertex 5.45787 3.28036 10.8
      vertex 5.87051 3.34068 10.8
      vertex 5.83679 3.48386 10.8
    endloop
  endfacet
  facet normal -0 0 1
    outer loop
      vertex 5.45795 3.07335 10.8
      vertex 5.87381 3.05107 10.8
      vertex 5.46512 3.17868 10.8
    endloop
  endfacet
  facet normal 0 0 1
    outer loop
      vertex 5.45787 3.28036 10.8
      vertex 5.83679 3.48386 10.8
      vertex 5.78058 3.61255 10.8
    endloop
  endfacet
  facet normal 0 0 1
    outer loop
      vertex 5.87381 3.05107 10.8
      vertex 5.45795 3.07335 10.8
      vertex 5.84998 2.92783 10.8
    endloop
  endfacet
  facet normal 0 0 1
    outer loop
      vertex 5.45787 3.28036 10.8
      vertex 5.78058 3.61255 10.8
      vertex 5.7019 3.72673 10.8
    endloop
  endfacet
  facet normal -0 0 1
    outer loop
      vertex 5.43646 2.97783 10.8
      vertex 5.84998 2.92783 10.8
      vertex 5.45795 3.07335 10.8
    endloop
  endfacet
  facet normal 0 0 1
    outer loop
      vertex 5.45787 3.28036 10.8
      vertex 5.7019 3.72673 10.8
      vertex 5.60072 3.82643 10.8
    endloop
  endfacet
  facet normal 0 0 1
    outer loop
      vertex 5.84998 2.92783 10.8
      vertex 5.43646 2.97783 10.8
      vertex 5.81027 2.81325 10.8
    endloop
  endfacet
  facet normal -0 0 1
    outer loop
      vertex 5.40067 2.89211 10.8
      vertex 5.81027 2.81325 10.8
      vertex 5.43646 2.97783 10.8
    endloop
  endfacet
  facet normal 0 0 1
    outer loop
      vertex 5.28389 3.58556 10.8
      vertex 5.60072 3.82643 10.8
      vertex 5.47891 3.90962 10.8
    endloop
  endfacet
  facet normal 0 0 1
    outer loop
      vertex 5.81027 2.81325 10.8
      vertex 5.40067 2.89211 10.8
      vertex 5.75467 2.70735 10.8
    endloop
  endfacet
  facet normal 0 0 1
    outer loop
      vertex 5.75467 2.70735 10.8
      vertex 5.40067 2.89211 10.8
      vertex 5.6832 2.61014 10.8
    endloop
  endfacet
  facet normal -0 0 1
    outer loop
      vertex 5.35052 2.81621 10.8
      vertex 5.6832 2.61014 10.8
      vertex 5.40067 2.89211 10.8
    endloop
  endfacet
  facet normal 0 0 1
    outer loop
      vertex 5.6832 2.61014 10.8
      vertex 5.35052 2.81621 10.8
      vertex 5.59773 2.52412 10.8
    endloop
  endfacet
  facet normal -0 0 1
    outer loop
      vertex 5.28607 2.75011 10.8
      vertex 5.59773 2.52412 10.8
      vertex 5.35052 2.81621 10.8
    endloop
  endfacet
  facet normal 0 0 1
    outer loop
      vertex 5.59773 2.52412 10.8
      vertex 5.28607 2.75011 10.8
      vertex 5.50021 2.45181 10.8
    endloop
  endfacet
  facet normal 0 0 1
    outer loop
      vertex 5.50021 2.45181 10.8
      vertex 5.28607 2.75011 10.8
      vertex 5.39064 2.39322 10.8
    endloop
  endfacet
  facet normal -0 0 1
    outer loop
      vertex 5.20853 2.69502 10.8
      vertex 5.39064 2.39322 10.8
      vertex 5.28607 2.75011 10.8
    endloop
  endfacet
  facet normal 0 0 1
    outer loop
      vertex 5.39064 2.39322 10.8
      vertex 5.20853 2.69502 10.8
      vertex 5.269 2.34834 10.8
    endloop
  endfacet
  facet normal -0 0 1
    outer loop
      vertex 5.11908 2.65219 10.8
      vertex 5.269 2.34834 10.8
      vertex 5.20853 2.69502 10.8
    endloop
  endfacet
  facet normal 0 0 1
    outer loop
      vertex 5.269 2.34834 10.8
      vertex 5.11908 2.65219 10.8
      vertex 5.13528 2.31717 10.8
    endloop
  endfacet
  facet normal 0 0 1
    outer loop
      vertex 5.13528 2.31717 10.8
      vertex 5.52588 1 10.8
      vertex 6.0033 1 10.8
    endloop
  endfacet
  facet normal -0 0 1
    outer loop
      vertex 5.01775 2.6216 10.8
      vertex 5.13528 2.31717 10.8
      vertex 5.11908 2.65219 10.8
    endloop
  endfacet
  facet normal -0 0 1
    outer loop
      vertex 4.90451 2.60323 10.8
      vertex 5.13528 2.31717 10.8
      vertex 5.01775 2.6216 10.8
    endloop
  endfacet
  facet normal 0 0 1
    outer loop
      vertex 5.13528 2.31717 10.8
      vertex 4.90451 2.60323 10.8
      vertex 4.73164 2.26944 10.8
    endloop
  endfacet
  facet normal 0 0 1
    outer loop
      vertex 4.73164 2.26944 10.8
      vertex 4.90451 2.60323 10.8
      vertex 4.77939 2.59711 10.8
    endloop
  endfacet
  facet normal 0 0 1
    outer loop
      vertex 5.13528 2.31717 10.8
      vertex 4.73164 2.26944 10.8
      vertex 5.52588 1 10.8
    endloop
  endfacet
  facet normal -0 0 1
    outer loop
      vertex 3.77904 2.59711 10.8
      vertex 4.73164 2.26944 10.8
      vertex 4.77939 2.59711 10.8
    endloop
  endfacet
  facet normal 0 0 1
    outer loop
      vertex 4.73164 2.26944 10.8
      vertex 3.77904 2.59711 10.8
      vertex 3.77904 2.26944 10.8
    endloop
  endfacet
  facet normal 0 0 1
    outer loop
      vertex 10.4615 3.183 10.8
      vertex 10.0376 3.28036 10.8
      vertex 10.0449 3.17868 10.8
    endloop
  endfacet
  facet normal 0 0 1
    outer loop
      vertex 10.1805 3.82643 10.8
      vertex 10.0159 3.3719 10.8
      vertex 10.0376 3.28036 10.8
    endloop
  endfacet
  facet normal 0 0 1
    outer loop
      vertex 10.1805 3.82643 10.8
      vertex 9.97963 3.45328 10.8
      vertex 10.0159 3.3719 10.8
    endloop
  endfacet
  facet normal 0 0 1
    outer loop
      vertex 10.1805 3.82643 10.8
      vertex 9.92888 3.52449 10.8
      vertex 9.97963 3.45328 10.8
    endloop
  endfacet
  facet normal 0 0 1
    outer loop
      vertex 9.78479 3.63596 10.8
      vertex 10.0587 3.90962 10.8
      vertex 9.918 3.97433 10.8
    endloop
  endfacet
  facet normal 0 0 1
    outer loop
      vertex 10.1805 3.82643 10.8
      vertex 9.86365 3.58556 10.8
      vertex 9.92888 3.52449 10.8
    endloop
  endfacet
  facet normal 0 0 1
    outer loop
      vertex 10.0587 3.90962 10.8
      vertex 9.78479 3.63596 10.8
      vertex 9.86365 3.58556 10.8
    endloop
  endfacet
  facet normal 0 0 1
    outer loop
      vertex 9.69318 3.67514 10.8
      vertex 9.918 3.97433 10.8
      vertex 9.75851 4.02055 10.8
    endloop
  endfacet
  facet normal 0 0 1
    outer loop
      vertex 9.918 3.97433 10.8
      vertex 9.69318 3.67514 10.8
      vertex 9.78479 3.63596 10.8
    endloop
  endfacet
  facet normal 0 0 1
    outer loop
      vertex 9.75851 4.02055 10.8
      vertex 9.58881 3.70314 10.8
      vertex 9.69318 3.67514 10.8
    endloop
  endfacet
  facet normal 0 0 1
    outer loop
      vertex 9.58018 4.04828 10.8
      vertex 9.58881 3.70314 10.8
      vertex 9.75851 4.02055 10.8
    endloop
  endfacet
  facet normal 0 0 1
    outer loop
      vertex 9.58018 4.04828 10.8
      vertex 9.47168 3.71992 10.8
      vertex 9.58881 3.70314 10.8
    endloop
  endfacet
  facet normal 0 0 1
    outer loop
      vertex 9.38301 4.05753 10.8
      vertex 9.47168 3.71992 10.8
      vertex 9.58018 4.04828 10.8
    endloop
  endfacet
  facet normal 0 0 1
    outer loop
      vertex 9.38301 4.05753 10.8
      vertex 9.3418 3.72552 10.8
      vertex 9.47168 3.71992 10.8
    endloop
  endfacet
  facet normal 0 0 1
    outer loop
      vertex 9.38301 4.05753 10.8
      vertex 8.35878 3.72552 10.8
      vertex 9.3418 3.72552 10.8
    endloop
  endfacet
  facet normal 0 0 1
    outer loop
      vertex 7.94432 4.05753 10.8
      vertex 8.35878 2.59711 10.8
      vertex 8.35878 3.72552 10.8
    endloop
  endfacet
  facet normal 0 0 1
    outer loop
      vertex 7.94432 1 10.8
      vertex 8.35878 2.59711 10.8
      vertex 7.94432 4.05753 10.8
    endloop
  endfacet
  facet normal -0 0 1
    outer loop
      vertex 7.94432 4.05753 10.8
      vertex 8.35878 3.72552 10.8
      vertex 9.38301 4.05753 10.8
    endloop
  endfacet
  facet normal 0 0 1
    outer loop
      vertex 8.35878 2.59711 10.8
      vertex 7.94432 1 10.8
      vertex 8.35878 2.26944 10.8
    endloop
  endfacet
  facet normal 0 0 1
    outer loop
      vertex 8.35878 2.26944 10.8
      vertex 7.94432 1 10.8
      vertex 8.35878 1 10.8
    endloop
  endfacet
  facet normal -0 0 1
    outer loop
      vertex 10.0376 3.28036 10.8
      vertex 10.4615 3.183 10.8
      vertex 10.4503 3.34068 10.8
    endloop
  endfacet
  facet normal 0 0 1
    outer loop
      vertex 10.4615 3.183 10.8
      vertex 10.0449 3.17868 10.8
      vertex 10.4536 3.05107 10.8
    endloop
  endfacet
  facet normal 0 0 1
    outer loop
      vertex 10.0376 3.28036 10.8
      vertex 10.4503 3.34068 10.8
      vertex 10.4165 3.48386 10.8
    endloop
  endfacet
  facet normal -0 0 1
    outer loop
      vertex 10.0377 3.07335 10.8
      vertex 10.4536 3.05107 10.8
      vertex 10.0449 3.17868 10.8
    endloop
  endfacet
  facet normal 0 0 1
    outer loop
      vertex 10.0376 3.28036 10.8
      vertex 10.4165 3.48386 10.8
      vertex 10.3603 3.61255 10.8
    endloop
  endfacet
  facet normal 0 0 1
    outer loop
      vertex 10.4536 3.05107 10.8
      vertex 10.0377 3.07335 10.8
      vertex 10.4297 2.92783 10.8
    endloop
  endfacet
  facet normal 0 0 1
    outer loop
      vertex 10.0376 3.28036 10.8
      vertex 10.3603 3.61255 10.8
      vertex 10.2816 3.72673 10.8
    endloop
  endfacet
  facet normal -0 0 1
    outer loop
      vertex 10.0162 2.97783 10.8
      vertex 10.4297 2.92783 10.8
      vertex 10.0377 3.07335 10.8
    endloop
  endfacet
  facet normal 0 0 1
    outer loop
      vertex 10.0376 3.28036 10.8
      vertex 10.2816 3.72673 10.8
      vertex 10.1805 3.82643 10.8
    endloop
  endfacet
  facet normal 0 0 1
    outer loop
      vertex 10.4297 2.92783 10.8
      vertex 10.0162 2.97783 10.8
      vertex 10.39 2.81325 10.8
    endloop
  endfacet
  facet normal -0 0 1
    outer loop
      vertex 9.98041 2.89211 10.8
      vertex 10.39 2.81325 10.8
      vertex 10.0162 2.97783 10.8
    endloop
  endfacet
  facet normal 0 0 1
    outer loop
      vertex 9.86365 3.58556 10.8
      vertex 10.1805 3.82643 10.8
      vertex 10.0587 3.90962 10.8
    endloop
  endfacet
  facet normal 0 0 1
    outer loop
      vertex 10.39 2.81325 10.8
      vertex 9.98041 2.89211 10.8
      vertex 10.3344 2.70735 10.8
    endloop
  endfacet
  facet normal 0 0 1
    outer loop
      vertex 10.3344 2.70735 10.8
      vertex 9.98041 2.89211 10.8
      vertex 10.2629 2.61014 10.8
    endloop
  endfacet
  facet normal -0 0 1
    outer loop
      vertex 9.93028 2.81621 10.8
      vertex 10.2629 2.61014 10.8
      vertex 9.98041 2.89211 10.8
    endloop
  endfacet
  facet normal 0 0 1
    outer loop
      vertex 10.2629 2.61014 10.8
      vertex 9.93028 2.81621 10.8
      vertex 10.1775 2.52412 10.8
    endloop
  endfacet
  facet normal -0 0 1
    outer loop
      vertex 9.86583 2.75011 10.8
      vertex 10.1775 2.52412 10.8
      vertex 9.93028 2.81621 10.8
    endloop
  endfacet
  facet normal 0 0 1
    outer loop
      vertex 10.1775 2.52412 10.8
      vertex 9.86583 2.75011 10.8
      vertex 10.08 2.45181 10.8
    endloop
  endfacet
  facet normal 0 0 1
    outer loop
      vertex 10.08 2.45181 10.8
      vertex 9.86583 2.75011 10.8
      vertex 9.97038 2.39322 10.8
    endloop
  endfacet
  facet normal -0 0 1
    outer loop
      vertex 9.78827 2.69502 10.8
      vertex 9.97038 2.39322 10.8
      vertex 9.86583 2.75011 10.8
    endloop
  endfacet
  facet normal 0 0 1
    outer loop
      vertex 9.97038 2.39322 10.8
      vertex 9.78827 2.69502 10.8
      vertex 9.84874 2.34834 10.8
    endloop
  endfacet
  facet normal -0 0 1
    outer loop
      vertex 9.69882 2.65219 10.8
      vertex 9.84874 2.34834 10.8
      vertex 9.78827 2.69502 10.8
    endloop
  endfacet
  facet normal 0 0 1
    outer loop
      vertex 9.84874 2.34834 10.8
      vertex 9.69882 2.65219 10.8
      vertex 9.71504 2.31717 10.8
    endloop
  endfacet
  facet normal 0 0 1
    outer loop
      vertex 9.71504 2.31717 10.8
      vertex 10.1056 1 10.8
      vertex 10.583 1 10.8
    endloop
  endfacet
  facet normal -0 0 1
    outer loop
      vertex 9.59749 2.6216 10.8
      vertex 9.71504 2.31717 10.8
      vertex 9.69882 2.65219 10.8
    endloop
  endfacet
  facet normal -0 0 1
    outer loop
      vertex 9.48425 2.60323 10.8
      vertex 9.71504 2.31717 10.8
      vertex 9.59749 2.6216 10.8
    endloop
  endfacet
  facet normal 0 0 1
    outer loop
      vertex 9.71504 2.31717 10.8
      vertex 9.48425 2.60323 10.8
      vertex 9.31139 2.26944 10.8
    endloop
  endfacet
  facet normal 0 0 1
    outer loop
      vertex 9.31139 2.26944 10.8
      vertex 9.48425 2.60323 10.8
      vertex 9.35913 2.59711 10.8
    endloop
  endfacet
  facet normal 0 0 1
    outer loop
      vertex 9.71504 2.31717 10.8
      vertex 9.31139 2.26944 10.8
      vertex 10.1056 1 10.8
    endloop
  endfacet
  facet normal -0 0 1
    outer loop
      vertex 8.35878 2.59711 10.8
      vertex 9.31139 2.26944 10.8
      vertex 9.35913 2.59711 10.8
    endloop
  endfacet
  facet normal 0 0 1
    outer loop
      vertex 9.31139 2.26944 10.8
      vertex 8.35878 2.59711 10.8
      vertex 8.35878 2.26944 10.8
    endloop
  endfacet
  facet normal -0 0 1
    outer loop
      vertex 6.33186 2.35406 10.8
      vertex 7.41687 2.00687 10.8
      vertex 7.41687 2.35406 10.8
    endloop
  endfacet
  facet normal 0 0 1
    outer loop
      vertex 7.41687 2.00687 10.8
      vertex 6.33186 2.35406 10.8
      vertex 6.33186 2.00687 10.8
    endloop
  endfacet
  facet normal 0 0 1
    outer loop
      vertex 14.2332 3.13312 10.8
      vertex 14.6499 3.13744 10.8
      vertex 14.6386 3.30487 10.8
    endloop
  endfacet
  facet normal -0 0 1
    outer loop
      vertex 14.2048 3.34637 10.8
      vertex 14.6386 3.30487 10.8
      vertex 14.6047 3.45651 10.8
    endloop
  endfacet
  facet normal 0 0 1
    outer loop
      vertex 14.6499 3.13744 10.8
      vertex 14.2332 3.13312 10.8
      vertex 14.6385 2.97096 10.8
    endloop
  endfacet
  facet normal 0 0 1
    outer loop
      vertex 14.2048 3.34637 10.8
      vertex 14.6047 3.45651 10.8
      vertex 14.5483 3.59235 10.8
    endloop
  endfacet
  facet normal 0 0 1
    outer loop
      vertex 14.2055 2.91203 10.8
      vertex 14.6385 2.97096 10.8
      vertex 14.2332 3.13312 10.8
    endloop
  endfacet
  facet normal 0 0 1
    outer loop
      vertex 14.1194 3.51225 10.8
      vertex 14.5483 3.59235 10.8
      vertex 14.4693 3.71239 10.8
    endloop
  endfacet
  facet normal 0 0 1
    outer loop
      vertex 14.6385 2.97096 10.8
      vertex 14.2055 2.91203 10.8
      vertex 14.6046 2.81871 10.8
    endloop
  endfacet
  facet normal 0 0 1
    outer loop
      vertex 14.1194 3.51225 10.8
      vertex 14.4693 3.71239 10.8
      vertex 14.3678 3.81664 10.8
    endloop
  endfacet
  facet normal 0 0 1
    outer loop
      vertex 14.6046 2.81871 10.8
      vertex 14.2055 2.91203 10.8
      vertex 14.5479 2.68071 10.8
    endloop
  endfacet
  facet normal 0 0 1
    outer loop
      vertex 14.1194 3.51225 10.8
      vertex 14.3678 3.81664 10.8
      vertex 14.2457 3.90335 10.8
    endloop
  endfacet
  facet normal -0 0 1
    outer loop
      vertex 14.1221 2.74008 10.8
      vertex 14.5479 2.68071 10.8
      vertex 14.2055 2.91203 10.8
    endloop
  endfacet
  facet normal 0 0 1
    outer loop
      vertex 14.5479 2.68071 10.8
      vertex 14.1221 2.74008 10.8
      vertex 14.4686 2.55693 10.8
    endloop
  endfacet
  facet normal 0 0 1
    outer loop
      vertex 14.6386 3.30487 10.8
      vertex 14.2048 3.34637 10.8
      vertex 14.2332 3.13312 10.8
    endloop
  endfacet
  facet normal 0 0 1
    outer loop
      vertex 14.5483 3.59235 10.8
      vertex 14.1194 3.51225 10.8
      vertex 14.2048 3.34637 10.8
    endloop
  endfacet
  facet normal 0 0 1
    outer loop
      vertex 13.977 3.63074 10.8
      vertex 14.2457 3.90335 10.8
      vertex 14.1049 3.97081 10.8
    endloop
  endfacet
  facet normal 0 0 1
    outer loop
      vertex 14.2457 3.90335 10.8
      vertex 13.977 3.63074 10.8
      vertex 14.1194 3.51225 10.8
    endloop
  endfacet
  facet normal 0 0 1
    outer loop
      vertex 13.9457 4.01898 10.8
      vertex 13.977 3.63074 10.8
      vertex 14.1049 3.97081 10.8
    endloop
  endfacet
  facet normal 0 0 1
    outer loop
      vertex 13.9457 4.01898 10.8
      vertex 13.7777 3.70183 10.8
      vertex 13.977 3.63074 10.8
    endloop
  endfacet
  facet normal 0 0 1
    outer loop
      vertex 13.7678 4.0479 10.8
      vertex 13.7777 3.70183 10.8
      vertex 13.9457 4.01898 10.8
    endloop
  endfacet
  facet normal 0 0 1
    outer loop
      vertex 13.5215 3.72552 10.8
      vertex 13.7678 4.0479 10.8
      vertex 13.5714 4.05753 10.8
    endloop
  endfacet
  facet normal 0 0 1
    outer loop
      vertex 13.7678 4.0479 10.8
      vertex 13.5215 3.72552 10.8
      vertex 13.7777 3.70183 10.8
    endloop
  endfacet
  facet normal 0 0 1
    outer loop
      vertex 13.5714 4.05753 10.8
      vertex 12.6991 3.72552 10.8
      vertex 13.5215 3.72552 10.8
    endloop
  endfacet
  facet normal 0 0 1
    outer loop
      vertex 12.2846 4.05753 10.8
      vertex 12.6991 2.519 10.8
      vertex 12.6991 3.72552 10.8
    endloop
  endfacet
  facet normal 0 0 1
    outer loop
      vertex 12.2846 1 10.8
      vertex 12.6991 2.519 10.8
      vertex 12.2846 4.05753 10.8
    endloop
  endfacet
  facet normal -0 0 1
    outer loop
      vertex 12.2846 4.05753 10.8
      vertex 12.6991 3.72552 10.8
      vertex 13.5714 4.05753 10.8
    endloop
  endfacet
  facet normal 0 0 1
    outer loop
      vertex 12.6991 2.519 10.8
      vertex 12.2846 1 10.8
      vertex 12.6991 2.19131 10.8
    endloop
  endfacet
  facet normal 0 0 1
    outer loop
      vertex 12.6991 2.19131 10.8
      vertex 12.2846 1 10.8
      vertex 12.6991 1 10.8
    endloop
  endfacet
  facet normal 0 0 1
    outer loop
      vertex 14.4686 2.55693 10.8
      vertex 14.1221 2.74008 10.8
      vertex 14.3667 2.44739 10.8
    endloop
  endfacet
  facet normal 0 0 1
    outer loop
      vertex 14.3667 2.44739 10.8
      vertex 14.1221 2.74008 10.8
      vertex 14.2453 2.35519 10.8
    endloop
  endfacet
  facet normal -0 0 1
    outer loop
      vertex 13.9833 2.61726 10.8
      vertex 14.2453 2.35519 10.8
      vertex 14.1221 2.74008 10.8
    endloop
  endfacet
  facet normal 0 0 1
    outer loop
      vertex 14.2453 2.35519 10.8
      vertex 13.9833 2.61726 10.8
      vertex 14.1077 2.28351 10.8
    endloop
  endfacet
  facet normal 0 0 1
    outer loop
      vertex 13.9833 2.61726 10.8
      vertex 13.9538 2.23228 10.8
      vertex 14.1077 2.28351 10.8
    endloop
  endfacet
  facet normal -0 0 1
    outer loop
      vertex 13.7888 2.54356 10.8
      vertex 13.9538 2.23228 10.8
      vertex 13.9833 2.61726 10.8
    endloop
  endfacet
  facet normal 0 0 1
    outer loop
      vertex 13.7888 2.54356 10.8
      vertex 13.7838 2.20157 10.8
      vertex 13.9538 2.23228 10.8
    endloop
  endfacet
  facet normal 0 0 1
    outer loop
      vertex 13.7888 2.54356 10.8
      vertex 13.5974 2.19131 10.8
      vertex 13.7838 2.20157 10.8
    endloop
  endfacet
  facet normal -0 0 1
    outer loop
      vertex 13.5388 2.519 10.8
      vertex 13.5974 2.19131 10.8
      vertex 13.7888 2.54356 10.8
    endloop
  endfacet
  facet normal 0 0 1
    outer loop
      vertex 12.6991 2.19131 10.8
      vertex 13.5388 2.519 10.8
      vertex 12.6991 2.519 10.8
    endloop
  endfacet
  facet normal 0 0 1
    outer loop
      vertex 13.5388 2.519 10.8
      vertex 12.6991 2.19131 10.8
      vertex 13.5974 2.19131 10.8
    endloop
  endfacet
  facet normal -0 0 1
    outer loop
      vertex 15.1795 4.05753 10.8
      vertex 15.594 2.76422 10.8
      vertex 15.594 4.05753 10.8
    endloop
  endfacet
  facet normal 0 0 1
    outer loop
      vertex 15.594 2.76422 10.8
      vertex 15.1795 4.05753 10.8
      vertex 15.594 2.41702 10.8
    endloop
  endfacet
  facet normal 0 0 1
    outer loop
      vertex 15.1795 1 10.8
      vertex 15.594 2.41702 10.8
      vertex 15.1795 4.05753 10.8
    endloop
  endfacet
  facet normal 0 0 1
    outer loop
      vertex 15.594 2.41702 10.8
      vertex 15.1795 1 10.8
      vertex 15.594 1 10.8
    endloop
  endfacet
  facet normal -0 0 1
    outer loop
      vertex 15.594 2.76422 10.8
      vertex 17.2475 2.41702 10.8
      vertex 17.2475 2.76422 10.8
    endloop
  endfacet
  facet normal 0 0 1
    outer loop
      vertex 17.2475 2.41702 10.8
      vertex 15.594 2.76422 10.8
      vertex 15.594 2.41702 10.8
    endloop
  endfacet
  facet normal 0 0 1
    outer loop
      vertex 17.2475 2.76422 10.8
      vertex 17.662 4.05753 10.8
      vertex 17.2475 4.05753 10.8
    endloop
  endfacet
  facet normal 0 0 1
    outer loop
      vertex 17.2475 2.41702 10.8
      vertex 17.662 4.05753 10.8
      vertex 17.2475 2.76422 10.8
    endloop
  endfacet
  facet normal 0 0 1
    outer loop
      vertex 17.662 4.05753 10.8
      vertex 17.2475 2.41702 10.8
      vertex 17.662 1 10.8
    endloop
  endfacet
  facet normal 0 0 1
    outer loop
      vertex 17.662 1 10.8
      vertex 17.2475 2.41702 10.8
      vertex 17.2475 1 10.8
    endloop
  endfacet
  facet normal 0 -1 0
    outer loop
      vertex 3.77904 2.26944 10
      vertex 4.73164 2.26944 10.8
      vertex 3.77904 2.26944 10.8
    endloop
  endfacet
  facet normal 0 -1 -0
    outer loop
      vertex 4.73164 2.26944 10.8
      vertex 3.77904 2.26944 10
      vertex 4.73164 2.26944 10
    endloop
  endfacet
  facet normal -0.847746 -0.530402 0
    outer loop
      vertex 5.52588 1 10
      vertex 4.73164 2.26944 10.8
      vertex 4.73164 2.26944 10
    endloop
  endfacet
  facet normal -0.847746 -0.530402 0
    outer loop
      vertex 4.73164 2.26944 10.8
      vertex 5.52588 1 10
      vertex 5.52588 1 10.8
    endloop
  endfacet
  facet normal 0 -1 0
    outer loop
      vertex 5.52588 1 10
      vertex 6.0033 1 10.8
      vertex 5.52588 1 10.8
    endloop
  endfacet
  facet normal 0 -1 -0
    outer loop
      vertex 6.0033 1 10.8
      vertex 5.52588 1 10
      vertex 6.0033 1 10
    endloop
  endfacet
  facet normal 0.834992 0.550263 0
    outer loop
      vertex 6.0033 1 10.8
      vertex 5.13528 2.31717 10
      vertex 5.13528 2.31717 10.8
    endloop
  endfacet
  facet normal 0.834992 0.550263 0
    outer loop
      vertex 5.13528 2.31717 10
      vertex 6.0033 1 10.8
      vertex 6.0033 1 10
    endloop
  endfacet
  facet normal 0.227013 -0.973892 0
    outer loop
      vertex 5.13528 2.31717 10
      vertex 5.269 2.34834 10.8
      vertex 5.13528 2.31717 10.8
    endloop
  endfacet
  facet normal 0.227013 -0.973892 0
    outer loop
      vertex 5.269 2.34834 10.8
      vertex 5.13528 2.31717 10
      vertex 5.269 2.34834 10
    endloop
  endfacet
  facet normal 0.346149 -0.93818 0
    outer loop
      vertex 5.269 2.34834 10
      vertex 5.39064 2.39322 10.8
      vertex 5.269 2.34834 10.8
    endloop
  endfacet
  facet normal 0.346149 -0.93818 0
    outer loop
      vertex 5.39064 2.39322 10.8
      vertex 5.269 2.34834 10
      vertex 5.39064 2.39322 10
    endloop
  endfacet
  facet normal 0.471545 -0.881842 0
    outer loop
      vertex 5.39064 2.39322 10
      vertex 5.50021 2.45181 10.8
      vertex 5.39064 2.39322 10.8
    endloop
  endfacet
  facet normal 0.471545 -0.881842 0
    outer loop
      vertex 5.50021 2.45181 10.8
      vertex 5.39064 2.39322 10
      vertex 5.50021 2.45181 10
    endloop
  endfacet
  facet normal 0.595616 -0.80327 0
    outer loop
      vertex 5.50021 2.45181 10
      vertex 5.59773 2.52412 10.8
      vertex 5.50021 2.45181 10.8
    endloop
  endfacet
  facet normal 0.595616 -0.80327 0
    outer loop
      vertex 5.59773 2.52412 10.8
      vertex 5.50021 2.45181 10
      vertex 5.59773 2.52412 10
    endloop
  endfacet
  facet normal 0.709371 -0.704835 0
    outer loop
      vertex 5.59773 2.52412 10.8
      vertex 5.6832 2.61014 10
      vertex 5.6832 2.61014 10.8
    endloop
  endfacet
  facet normal 0.709371 -0.704835 0
    outer loop
      vertex 5.6832 2.61014 10
      vertex 5.59773 2.52412 10.8
      vertex 5.59773 2.52412 10
    endloop
  endfacet
  facet normal 0.805682 -0.592348 0
    outer loop
      vertex 5.6832 2.61014 10.8
      vertex 5.75467 2.70735 10
      vertex 5.75467 2.70735 10.8
    endloop
  endfacet
  facet normal 0.805682 -0.592348 0
    outer loop
      vertex 5.75467 2.70735 10
      vertex 5.6832 2.61014 10.8
      vertex 5.6832 2.61014 10
    endloop
  endfacet
  facet normal 0.885389 -0.46485 0
    outer loop
      vertex 5.75467 2.70735 10.8
      vertex 5.81027 2.81325 10
      vertex 5.81027 2.81325 10.8
    endloop
  endfacet
  facet normal 0.885389 -0.46485 0
    outer loop
      vertex 5.81027 2.81325 10
      vertex 5.75467 2.70735 10.8
      vertex 5.75467 2.70735 10
    endloop
  endfacet
  facet normal 0.944864 -0.327462 0
    outer loop
      vertex 5.81027 2.81325 10.8
      vertex 5.84998 2.92783 10
      vertex 5.84998 2.92783 10.8
    endloop
  endfacet
  facet normal 0.944864 -0.327462 0
    outer loop
      vertex 5.84998 2.92783 10
      vertex 5.81027 2.81325 10.8
      vertex 5.81027 2.81325 10
    endloop
  endfacet
  facet normal 0.981814 -0.189846 0
    outer loop
      vertex 5.84998 2.92783 10.8
      vertex 5.87381 3.05107 10
      vertex 5.87381 3.05107 10.8
    endloop
  endfacet
  facet normal 0.981814 -0.189846 0
    outer loop
      vertex 5.87381 3.05107 10
      vertex 5.84998 2.92783 10.8
      vertex 5.84998 2.92783 10
    endloop
  endfacet
  facet normal 0.998189 -0.0601501 0
    outer loop
      vertex 5.87381 3.05107 10.8
      vertex 5.88176 3.183 10
      vertex 5.88176 3.183 10.8
    endloop
  endfacet
  facet normal 0.998189 -0.0601501 0
    outer loop
      vertex 5.88176 3.183 10
      vertex 5.87381 3.05107 10.8
      vertex 5.87381 3.05107 10
    endloop
  endfacet
  facet normal 0.997464 0.0711661 0
    outer loop
      vertex 5.88176 3.183 10.8
      vertex 5.87051 3.34068 10
      vertex 5.87051 3.34068 10.8
    endloop
  endfacet
  facet normal 0.997464 0.0711661 0
    outer loop
      vertex 5.87051 3.34068 10
      vertex 5.88176 3.183 10.8
      vertex 5.88176 3.183 10
    endloop
  endfacet
  facet normal 0.973371 0.229236 0
    outer loop
      vertex 5.87051 3.34068 10.8
      vertex 5.83679 3.48386 10
      vertex 5.83679 3.48386 10.8
    endloop
  endfacet
  facet normal 0.973371 0.229236 0
    outer loop
      vertex 5.83679 3.48386 10
      vertex 5.87051 3.34068 10.8
      vertex 5.87051 3.34068 10
    endloop
  endfacet
  facet normal 0.916397 0.40027 0
    outer loop
      vertex 5.83679 3.48386 10.8
      vertex 5.78058 3.61255 10
      vertex 5.78058 3.61255 10.8
    endloop
  endfacet
  facet normal 0.916397 0.40027 0
    outer loop
      vertex 5.78058 3.61255 10
      vertex 5.83679 3.48386 10.8
      vertex 5.83679 3.48386 10
    endloop
  endfacet
  facet normal 0.823431 0.567416 0
    outer loop
      vertex 5.78058 3.61255 10.8
      vertex 5.7019 3.72673 10
      vertex 5.7019 3.72673 10.8
    endloop
  endfacet
  facet normal 0.823431 0.567416 0
    outer loop
      vertex 5.7019 3.72673 10
      vertex 5.78058 3.61255 10.8
      vertex 5.78058 3.61255 10
    endloop
  endfacet
  facet normal 0.701878 0.712297 -0
    outer loop
      vertex 5.7019 3.72673 10
      vertex 5.60072 3.82643 10.8
      vertex 5.7019 3.72673 10.8
    endloop
  endfacet
  facet normal 0.701878 0.712297 0
    outer loop
      vertex 5.60072 3.82643 10.8
      vertex 5.7019 3.72673 10
      vertex 5.60072 3.82643 10
    endloop
  endfacet
  facet normal 0.563974 0.825793 -0
    outer loop
      vertex 5.60072 3.82643 10
      vertex 5.47891 3.90962 10.8
      vertex 5.60072 3.82643 10.8
    endloop
  endfacet
  facet normal 0.563974 0.825793 0
    outer loop
      vertex 5.47891 3.90962 10.8
      vertex 5.60072 3.82643 10
      vertex 5.47891 3.90962 10
    endloop
  endfacet
  facet normal 0.417964 0.908463 -0
    outer loop
      vertex 5.47891 3.90962 10
      vertex 5.33826 3.97433 10.8
      vertex 5.47891 3.90962 10.8
    endloop
  endfacet
  facet normal 0.417964 0.908463 0
    outer loop
      vertex 5.33826 3.97433 10.8
      vertex 5.47891 3.90962 10
      vertex 5.33826 3.97433 10
    endloop
  endfacet
  facet normal 0.27833 0.960485 -0
    outer loop
      vertex 5.33826 3.97433 10
      vertex 5.17876 4.02055 10.8
      vertex 5.33826 3.97433 10.8
    endloop
  endfacet
  facet normal 0.27833 0.960485 0
    outer loop
      vertex 5.17876 4.02055 10.8
      vertex 5.33826 3.97433 10
      vertex 5.17876 4.02055 10
    endloop
  endfacet
  facet normal 0.153652 0.988125 -0
    outer loop
      vertex 5.17876 4.02055 10
      vertex 5.00043 4.04828 10.8
      vertex 5.17876 4.02055 10.8
    endloop
  endfacet
  facet normal 0.153652 0.988125 0
    outer loop
      vertex 5.00043 4.04828 10.8
      vertex 5.17876 4.02055 10
      vertex 5.00043 4.04828 10
    endloop
  endfacet
  facet normal 0.0468599 0.998901 -0
    outer loop
      vertex 5.00043 4.04828 10
      vertex 4.80325 4.05753 10.8
      vertex 5.00043 4.04828 10.8
    endloop
  endfacet
  facet normal 0.0468599 0.998901 0
    outer loop
      vertex 4.80325 4.05753 10.8
      vertex 5.00043 4.04828 10
      vertex 4.80325 4.05753 10
    endloop
  endfacet
  facet normal 0 1 -0
    outer loop
      vertex 4.80325 4.05753 10
      vertex 3.36456 4.05753 10.8
      vertex 4.80325 4.05753 10.8
    endloop
  endfacet
  facet normal 0 1 0
    outer loop
      vertex 3.36456 4.05753 10.8
      vertex 4.80325 4.05753 10
      vertex 3.36456 4.05753 10
    endloop
  endfacet
  facet normal -1 0 0
    outer loop
      vertex 3.36456 1 10
      vertex 3.36456 4.05753 10.8
      vertex 3.36456 4.05753 10
    endloop
  endfacet
  facet normal -1 -0 0
    outer loop
      vertex 3.36456 4.05753 10.8
      vertex 3.36456 1 10
      vertex 3.36456 1 10.8
    endloop
  endfacet
  facet normal 0 -1 0
    outer loop
      vertex 3.36456 1 10
      vertex 3.77904 1 10.8
      vertex 3.36456 1 10.8
    endloop
  endfacet
  facet normal 0 -1 -0
    outer loop
      vertex 3.77904 1 10.8
      vertex 3.36456 1 10
      vertex 3.77904 1 10
    endloop
  endfacet
  facet normal 1 -0 0
    outer loop
      vertex 3.77904 1 10.8
      vertex 3.77904 2.26944 10
      vertex 3.77904 2.26944 10.8
    endloop
  endfacet
  facet normal 1 0 0
    outer loop
      vertex 3.77904 2.26944 10
      vertex 3.77904 1 10.8
      vertex 3.77904 1 10
    endloop
  endfacet
  facet normal 1 -0 0
    outer loop
      vertex 3.77904 2.59711 10.8
      vertex 3.77904 3.72552 10
      vertex 3.77904 3.72552 10.8
    endloop
  endfacet
  facet normal 1 0 0
    outer loop
      vertex 3.77904 3.72552 10
      vertex 3.77904 2.59711 10.8
      vertex 3.77904 2.59711 10
    endloop
  endfacet
  facet normal 0 -1 0
    outer loop
      vertex 3.77904 3.72552 10
      vertex 4.76204 3.72552 10.8
      vertex 3.77904 3.72552 10.8
    endloop
  endfacet
  facet normal 0 -1 -0
    outer loop
      vertex 4.76204 3.72552 10.8
      vertex 3.77904 3.72552 10
      vertex 4.76204 3.72552 10
    endloop
  endfacet
  facet normal -0.0430701 -0.999072 0
    outer loop
      vertex 4.76204 3.72552 10
      vertex 4.89194 3.71992 10.8
      vertex 4.76204 3.72552 10.8
    endloop
  endfacet
  facet normal -0.0430701 -0.999072 -0
    outer loop
      vertex 4.89194 3.71992 10.8
      vertex 4.76204 3.72552 10
      vertex 4.89194 3.71992 10
    endloop
  endfacet
  facet normal -0.141824 -0.989892 0
    outer loop
      vertex 4.89194 3.71992 10
      vertex 5.00906 3.70314 10.8
      vertex 4.89194 3.71992 10.8
    endloop
  endfacet
  facet normal -0.141824 -0.989892 -0
    outer loop
      vertex 5.00906 3.70314 10.8
      vertex 4.89194 3.71992 10
      vertex 5.00906 3.70314 10
    endloop
  endfacet
  facet normal -0.259114 -0.965847 0
    outer loop
      vertex 5.00906 3.70314 10
      vertex 5.11343 3.67514 10.8
      vertex 5.00906 3.70314 10.8
    endloop
  endfacet
  facet normal -0.259114 -0.965847 -0
    outer loop
      vertex 5.11343 3.67514 10.8
      vertex 5.00906 3.70314 10
      vertex 5.11343 3.67514 10
    endloop
  endfacet
  facet normal -0.393192 -0.919456 0
    outer loop
      vertex 5.11343 3.67514 10
      vertex 5.20505 3.63596 10.8
      vertex 5.11343 3.67514 10.8
    endloop
  endfacet
  facet normal -0.393192 -0.919456 -0
    outer loop
      vertex 5.20505 3.63596 10.8
      vertex 5.11343 3.67514 10
      vertex 5.20505 3.63596 10
    endloop
  endfacet
  facet normal -0.538617 -0.842551 0
    outer loop
      vertex 5.20505 3.63596 10
      vertex 5.28389 3.58556 10.8
      vertex 5.20505 3.63596 10.8
    endloop
  endfacet
  facet normal -0.538617 -0.842551 -0
    outer loop
      vertex 5.28389 3.58556 10.8
      vertex 5.20505 3.63596 10
      vertex 5.28389 3.58556 10
    endloop
  endfacet
  facet normal -0.683334 -0.730106 0
    outer loop
      vertex 5.28389 3.58556 10
      vertex 5.34914 3.52449 10.8
      vertex 5.28389 3.58556 10.8
    endloop
  endfacet
  facet normal -0.683334 -0.730106 -0
    outer loop
      vertex 5.34914 3.52449 10.8
      vertex 5.28389 3.58556 10
      vertex 5.34914 3.52449 10
    endloop
  endfacet
  facet normal -0.814459 -0.580221 0
    outer loop
      vertex 5.39987 3.45328 10
      vertex 5.34914 3.52449 10.8
      vertex 5.34914 3.52449 10
    endloop
  endfacet
  facet normal -0.814459 -0.580221 0
    outer loop
      vertex 5.34914 3.52449 10.8
      vertex 5.39987 3.45328 10
      vertex 5.39987 3.45328 10.8
    endloop
  endfacet
  facet normal -0.913515 -0.406805 0
    outer loop
      vertex 5.43611 3.3719 10
      vertex 5.39987 3.45328 10.8
      vertex 5.39987 3.45328 10
    endloop
  endfacet
  facet normal -0.913515 -0.406805 0
    outer loop
      vertex 5.39987 3.45328 10.8
      vertex 5.43611 3.3719 10
      vertex 5.43611 3.3719 10.8
    endloop
  endfacet
  facet normal -0.972891 -0.231266 0
    outer loop
      vertex 5.45787 3.28036 10
      vertex 5.43611 3.3719 10.8
      vertex 5.43611 3.3719 10
    endloop
  endfacet
  facet normal -0.972891 -0.231266 0
    outer loop
      vertex 5.43611 3.3719 10.8
      vertex 5.45787 3.28036 10
      vertex 5.45787 3.28036 10.8
    endloop
  endfacet
  facet normal -0.997468 -0.0711216 0
    outer loop
      vertex 5.46512 3.17868 10
      vertex 5.45787 3.28036 10.8
      vertex 5.45787 3.28036 10
    endloop
  endfacet
  facet normal -0.997468 -0.0711216 0
    outer loop
      vertex 5.45787 3.28036 10.8
      vertex 5.46512 3.17868 10
      vertex 5.46512 3.17868 10.8
    endloop
  endfacet
  facet normal -0.997691 0.0679146 0
    outer loop
      vertex 5.45795 3.07335 10
      vertex 5.46512 3.17868 10.8
      vertex 5.46512 3.17868 10
    endloop
  endfacet
  facet normal -0.997691 0.0679146 0
    outer loop
      vertex 5.46512 3.17868 10.8
      vertex 5.45795 3.07335 10
      vertex 5.45795 3.07335 10.8
    endloop
  endfacet
  facet normal -0.975614 0.219493 0
    outer loop
      vertex 5.43646 2.97783 10
      vertex 5.45795 3.07335 10.8
      vertex 5.45795 3.07335 10
    endloop
  endfacet
  facet normal -0.975614 0.219493 0
    outer loop
      vertex 5.45795 3.07335 10.8
      vertex 5.43646 2.97783 10
      vertex 5.43646 2.97783 10.8
    endloop
  endfacet
  facet normal -0.922796 0.385288 0
    outer loop
      vertex 5.40067 2.89211 10
      vertex 5.43646 2.97783 10.8
      vertex 5.43646 2.97783 10
    endloop
  endfacet
  facet normal -0.922796 0.385288 0
    outer loop
      vertex 5.43646 2.97783 10.8
      vertex 5.40067 2.89211 10
      vertex 5.40067 2.89211 10.8
    endloop
  endfacet
  facet normal -0.834326 0.551271 0
    outer loop
      vertex 5.35052 2.81621 10
      vertex 5.40067 2.89211 10.8
      vertex 5.40067 2.89211 10
    endloop
  endfacet
  facet normal -0.834326 0.551271 0
    outer loop
      vertex 5.40067 2.89211 10.8
      vertex 5.35052 2.81621 10
      vertex 5.35052 2.81621 10.8
    endloop
  endfacet
  facet normal -0.715987 0.698114 0
    outer loop
      vertex 5.28607 2.75011 10
      vertex 5.35052 2.81621 10.8
      vertex 5.35052 2.81621 10
    endloop
  endfacet
  facet normal -0.715987 0.698114 0
    outer loop
      vertex 5.35052 2.81621 10.8
      vertex 5.28607 2.75011 10
      vertex 5.28607 2.75011 10.8
    endloop
  endfacet
  facet normal -0.579178 0.815201 0
    outer loop
      vertex 5.28607 2.75011 10
      vertex 5.20853 2.69502 10.8
      vertex 5.28607 2.75011 10.8
    endloop
  endfacet
  facet normal -0.579178 0.815201 0
    outer loop
      vertex 5.20853 2.69502 10.8
      vertex 5.28607 2.75011 10
      vertex 5.20853 2.69502 10
    endloop
  endfacet
  facet normal -0.431862 0.90194 0
    outer loop
      vertex 5.20853 2.69502 10
      vertex 5.11908 2.65219 10.8
      vertex 5.20853 2.69502 10.8
    endloop
  endfacet
  facet normal -0.431862 0.90194 0
    outer loop
      vertex 5.11908 2.65219 10.8
      vertex 5.20853 2.69502 10
      vertex 5.11908 2.65219 10
    endloop
  endfacet
  facet normal -0.289003 0.957328 0
    outer loop
      vertex 5.11908 2.65219 10
      vertex 5.01775 2.6216 10.8
      vertex 5.11908 2.65219 10.8
    endloop
  endfacet
  facet normal -0.289003 0.957328 0
    outer loop
      vertex 5.01775 2.6216 10.8
      vertex 5.11908 2.65219 10
      vertex 5.01775 2.6216 10
    endloop
  endfacet
  facet normal -0.160129 0.987096 0
    outer loop
      vertex 5.01775 2.6216 10
      vertex 4.90451 2.60323 10.8
      vertex 5.01775 2.6216 10.8
    endloop
  endfacet
  facet normal -0.160129 0.987096 0
    outer loop
      vertex 4.90451 2.60323 10.8
      vertex 5.01775 2.6216 10
      vertex 4.90451 2.60323 10
    endloop
  endfacet
  facet normal -0.0488546 0.998806 0
    outer loop
      vertex 4.90451 2.60323 10
      vertex 4.77939 2.59711 10.8
      vertex 4.90451 2.60323 10.8
    endloop
  endfacet
  facet normal -0.0488546 0.998806 0
    outer loop
      vertex 4.77939 2.59711 10.8
      vertex 4.90451 2.60323 10
      vertex 4.77939 2.59711 10
    endloop
  endfacet
  facet normal 0 1 -0
    outer loop
      vertex 4.77939 2.59711 10
      vertex 3.77904 2.59711 10.8
      vertex 4.77939 2.59711 10.8
    endloop
  endfacet
  facet normal 0 1 0
    outer loop
      vertex 3.77904 2.59711 10.8
      vertex 4.77939 2.59711 10
      vertex 3.77904 2.59711 10
    endloop
  endfacet
  facet normal 0 -1 0
    outer loop
      vertex 8.35878 2.26944 10
      vertex 9.31139 2.26944 10.8
      vertex 8.35878 2.26944 10.8
    endloop
  endfacet
  facet normal 0 -1 -0
    outer loop
      vertex 9.31139 2.26944 10.8
      vertex 8.35878 2.26944 10
      vertex 9.31139 2.26944 10
    endloop
  endfacet
  facet normal -0.847755 -0.530388 0
    outer loop
      vertex 10.1056 1 10
      vertex 9.31139 2.26944 10.8
      vertex 9.31139 2.26944 10
    endloop
  endfacet
  facet normal -0.847755 -0.530388 0
    outer loop
      vertex 9.31139 2.26944 10.8
      vertex 10.1056 1 10
      vertex 10.1056 1 10.8
    endloop
  endfacet
  facet normal 0 -1 0
    outer loop
      vertex 10.1056 1 10
      vertex 10.583 1 10.8
      vertex 10.1056 1 10.8
    endloop
  endfacet
  facet normal 0 -1 -0
    outer loop
      vertex 10.583 1 10.8
      vertex 10.1056 1 10
      vertex 10.583 1 10
    endloop
  endfacet
  facet normal 0.835009 0.550236 0
    outer loop
      vertex 10.583 1 10.8
      vertex 9.71504 2.31717 10
      vertex 9.71504 2.31717 10.8
    endloop
  endfacet
  facet normal 0.835009 0.550236 0
    outer loop
      vertex 9.71504 2.31717 10
      vertex 10.583 1 10.8
      vertex 10.583 1 10
    endloop
  endfacet
  facet normal 0.227045 -0.973884 0
    outer loop
      vertex 9.71504 2.31717 10
      vertex 9.84874 2.34834 10.8
      vertex 9.71504 2.31717 10.8
    endloop
  endfacet
  facet normal 0.227045 -0.973884 0
    outer loop
      vertex 9.84874 2.34834 10.8
      vertex 9.71504 2.31717 10
      vertex 9.84874 2.34834 10
    endloop
  endfacet
  facet normal 0.346149 -0.93818 0
    outer loop
      vertex 9.84874 2.34834 10
      vertex 9.97038 2.39322 10.8
      vertex 9.84874 2.34834 10.8
    endloop
  endfacet
  facet normal 0.346149 -0.93818 0
    outer loop
      vertex 9.97038 2.39322 10.8
      vertex 9.84874 2.34834 10
      vertex 9.97038 2.39322 10
    endloop
  endfacet
  facet normal 0.471377 -0.881932 0
    outer loop
      vertex 9.97038 2.39322 10
      vertex 10.08 2.45181 10.8
      vertex 9.97038 2.39322 10.8
    endloop
  endfacet
  facet normal 0.471377 -0.881932 0
    outer loop
      vertex 10.08 2.45181 10.8
      vertex 9.97038 2.39322 10
      vertex 10.08 2.45181 10
    endloop
  endfacet
  facet normal 0.595694 -0.803211 0
    outer loop
      vertex 10.08 2.45181 10
      vertex 10.1775 2.52412 10.8
      vertex 10.08 2.45181 10.8
    endloop
  endfacet
  facet normal 0.595694 -0.803211 0
    outer loop
      vertex 10.1775 2.52412 10.8
      vertex 10.08 2.45181 10
      vertex 10.1775 2.52412 10
    endloop
  endfacet
  facet normal 0.70966 -0.704545 0
    outer loop
      vertex 10.1775 2.52412 10.8
      vertex 10.2629 2.61014 10
      vertex 10.2629 2.61014 10.8
    endloop
  endfacet
  facet normal 0.70966 -0.704545 0
    outer loop
      vertex 10.2629 2.61014 10
      vertex 10.1775 2.52412 10.8
      vertex 10.1775 2.52412 10
    endloop
  endfacet
  facet normal 0.805564 -0.592509 0
    outer loop
      vertex 10.2629 2.61014 10.8
      vertex 10.3344 2.70735 10
      vertex 10.3344 2.70735 10.8
    endloop
  endfacet
  facet normal 0.805564 -0.592509 0
    outer loop
      vertex 10.3344 2.70735 10
      vertex 10.2629 2.61014 10.8
      vertex 10.2629 2.61014 10
    endloop
  endfacet
  facet normal 0.885389 -0.46485 0
    outer loop
      vertex 10.3344 2.70735 10.8
      vertex 10.39 2.81325 10
      vertex 10.39 2.81325 10.8
    endloop
  endfacet
  facet normal 0.885389 -0.46485 0
    outer loop
      vertex 10.39 2.81325 10
      vertex 10.3344 2.70735 10.8
      vertex 10.3344 2.70735 10
    endloop
  endfacet
  facet normal 0.94489 -0.327388 0
    outer loop
      vertex 10.39 2.81325 10.8
      vertex 10.4297 2.92783 10
      vertex 10.4297 2.92783 10.8
    endloop
  endfacet
  facet normal 0.94489 -0.327388 0
    outer loop
      vertex 10.4297 2.92783 10
      vertex 10.39 2.81325 10.8
      vertex 10.39 2.81325 10
    endloop
  endfacet
  facet normal 0.98171 -0.190384 0
    outer loop
      vertex 10.4297 2.92783 10.8
      vertex 10.4536 3.05107 10
      vertex 10.4536 3.05107 10.8
    endloop
  endfacet
  facet normal 0.98171 -0.190384 0
    outer loop
      vertex 10.4536 3.05107 10
      vertex 10.4297 2.92783 10.8
      vertex 10.4297 2.92783 10
    endloop
  endfacet
  facet normal 0.998212 -0.0597732 0
    outer loop
      vertex 10.4536 3.05107 10.8
      vertex 10.4615 3.183 10
      vertex 10.4615 3.183 10.8
    endloop
  endfacet
  facet normal 0.998212 -0.0597732 0
    outer loop
      vertex 10.4615 3.183 10
      vertex 10.4536 3.05107 10.8
      vertex 10.4536 3.05107 10
    endloop
  endfacet
  facet normal 0.997487 0.0708514 0
    outer loop
      vertex 10.4615 3.183 10.8
      vertex 10.4503 3.34068 10
      vertex 10.4503 3.34068 10.8
    endloop
  endfacet
  facet normal 0.997487 0.0708514 0
    outer loop
      vertex 10.4503 3.34068 10
      vertex 10.4615 3.183 10.8
      vertex 10.4615 3.183 10
    endloop
  endfacet
  facet normal 0.973249 0.229752 0
    outer loop
      vertex 10.4503 3.34068 10.8
      vertex 10.4165 3.48386 10
      vertex 10.4165 3.48386 10.8
    endloop
  endfacet
  facet normal 0.973249 0.229752 0
    outer loop
      vertex 10.4165 3.48386 10
      vertex 10.4503 3.34068 10.8
      vertex 10.4503 3.34068 10
    endloop
  endfacet
  facet normal 0.916424 0.40021 0
    outer loop
      vertex 10.4165 3.48386 10.8
      vertex 10.3603 3.61255 10
      vertex 10.3603 3.61255 10.8
    endloop
  endfacet
  facet normal 0.916424 0.40021 0
    outer loop
      vertex 10.3603 3.61255 10
      vertex 10.4165 3.48386 10.8
      vertex 10.4165 3.48386 10
    endloop
  endfacet
  facet normal 0.823364 0.567514 0
    outer loop
      vertex 10.3603 3.61255 10.8
      vertex 10.2816 3.72673 10
      vertex 10.2816 3.72673 10.8
    endloop
  endfacet
  facet normal 0.823364 0.567514 0
    outer loop
      vertex 10.2816 3.72673 10
      vertex 10.3603 3.61255 10.8
      vertex 10.3603 3.61255 10
    endloop
  endfacet
  facet normal 0.70216 0.71202 -0
    outer loop
      vertex 10.2816 3.72673 10
      vertex 10.1805 3.82643 10.8
      vertex 10.2816 3.72673 10.8
    endloop
  endfacet
  facet normal 0.70216 0.71202 0
    outer loop
      vertex 10.1805 3.82643 10.8
      vertex 10.2816 3.72673 10
      vertex 10.1805 3.82643 10
    endloop
  endfacet
  facet normal 0.564006 0.825771 -0
    outer loop
      vertex 10.1805 3.82643 10
      vertex 10.0587 3.90962 10.8
      vertex 10.1805 3.82643 10.8
    endloop
  endfacet
  facet normal 0.564006 0.825771 0
    outer loop
      vertex 10.0587 3.90962 10.8
      vertex 10.1805 3.82643 10
      vertex 10.0587 3.90962 10
    endloop
  endfacet
  facet normal 0.417842 0.90852 -0
    outer loop
      vertex 10.0587 3.90962 10
      vertex 9.918 3.97433 10.8
      vertex 10.0587 3.90962 10.8
    endloop
  endfacet
  facet normal 0.417842 0.90852 0
    outer loop
      vertex 9.918 3.97433 10.8
      vertex 10.0587 3.90962 10
      vertex 9.918 3.97433 10
    endloop
  endfacet
  facet normal 0.278346 0.960481 -0
    outer loop
      vertex 9.918 3.97433 10
      vertex 9.75851 4.02055 10.8
      vertex 9.918 3.97433 10.8
    endloop
  endfacet
  facet normal 0.278346 0.960481 0
    outer loop
      vertex 9.75851 4.02055 10.8
      vertex 9.918 3.97433 10
      vertex 9.75851 4.02055 10
    endloop
  endfacet
  facet normal 0.153652 0.988125 -0
    outer loop
      vertex 9.75851 4.02055 10
      vertex 9.58018 4.04828 10.8
      vertex 9.75851 4.02055 10.8
    endloop
  endfacet
  facet normal 0.153652 0.988125 0
    outer loop
      vertex 9.58018 4.04828 10.8
      vertex 9.75851 4.02055 10
      vertex 9.58018 4.04828 10
    endloop
  endfacet
  facet normal 0.0468623 0.998901 -0
    outer loop
      vertex 9.58018 4.04828 10
      vertex 9.38301 4.05753 10.8
      vertex 9.58018 4.04828 10.8
    endloop
  endfacet
  facet normal 0.0468623 0.998901 0
    outer loop
      vertex 9.38301 4.05753 10.8
      vertex 9.58018 4.04828 10
      vertex 9.38301 4.05753 10
    endloop
  endfacet
  facet normal 0 1 -0
    outer loop
      vertex 9.38301 4.05753 10
      vertex 7.94432 4.05753 10.8
      vertex 9.38301 4.05753 10.8
    endloop
  endfacet
  facet normal 0 1 0
    outer loop
      vertex 7.94432 4.05753 10.8
      vertex 9.38301 4.05753 10
      vertex 7.94432 4.05753 10
    endloop
  endfacet
  facet normal -1 0 0
    outer loop
      vertex 7.94432 1 10
      vertex 7.94432 4.05753 10.8
      vertex 7.94432 4.05753 10
    endloop
  endfacet
  facet normal -1 -0 0
    outer loop
      vertex 7.94432 4.05753 10.8
      vertex 7.94432 1 10
      vertex 7.94432 1 10.8
    endloop
  endfacet
  facet normal 0 -1 0
    outer loop
      vertex 7.94432 1 10
      vertex 8.35878 1 10.8
      vertex 7.94432 1 10.8
    endloop
  endfacet
  facet normal 0 -1 -0
    outer loop
      vertex 8.35878 1 10.8
      vertex 7.94432 1 10
      vertex 8.35878 1 10
    endloop
  endfacet
  facet normal 1 -0 0
    outer loop
      vertex 8.35878 1 10.8
      vertex 8.35878 2.26944 10
      vertex 8.35878 2.26944 10.8
    endloop
  endfacet
  facet normal 1 0 0
    outer loop
      vertex 8.35878 2.26944 10
      vertex 8.35878 1 10.8
      vertex 8.35878 1 10
    endloop
  endfacet
  facet normal 1 -0 0
    outer loop
      vertex 8.35878 2.59711 10.8
      vertex 8.35878 3.72552 10
      vertex 8.35878 3.72552 10.8
    endloop
  endfacet
  facet normal 1 0 0
    outer loop
      vertex 8.35878 3.72552 10
      vertex 8.35878 2.59711 10.8
      vertex 8.35878 2.59711 10
    endloop
  endfacet
  facet normal 0 -1 0
    outer loop
      vertex 8.35878 3.72552 10
      vertex 9.3418 3.72552 10.8
      vertex 8.35878 3.72552 10.8
    endloop
  endfacet
  facet normal 0 -1 -0
    outer loop
      vertex 9.3418 3.72552 10.8
      vertex 8.35878 3.72552 10
      vertex 9.3418 3.72552 10
    endloop
  endfacet
  facet normal -0.0430767 -0.999072 0
    outer loop
      vertex 9.3418 3.72552 10
      vertex 9.47168 3.71992 10.8
      vertex 9.3418 3.72552 10.8
    endloop
  endfacet
  facet normal -0.0430767 -0.999072 -0
    outer loop
      vertex 9.47168 3.71992 10.8
      vertex 9.3418 3.72552 10
      vertex 9.47168 3.71992 10
    endloop
  endfacet
  facet normal -0.141812 -0.989894 0
    outer loop
      vertex 9.47168 3.71992 10
      vertex 9.58881 3.70314 10.8
      vertex 9.47168 3.71992 10.8
    endloop
  endfacet
  facet normal -0.141812 -0.989894 -0
    outer loop
      vertex 9.58881 3.70314 10.8
      vertex 9.47168 3.71992 10
      vertex 9.58881 3.70314 10
    endloop
  endfacet
  facet normal -0.259114 -0.965847 0
    outer loop
      vertex 9.58881 3.70314 10
      vertex 9.69318 3.67514 10.8
      vertex 9.58881 3.70314 10.8
    endloop
  endfacet
  facet normal -0.259114 -0.965847 -0
    outer loop
      vertex 9.69318 3.67514 10.8
      vertex 9.58881 3.70314 10
      vertex 9.69318 3.67514 10
    endloop
  endfacet
  facet normal -0.393229 -0.919441 0
    outer loop
      vertex 9.69318 3.67514 10
      vertex 9.78479 3.63596 10.8
      vertex 9.69318 3.67514 10.8
    endloop
  endfacet
  facet normal -0.393229 -0.919441 -0
    outer loop
      vertex 9.78479 3.63596 10.8
      vertex 9.69318 3.67514 10
      vertex 9.78479 3.63596 10
    endloop
  endfacet
  facet normal -0.53852 -0.842613 0
    outer loop
      vertex 9.78479 3.63596 10
      vertex 9.86365 3.58556 10.8
      vertex 9.78479 3.63596 10.8
    endloop
  endfacet
  facet normal -0.53852 -0.842613 -0
    outer loop
      vertex 9.86365 3.58556 10.8
      vertex 9.78479 3.63596 10
      vertex 9.86365 3.58556 10
    endloop
  endfacet
  facet normal -0.683446 -0.730001 0
    outer loop
      vertex 9.86365 3.58556 10
      vertex 9.92888 3.52449 10.8
      vertex 9.86365 3.58556 10.8
    endloop
  endfacet
  facet normal -0.683446 -0.730001 -0
    outer loop
      vertex 9.92888 3.52449 10.8
      vertex 9.86365 3.58556 10
      vertex 9.92888 3.52449 10
    endloop
  endfacet
  facet normal -0.814351 -0.580372 0
    outer loop
      vertex 9.97963 3.45328 10
      vertex 9.92888 3.52449 10.8
      vertex 9.92888 3.52449 10
    endloop
  endfacet
  facet normal -0.814351 -0.580372 0
    outer loop
      vertex 9.92888 3.52449 10.8
      vertex 9.97963 3.45328 10
      vertex 9.97963 3.45328 10.8
    endloop
  endfacet
  facet normal -0.91339 -0.407086 0
    outer loop
      vertex 10.0159 3.3719 10
      vertex 9.97963 3.45328 10.8
      vertex 9.97963 3.45328 10
    endloop
  endfacet
  facet normal -0.91339 -0.407086 0
    outer loop
      vertex 9.97963 3.45328 10.8
      vertex 10.0159 3.3719 10
      vertex 10.0159 3.3719 10.8
    endloop
  endfacet
  facet normal -0.973034 -0.230662 0
    outer loop
      vertex 10.0376 3.28036 10
      vertex 10.0159 3.3719 10.8
      vertex 10.0159 3.3719 10
    endloop
  endfacet
  facet normal -0.973034 -0.230662 0
    outer loop
      vertex 10.0159 3.3719 10.8
      vertex 10.0376 3.28036 10
      vertex 10.0376 3.28036 10.8
    endloop
  endfacet
  facet normal -0.997433 -0.0716095 0
    outer loop
      vertex 10.0449 3.17868 10
      vertex 10.0376 3.28036 10.8
      vertex 10.0376 3.28036 10
    endloop
  endfacet
  facet normal -0.997433 -0.0716095 0
    outer loop
      vertex 10.0376 3.28036 10.8
      vertex 10.0449 3.17868 10
      vertex 10.0449 3.17868 10.8
    endloop
  endfacet
  facet normal -0.997672 0.0681974 0
    outer loop
      vertex 10.0377 3.07335 10
      vertex 10.0449 3.17868 10.8
      vertex 10.0449 3.17868 10
    endloop
  endfacet
  facet normal -0.997672 0.0681974 0
    outer loop
      vertex 10.0449 3.17868 10.8
      vertex 10.0377 3.07335 10
      vertex 10.0377 3.07335 10.8
    endloop
  endfacet
  facet normal -0.975592 0.21959 0
    outer loop
      vertex 10.0162 2.97783 10
      vertex 10.0377 3.07335 10.8
      vertex 10.0377 3.07335 10
    endloop
  endfacet
  facet normal -0.975592 0.21959 0
    outer loop
      vertex 10.0377 3.07335 10.8
      vertex 10.0162 2.97783 10
      vertex 10.0162 2.97783 10.8
    endloop
  endfacet
  facet normal -0.922796 0.385288 0
    outer loop
      vertex 9.98041 2.89211 10
      vertex 10.0162 2.97783 10.8
      vertex 10.0162 2.97783 10
    endloop
  endfacet
  facet normal -0.922796 0.385288 0
    outer loop
      vertex 10.0162 2.97783 10.8
      vertex 9.98041 2.89211 10
      vertex 9.98041 2.89211 10.8
    endloop
  endfacet
  facet normal -0.834427 0.551118 0
    outer loop
      vertex 9.93028 2.81621 10
      vertex 9.98041 2.89211 10.8
      vertex 9.98041 2.89211 10
    endloop
  endfacet
  facet normal -0.834427 0.551118 0
    outer loop
      vertex 9.98041 2.89211 10.8
      vertex 9.93028 2.81621 10
      vertex 9.93028 2.81621 10.8
    endloop
  endfacet
  facet normal -0.715987 0.698114 0
    outer loop
      vertex 9.86583 2.75011 10
      vertex 9.93028 2.81621 10.8
      vertex 9.93028 2.81621 10
    endloop
  endfacet
  facet normal -0.715987 0.698114 0
    outer loop
      vertex 9.93028 2.81621 10.8
      vertex 9.86583 2.75011 10
      vertex 9.86583 2.75011 10.8
    endloop
  endfacet
  facet normal -0.579078 0.815272 0
    outer loop
      vertex 9.86583 2.75011 10
      vertex 9.78827 2.69502 10.8
      vertex 9.86583 2.75011 10.8
    endloop
  endfacet
  facet normal -0.579078 0.815272 0
    outer loop
      vertex 9.78827 2.69502 10.8
      vertex 9.86583 2.75011 10
      vertex 9.78827 2.69502 10
    endloop
  endfacet
  facet normal -0.431862 0.90194 0
    outer loop
      vertex 9.78827 2.69502 10
      vertex 9.69882 2.65219 10.8
      vertex 9.78827 2.69502 10.8
    endloop
  endfacet
  facet normal -0.431862 0.90194 0
    outer loop
      vertex 9.69882 2.65219 10.8
      vertex 9.78827 2.69502 10
      vertex 9.69882 2.65219 10
    endloop
  endfacet
  facet normal -0.289003 0.957328 0
    outer loop
      vertex 9.69882 2.65219 10
      vertex 9.59749 2.6216 10.8
      vertex 9.69882 2.65219 10.8
    endloop
  endfacet
  facet normal -0.289003 0.957328 0
    outer loop
      vertex 9.59749 2.6216 10.8
      vertex 9.69882 2.65219 10
      vertex 9.59749 2.6216 10
    endloop
  endfacet
  facet normal -0.160129 0.987096 0
    outer loop
      vertex 9.59749 2.6216 10
      vertex 9.48425 2.60323 10.8
      vertex 9.59749 2.6216 10.8
    endloop
  endfacet
  facet normal -0.160129 0.987096 0
    outer loop
      vertex 9.48425 2.60323 10.8
      vertex 9.59749 2.6216 10
      vertex 9.48425 2.60323 10
    endloop
  endfacet
  facet normal -0.0488546 0.998806 0
    outer loop
      vertex 9.48425 2.60323 10
      vertex 9.35913 2.59711 10.8
      vertex 9.48425 2.60323 10.8
    endloop
  endfacet
  facet normal -0.0488546 0.998806 0
    outer loop
      vertex 9.35913 2.59711 10.8
      vertex 9.48425 2.60323 10
      vertex 9.35913 2.59711 10
    endloop
  endfacet
  facet normal 0 1 -0
    outer loop
      vertex 9.35913 2.59711 10
      vertex 8.35878 2.59711 10.8
      vertex 9.35913 2.59711 10.8
    endloop
  endfacet
  facet normal 0 1 0
    outer loop
      vertex 8.35878 2.59711 10.8
      vertex 9.35913 2.59711 10
      vertex 8.35878 2.59711 10
    endloop
  endfacet
  facet normal 0 -1 0
    outer loop
      vertex 12.6991 2.19131 10
      vertex 13.5974 2.19131 10.8
      vertex 12.6991 2.19131 10.8
    endloop
  endfacet
  facet normal 0 -1 -0
    outer loop
      vertex 13.5974 2.19131 10.8
      vertex 12.6991 2.19131 10
      vertex 13.5974 2.19131 10
    endloop
  endfacet
  facet normal 0.0549597 -0.998489 0
    outer loop
      vertex 13.5974 2.19131 10
      vertex 13.7838 2.20157 10.8
      vertex 13.5974 2.19131 10.8
    endloop
  endfacet
  facet normal 0.0549597 -0.998489 0
    outer loop
      vertex 13.7838 2.20157 10.8
      vertex 13.5974 2.19131 10
      vertex 13.7838 2.20157 10
    endloop
  endfacet
  facet normal 0.17777 -0.984072 0
    outer loop
      vertex 13.7838 2.20157 10
      vertex 13.9538 2.23228 10.8
      vertex 13.7838 2.20157 10.8
    endloop
  endfacet
  facet normal 0.17777 -0.984072 0
    outer loop
      vertex 13.9538 2.23228 10.8
      vertex 13.7838 2.20157 10
      vertex 13.9538 2.23228 10
    endloop
  endfacet
  facet normal 0.315839 -0.948813 0
    outer loop
      vertex 13.9538 2.23228 10
      vertex 14.1077 2.28351 10.8
      vertex 13.9538 2.23228 10.8
    endloop
  endfacet
  facet normal 0.315839 -0.948813 0
    outer loop
      vertex 14.1077 2.28351 10.8
      vertex 13.9538 2.23228 10
      vertex 14.1077 2.28351 10
    endloop
  endfacet
  facet normal 0.462002 -0.886879 0
    outer loop
      vertex 14.1077 2.28351 10
      vertex 14.2453 2.35519 10.8
      vertex 14.1077 2.28351 10.8
    endloop
  endfacet
  facet normal 0.462002 -0.886879 0
    outer loop
      vertex 14.2453 2.35519 10.8
      vertex 14.1077 2.28351 10
      vertex 14.2453 2.35519 10
    endloop
  endfacet
  facet normal 0.604817 -0.796364 0
    outer loop
      vertex 14.2453 2.35519 10
      vertex 14.3667 2.44739 10.8
      vertex 14.2453 2.35519 10.8
    endloop
  endfacet
  facet normal 0.604817 -0.796364 0
    outer loop
      vertex 14.3667 2.44739 10.8
      vertex 14.2453 2.35519 10
      vertex 14.3667 2.44739 10
    endloop
  endfacet
  facet normal 0.732179 -0.681112 0
    outer loop
      vertex 14.3667 2.44739 10.8
      vertex 14.4686 2.55693 10
      vertex 14.4686 2.55693 10.8
    endloop
  endfacet
  facet normal 0.732179 -0.681112 0
    outer loop
      vertex 14.4686 2.55693 10
      vertex 14.3667 2.44739 10.8
      vertex 14.3667 2.44739 10
    endloop
  endfacet
  facet normal 0.842022 -0.539444 0
    outer loop
      vertex 14.4686 2.55693 10.8
      vertex 14.5479 2.68071 10
      vertex 14.5479 2.68071 10.8
    endloop
  endfacet
  facet normal 0.842022 -0.539444 0
    outer loop
      vertex 14.5479 2.68071 10
      vertex 14.4686 2.55693 10.8
      vertex 14.4686 2.55693 10
    endloop
  endfacet
  facet normal 0.924969 -0.380042 0
    outer loop
      vertex 14.5479 2.68071 10.8
      vertex 14.6046 2.81871 10
      vertex 14.6046 2.81871 10.8
    endloop
  endfacet
  facet normal 0.924969 -0.380042 0
    outer loop
      vertex 14.6046 2.81871 10
      vertex 14.5479 2.68071 10.8
      vertex 14.5479 2.68071 10
    endloop
  endfacet
  facet normal 0.976096 -0.217338 0
    outer loop
      vertex 14.6046 2.81871 10.8
      vertex 14.6385 2.97096 10
      vertex 14.6385 2.97096 10.8
    endloop
  endfacet
  facet normal 0.976096 -0.217338 0
    outer loop
      vertex 14.6385 2.97096 10
      vertex 14.6046 2.81871 10.8
      vertex 14.6046 2.81871 10
    endloop
  endfacet
  facet normal 0.997664 -0.0683167 0
    outer loop
      vertex 14.6385 2.97096 10.8
      vertex 14.6499 3.13744 10
      vertex 14.6499 3.13744 10.8
    endloop
  endfacet
  facet normal 0.997664 -0.0683167 0
    outer loop
      vertex 14.6499 3.13744 10
      vertex 14.6385 2.97096 10.8
      vertex 14.6385 2.97096 10
    endloop
  endfacet
  facet normal 0.99773 0.0673377 0
    outer loop
      vertex 14.6499 3.13744 10.8
      vertex 14.6386 3.30487 10
      vertex 14.6386 3.30487 10.8
    endloop
  endfacet
  facet normal 0.99773 0.0673377 0
    outer loop
      vertex 14.6386 3.30487 10
      vertex 14.6499 3.13744 10.8
      vertex 14.6499 3.13744 10
    endloop
  endfacet
  facet normal 0.975911 0.21817 0
    outer loop
      vertex 14.6386 3.30487 10.8
      vertex 14.6047 3.45651 10
      vertex 14.6047 3.45651 10.8
    endloop
  endfacet
  facet normal 0.975911 0.21817 0
    outer loop
      vertex 14.6047 3.45651 10
      vertex 14.6386 3.30487 10.8
      vertex 14.6386 3.30487 10
    endloop
  endfacet
  facet normal 0.923559 0.383456 0
    outer loop
      vertex 14.6047 3.45651 10.8
      vertex 14.5483 3.59235 10
      vertex 14.5483 3.59235 10.8
    endloop
  endfacet
  facet normal 0.923559 0.383456 0
    outer loop
      vertex 14.5483 3.59235 10
      vertex 14.6047 3.45651 10.8
      vertex 14.6047 3.45651 10
    endloop
  endfacet
  facet normal 0.835333 0.549744 0
    outer loop
      vertex 14.5483 3.59235 10.8
      vertex 14.4693 3.71239 10
      vertex 14.4693 3.71239 10.8
    endloop
  endfacet
  facet normal 0.835333 0.549744 0
    outer loop
      vertex 14.4693 3.71239 10
      vertex 14.5483 3.59235 10.8
      vertex 14.5483 3.59235 10
    endloop
  endfacet
  facet normal 0.716494 0.697593 0
    outer loop
      vertex 14.4693 3.71239 10.8
      vertex 14.3678 3.81664 10
      vertex 14.3678 3.81664 10.8
    endloop
  endfacet
  facet normal 0.716494 0.697593 0
    outer loop
      vertex 14.3678 3.81664 10
      vertex 14.4693 3.71239 10.8
      vertex 14.4693 3.71239 10
    endloop
  endfacet
  facet normal 0.579006 0.815323 -0
    outer loop
      vertex 14.3678 3.81664 10
      vertex 14.2457 3.90335 10.8
      vertex 14.3678 3.81664 10.8
    endloop
  endfacet
  facet normal 0.579006 0.815323 0
    outer loop
      vertex 14.2457 3.90335 10.8
      vertex 14.3678 3.81664 10
      vertex 14.2457 3.90335 10
    endloop
  endfacet
  facet normal 0.432085 0.901833 -0
    outer loop
      vertex 14.2457 3.90335 10
      vertex 14.1049 3.97081 10.8
      vertex 14.2457 3.90335 10.8
    endloop
  endfacet
  facet normal 0.432085 0.901833 0
    outer loop
      vertex 14.1049 3.97081 10.8
      vertex 14.2457 3.90335 10
      vertex 14.1049 3.97081 10
    endloop
  endfacet
  facet normal 0.289609 0.957145 -0
    outer loop
      vertex 14.1049 3.97081 10
      vertex 13.9457 4.01898 10.8
      vertex 14.1049 3.97081 10.8
    endloop
  endfacet
  facet normal 0.289609 0.957145 0
    outer loop
      vertex 13.9457 4.01898 10.8
      vertex 14.1049 3.97081 10
      vertex 13.9457 4.01898 10
    endloop
  endfacet
  facet normal 0.160457 0.987043 -0
    outer loop
      vertex 13.9457 4.01898 10
      vertex 13.7678 4.0479 10.8
      vertex 13.9457 4.01898 10.8
    endloop
  endfacet
  facet normal 0.160457 0.987043 0
    outer loop
      vertex 13.7678 4.0479 10.8
      vertex 13.9457 4.01898 10
      vertex 13.7678 4.0479 10
    endloop
  endfacet
  facet normal 0.0489738 0.9988 -0
    outer loop
      vertex 13.7678 4.0479 10
      vertex 13.5714 4.05753 10.8
      vertex 13.7678 4.0479 10.8
    endloop
  endfacet
  facet normal 0.0489738 0.9988 0
    outer loop
      vertex 13.5714 4.05753 10.8
      vertex 13.7678 4.0479 10
      vertex 13.5714 4.05753 10
    endloop
  endfacet
  facet normal 0 1 -0
    outer loop
      vertex 13.5714 4.05753 10
      vertex 12.2846 4.05753 10.8
      vertex 13.5714 4.05753 10.8
    endloop
  endfacet
  facet normal 0 1 0
    outer loop
      vertex 12.2846 4.05753 10.8
      vertex 13.5714 4.05753 10
      vertex 12.2846 4.05753 10
    endloop
  endfacet
  facet normal -1 0 0
    outer loop
      vertex 12.2846 1 10
      vertex 12.2846 4.05753 10.8
      vertex 12.2846 4.05753 10
    endloop
  endfacet
  facet normal -1 -0 0
    outer loop
      vertex 12.2846 4.05753 10.8
      vertex 12.2846 1 10
      vertex 12.2846 1 10.8
    endloop
  endfacet
  facet normal 0 -1 0
    outer loop
      vertex 12.2846 1 10
      vertex 12.6991 1 10.8
      vertex 12.2846 1 10.8
    endloop
  endfacet
  facet normal 0 -1 -0
    outer loop
      vertex 12.6991 1 10.8
      vertex 12.2846 1 10
      vertex 12.6991 1 10
    endloop
  endfacet
  facet normal 1 -0 0
    outer loop
      vertex 12.6991 1 10.8
      vertex 12.6991 2.19131 10
      vertex 12.6991 2.19131 10.8
    endloop
  endfacet
  facet normal 1 0 0
    outer loop
      vertex 12.6991 2.19131 10
      vertex 12.6991 1 10.8
      vertex 12.6991 1 10
    endloop
  endfacet
  facet normal 1 -0 0
    outer loop
      vertex 12.6991 2.519 10.8
      vertex 12.6991 3.72552 10
      vertex 12.6991 3.72552 10.8
    endloop
  endfacet
  facet normal 1 0 0
    outer loop
      vertex 12.6991 3.72552 10
      vertex 12.6991 2.519 10.8
      vertex 12.6991 2.519 10
    endloop
  endfacet
  facet normal 0 -1 0
    outer loop
      vertex 12.6991 3.72552 10
      vertex 13.5215 3.72552 10.8
      vertex 12.6991 3.72552 10.8
    endloop
  endfacet
  facet normal 0 -1 -0
    outer loop
      vertex 13.5215 3.72552 10.8
      vertex 12.6991 3.72552 10
      vertex 13.5215 3.72552 10
    endloop
  endfacet
  facet normal -0.092074 -0.995752 0
    outer loop
      vertex 13.5215 3.72552 10
      vertex 13.7777 3.70183 10.8
      vertex 13.5215 3.72552 10.8
    endloop
  endfacet
  facet normal -0.092074 -0.995752 -0
    outer loop
      vertex 13.7777 3.70183 10.8
      vertex 13.5215 3.72552 10
      vertex 13.7777 3.70183 10
    endloop
  endfacet
  facet normal -0.335965 -0.941874 0
    outer loop
      vertex 13.7777 3.70183 10
      vertex 13.977 3.63074 10.8
      vertex 13.7777 3.70183 10.8
    endloop
  endfacet
  facet normal -0.335965 -0.941874 -0
    outer loop
      vertex 13.977 3.63074 10.8
      vertex 13.7777 3.70183 10
      vertex 13.977 3.63074 10
    endloop
  endfacet
  facet normal -0.639621 -0.76869 0
    outer loop
      vertex 13.977 3.63074 10
      vertex 14.1194 3.51225 10.8
      vertex 13.977 3.63074 10.8
    endloop
  endfacet
  facet normal -0.639621 -0.76869 -0
    outer loop
      vertex 14.1194 3.51225 10.8
      vertex 13.977 3.63074 10
      vertex 14.1194 3.51225 10
    endloop
  endfacet
  facet normal -0.889091 -0.457731 0
    outer loop
      vertex 14.2048 3.34637 10
      vertex 14.1194 3.51225 10.8
      vertex 14.1194 3.51225 10
    endloop
  endfacet
  facet normal -0.889091 -0.457731 0
    outer loop
      vertex 14.1194 3.51225 10.8
      vertex 14.2048 3.34637 10
      vertex 14.2048 3.34637 10.8
    endloop
  endfacet
  facet normal -0.991248 -0.132011 0
    outer loop
      vertex 14.2332 3.13312 10
      vertex 14.2048 3.34637 10.8
      vertex 14.2048 3.34637 10
    endloop
  endfacet
  facet normal -0.991248 -0.132011 0
    outer loop
      vertex 14.2048 3.34637 10.8
      vertex 14.2332 3.13312 10
      vertex 14.2332 3.13312 10.8
    endloop
  endfacet
  facet normal -0.992243 0.124316 0
    outer loop
      vertex 14.2055 2.91203 10
      vertex 14.2332 3.13312 10.8
      vertex 14.2332 3.13312 10
    endloop
  endfacet
  facet normal -0.992243 0.124316 0
    outer loop
      vertex 14.2332 3.13312 10.8
      vertex 14.2055 2.91203 10
      vertex 14.2055 2.91203 10.8
    endloop
  endfacet
  facet normal -0.899752 0.436402 0
    outer loop
      vertex 14.1221 2.74008 10
      vertex 14.2055 2.91203 10.8
      vertex 14.2055 2.91203 10
    endloop
  endfacet
  facet normal -0.899752 0.436402 0
    outer loop
      vertex 14.2055 2.91203 10.8
      vertex 14.1221 2.74008 10
      vertex 14.1221 2.74008 10.8
    endloop
  endfacet
  facet normal -0.662681 0.748902 0
    outer loop
      vertex 14.1221 2.74008 10
      vertex 13.9833 2.61726 10.8
      vertex 14.1221 2.74008 10.8
    endloop
  endfacet
  facet normal -0.662681 0.748902 0
    outer loop
      vertex 13.9833 2.61726 10.8
      vertex 14.1221 2.74008 10
      vertex 13.9833 2.61726 10
    endloop
  endfacet
  facet normal -0.354335 0.935118 0
    outer loop
      vertex 13.9833 2.61726 10
      vertex 13.7888 2.54356 10.8
      vertex 13.9833 2.61726 10.8
    endloop
  endfacet
  facet normal -0.354335 0.935118 0
    outer loop
      vertex 13.7888 2.54356 10.8
      vertex 13.9833 2.61726 10
      vertex 13.7888 2.54356 10
    endloop
  endfacet
  facet normal -0.0977693 0.995209 0
    outer loop
      vertex 13.7888 2.54356 10
      vertex 13.5388 2.519 10.8
      vertex 13.7888 2.54356 10.8
    endloop
  endfacet
  facet normal -0.0977693 0.995209 0
    outer loop
      vertex 13.5388 2.519 10.8
      vertex 13.7888 2.54356 10
      vertex 13.5388 2.519 10
    endloop
  endfacet
  facet normal 0 1 -0
    outer loop
      vertex 13.5388 2.519 10
      vertex 12.6991 2.519 10.8
      vertex 13.5388 2.519 10.8
    endloop
  endfacet
  facet normal 0 1 0
    outer loop
      vertex 12.6991 2.519 10.8
      vertex 13.5388 2.519 10
      vertex 12.6991 2.519 10
    endloop
  endfacet
  facet normal 0 -1 0
    outer loop
      vertex 15.594 2.41702 10
      vertex 17.2475 2.41702 10.8
      vertex 15.594 2.41702 10.8
    endloop
  endfacet
  facet normal 0 -1 -0
    outer loop
      vertex 17.2475 2.41702 10.8
      vertex 15.594 2.41702 10
      vertex 17.2475 2.41702 10
    endloop
  endfacet
  facet normal -1 0 0
    outer loop
      vertex 17.2475 1 10
      vertex 17.2475 2.41702 10.8
      vertex 17.2475 2.41702 10
    endloop
  endfacet
  facet normal -1 -0 0
    outer loop
      vertex 17.2475 2.41702 10.8
      vertex 17.2475 1 10
      vertex 17.2475 1 10.8
    endloop
  endfacet
  facet normal 0 -1 0
    outer loop
      vertex 17.2475 1 10
      vertex 17.662 1 10.8
      vertex 17.2475 1 10.8
    endloop
  endfacet
  facet normal 0 -1 -0
    outer loop
      vertex 17.662 1 10.8
      vertex 17.2475 1 10
      vertex 17.662 1 10
    endloop
  endfacet
  facet normal 1 -0 0
    outer loop
      vertex 17.662 1 10.8
      vertex 17.662 4.05753 10
      vertex 17.662 4.05753 10.8
    endloop
  endfacet
  facet normal 1 0 0
    outer loop
      vertex 17.662 4.05753 10
      vertex 17.662 1 10.8
      vertex 17.662 1 10
    endloop
  endfacet
  facet normal 0 1 -0
    outer loop
      vertex 17.662 4.05753 10
      vertex 17.2475 4.05753 10.8
      vertex 17.662 4.05753 10.8
    endloop
  endfacet
  facet normal 0 1 0
    outer loop
      vertex 17.2475 4.05753 10.8
      vertex 17.662 4.05753 10
      vertex 17.2475 4.05753 10
    endloop
  endfacet
  facet normal -1 0 0
    outer loop
      vertex 17.2475 2.76422 10
      vertex 17.2475 4.05753 10.8
      vertex 17.2475 4.05753 10
    endloop
  endfacet
  facet normal -1 -0 0
    outer loop
      vertex 17.2475 4.05753 10.8
      vertex 17.2475 2.76422 10
      vertex 17.2475 2.76422 10.8
    endloop
  endfacet
  facet normal 0 1 -0
    outer loop
      vertex 17.2475 2.76422 10
      vertex 15.594 2.76422 10.8
      vertex 17.2475 2.76422 10.8
    endloop
  endfacet
  facet normal 0 1 0
    outer loop
      vertex 15.594 2.76422 10.8
      vertex 17.2475 2.76422 10
      vertex 15.594 2.76422 10
    endloop
  endfacet
  facet normal 1 -0 0
    outer loop
      vertex 15.594 2.76422 10.8
      vertex 15.594 4.05753 10
      vertex 15.594 4.05753 10.8
    endloop
  endfacet
  facet normal 1 0 0
    outer loop
      vertex 15.594 4.05753 10
      vertex 15.594 2.76422 10.8
      vertex 15.594 2.76422 10
    endloop
  endfacet
  facet normal 0 1 -0
    outer loop
      vertex 15.594 4.05753 10
      vertex 15.1795 4.05753 10.8
      vertex 15.594 4.05753 10.8
    endloop
  endfacet
  facet normal 0 1 0
    outer loop
      vertex 15.1795 4.05753 10.8
      vertex 15.594 4.05753 10
      vertex 15.1795 4.05753 10
    endloop
  endfacet
  facet normal -1 0 0
    outer loop
      vertex 15.1795 1 10
      vertex 15.1795 4.05753 10.8
      vertex 15.1795 4.05753 10
    endloop
  endfacet
  facet normal -1 -0 0
    outer loop
      vertex 15.1795 4.05753 10.8
      vertex 15.1795 1 10
      vertex 15.1795 1 10.8
    endloop
  endfacet
  facet normal 0 -1 0
    outer loop
      vertex 15.1795 1 10
      vertex 15.594 1 10.8
      vertex 15.1795 1 10.8
    endloop
  endfacet
  facet normal 0 -1 -0
    outer loop
      vertex 15.594 1 10.8
      vertex 15.1795 1 10
      vertex 15.594 1 10
    endloop
  endfacet
  facet normal 1 -0 0
    outer loop
      vertex 15.594 1 10.8
      vertex 15.594 2.41702 10
      vertex 15.594 2.41702 10.8
    endloop
  endfacet
  facet normal 1 0 0
    outer loop
      vertex 15.594 2.41702 10
      vertex 15.594 1 10.8
      vertex 15.594 1 10
    endloop
  endfacet
  facet normal 0 1 -0
    outer loop
      vertex 7.41687 2.35406 10
      vertex 6.33186 2.35406 10.8
      vertex 7.41687 2.35406 10.8
    endloop
  endfacet
  facet normal 0 1 0
    outer loop
      vertex 6.33186 2.35406 10.8
      vertex 7.41687 2.35406 10
      vertex 6.33186 2.35406 10
    endloop
  endfacet
  facet normal -1 0 0
    outer loop
      vertex 6.33186 2.00687 10
      vertex 6.33186 2.35406 10.8
      vertex 6.33186 2.35406 10
    endloop
  endfacet
  facet normal -1 -0 0
    outer loop
      vertex 6.33186 2.35406 10.8
      vertex 6.33186 2.00687 10
      vertex 6.33186 2.00687 10.8
    endloop
  endfacet
  facet normal 0 -1 0
    outer loop
      vertex 6.33186 2.00687 10
      vertex 7.41687 2.00687 10.8
      vertex 6.33186 2.00687 10.8
    endloop
  endfacet
  facet normal 0 -1 -0
    outer loop
      vertex 7.41687 2.00687 10.8
      vertex 6.33186 2.00687 10
      vertex 7.41687 2.00687 10
    endloop
  endfacet
  facet normal 1 -0 0
    outer loop
      vertex 7.41687 2.00687 10.8
      vertex 7.41687 2.35406 10
      vertex 7.41687 2.35406 10.8
    endloop
  endfacet
  facet normal 1 0 0
    outer loop
      vertex 7.41687 2.35406 10
      vertex 7.41687 2.00687 10.8
      vertex 7.41687 2.00687 10
    endloop
  endfacet
endsolid OpenSCAD_Model
