solid OpenSCAD_Model
  facet normal 1 -0 0
    outer loop
      vertex 90 0 10
      vertex 90 28 0
      vertex 90 28 10
    endloop
  endfacet
  facet normal 1 0 0
    outer loop
      vertex 90 28 0
      vertex 90 0 10
      vertex 90 0 0
    endloop
  endfacet
  facet normal 0 0 1
    outer loop
      vertex 8.36963 3.45209 10
      vertex 8.3045 3.44991 10
      vertex 8.31322 3.03979 10
    endloop
  endfacet
  facet normal 0 -0 1
    outer loop
      vertex 8.3045 3.44991 10
      vertex 8.36963 3.45209 10
      vertex 8.29802 3.69081 10
    endloop
  endfacet
  facet normal -0 0 1
    outer loop
      vertex 5.81027 2.81325 10
      vertex 6.33186 2.35406 10
      vertex 5.84998 2.92783 10
    endloop
  endfacet
  facet normal -0 0 1
    outer loop
      vertex 5.75467 2.70735 10
      vertex 6.33186 2.35406 10
      vertex 5.81027 2.81325 10
    endloop
  endfacet
  facet normal -0 0 1
    outer loop
      vertex 5.6832 2.61014 10
      vertex 6.33186 2.35406 10
      vertex 5.75467 2.70735 10
    endloop
  endfacet
  facet normal -0 0 1
    outer loop
      vertex 5.59773 2.52412 10
      vertex 6.33186 2.35406 10
      vertex 5.6832 2.61014 10
    endloop
  endfacet
  facet normal 0 0 1
    outer loop
      vertex 6.33186 2.35406 10
      vertex 5.59773 2.52412 10
      vertex 6.33186 2.00687 10
    endloop
  endfacet
  facet normal -0 0 1
    outer loop
      vertex 5.50021 2.45181 10
      vertex 6.33186 2.00687 10
      vertex 5.59773 2.52412 10
    endloop
  endfacet
  facet normal -0 0 1
    outer loop
      vertex 5.39064 2.39322 10
      vertex 6.33186 2.00687 10
      vertex 5.50021 2.45181 10
    endloop
  endfacet
  facet normal 0 0 1
    outer loop
      vertex 6.33186 2.00687 10
      vertex 5.39064 2.39322 10
      vertex 6.0033 1 10
    endloop
  endfacet
  facet normal -0 0 1
    outer loop
      vertex 5.269 2.34834 10
      vertex 6.0033 1 10
      vertex 5.39064 2.39322 10
    endloop
  endfacet
  facet normal 0 0 1
    outer loop
      vertex 6.0033 1 10
      vertex 5.269 2.34834 10
      vertex 5.13528 2.31717 10
    endloop
  endfacet
  facet normal 0 0 1
    outer loop
      vertex 10.5471 3.30646 10
      vertex 10.4437 3.28561 10
      vertex 10.5448 3.17416 10
    endloop
  endfacet
  facet normal 0 0 1
    outer loop
      vertex 10.4437 3.28561 10
      vertex 10.5471 3.30646 10
      vertex 10.4819 3.40714 10
    endloop
  endfacet
  facet normal 0 0 1
    outer loop
      vertex 10.551 3.43666 10
      vertex 10.4819 3.40714 10
      vertex 10.5471 3.30646 10
    endloop
  endfacet
  facet normal 0 0 1
    outer loop
      vertex 10.4819 3.40714 10
      vertex 10.551 3.43666 10
      vertex 10.5218 3.54221 10
    endloop
  endfacet
  facet normal 0 0 1
    outer loop
      vertex 10.5565 3.56477 10
      vertex 10.5218 3.54221 10
      vertex 10.551 3.43666 10
    endloop
  endfacet
  facet normal 0 0 1
    outer loop
      vertex 10.5218 3.54221 10
      vertex 10.5565 3.56477 10
      vertex 10.5635 3.69081 10
    endloop
  endfacet
  facet normal 0 0 1
    outer loop
      vertex 17.7286 2.76422 10
      vertex 16.0751 4.05753 10
      vertex 16.0751 2.76422 10
    endloop
  endfacet
  facet normal 0 0 1
    outer loop
      vertex 17.7286 2.41702 10
      vertex 16.0751 2.41702 10
      vertex 17.7286 1 10
    endloop
  endfacet
  facet normal -0 0 1
    outer loop
      vertex 8 5 10
      vertex 18.1431 4.05753 10
      vertex 82 5 10
    endloop
  endfacet
  facet normal 0 0 1
    outer loop
      vertex 17.7286 4.05753 10
      vertex 16.0751 4.05753 10
      vertex 17.7286 2.76422 10
    endloop
  endfacet
  facet normal 0 0 1
    outer loop
      vertex 18.1431 4.05753 10
      vertex 8 5 10
      vertex 17.7286 4.05753 10
    endloop
  endfacet
  facet normal 0 0 1
    outer loop
      vertex 17.7286 4.05753 10
      vertex 8 5 10
      vertex 16.0751 4.05753 10
    endloop
  endfacet
  facet normal 0 0 1
    outer loop
      vertex 15.1196 2.97096 10
      vertex 15.6606 4.05753 10
      vertex 15.131 3.13744 10
    endloop
  endfacet
  facet normal 0 0 1
    outer loop
      vertex 15.6606 4.05753 10
      vertex 15.1197 3.30487 10
      vertex 15.131 3.13744 10
    endloop
  endfacet
  facet normal 0 0 1
    outer loop
      vertex 15.6606 4.05753 10
      vertex 15.0858 3.45651 10
      vertex 15.1197 3.30487 10
    endloop
  endfacet
  facet normal 0 0 1
    outer loop
      vertex 15.6606 4.05753 10
      vertex 15.0294 3.59235 10
      vertex 15.0858 3.45651 10
    endloop
  endfacet
  facet normal 0 0 1
    outer loop
      vertex 15.6606 4.05753 10
      vertex 14.9504 3.71239 10
      vertex 15.0294 3.59235 10
    endloop
  endfacet
  facet normal 0 0 1
    outer loop
      vertex 15.6606 4.05753 10
      vertex 14.8489 3.81664 10
      vertex 14.9504 3.71239 10
    endloop
  endfacet
  facet normal 0 0 1
    outer loop
      vertex 15.6606 4.05753 10
      vertex 14.7267 3.90335 10
      vertex 14.8489 3.81664 10
    endloop
  endfacet
  facet normal 0 0 1
    outer loop
      vertex 15.6606 4.05753 10
      vertex 14.586 3.97081 10
      vertex 14.7267 3.90335 10
    endloop
  endfacet
  facet normal 0 0 1
    outer loop
      vertex 15.6606 4.05753 10
      vertex 14.4268 4.01898 10
      vertex 14.586 3.97081 10
    endloop
  endfacet
  facet normal 0 0 1
    outer loop
      vertex 15.6606 4.05753 10
      vertex 14.2489 4.0479 10
      vertex 14.4268 4.01898 10
    endloop
  endfacet
  facet normal 0 0 1
    outer loop
      vertex 16.0751 4.05753 10
      vertex 8 5 10
      vertex 15.6606 4.05753 10
    endloop
  endfacet
  facet normal 0 -0 1
    outer loop
      vertex 14.0525 4.05753 10
      vertex 15.6606 4.05753 10
      vertex 8 5 10
    endloop
  endfacet
  facet normal 0 0 1
    outer loop
      vertex 15.6606 4.05753 10
      vertex 14.0525 4.05753 10
      vertex 14.2489 4.0479 10
    endloop
  endfacet
  facet normal 0 0 1
    outer loop
      vertex 12.7657 4.05753 10
      vertex 10.9172 4.05753 10
      vertex 12.7657 1 10
    endloop
  endfacet
  facet normal 0 0 1
    outer loop
      vertex 14.0525 4.05753 10
      vertex 8 5 10
      vertex 12.7657 4.05753 10
    endloop
  endfacet
  facet normal 0 0 1
    outer loop
      vertex 12.7657 4.05753 10
      vertex 8 5 10
      vertex 10.9172 4.05753 10
    endloop
  endfacet
  facet normal 0 0 1
    outer loop
      vertex 9.30272 1.93744 10
      vertex 9.58701 1.93744 10
      vertex 10.3856 4.05753 10
    endloop
  endfacet
  facet normal 0 0 1
    outer loop
      vertex 9.44789 1.48969 10
      vertex 9.43312 1.48064 10
      vertex 9.43942 1.45135 10
    endloop
  endfacet
  facet normal -0 0 1
    outer loop
      vertex 9.42467 1.51645 10
      vertex 9.44789 1.48969 10
      vertex 9.4594 1.5352 10
    endloop
  endfacet
  facet normal -0 0 1
    outer loop
      vertex 9.41403 1.55875 10
      vertex 9.4594 1.5352 10
      vertex 9.47394 1.58794 10
    endloop
  endfacet
  facet normal -0 0 1
    outer loop
      vertex 9.40121 1.60757 10
      vertex 9.47394 1.58794 10
      vertex 9.49152 1.64787 10
    endloop
  endfacet
  facet normal -0 0 1
    outer loop
      vertex 9.38625 1.6629 10
      vertex 9.49152 1.64787 10
      vertex 9.51213 1.715 10
    endloop
  endfacet
  facet normal -0 0 1
    outer loop
      vertex 9.37006 1.72076 10
      vertex 9.51213 1.715 10
      vertex 9.53282 1.78049 10
    endloop
  endfacet
  facet normal -0 0 1
    outer loop
      vertex 9.33691 1.83205 10
      vertex 9.53282 1.78049 10
      vertex 9.55066 1.83548 10
    endloop
  endfacet
  facet normal 0 0 1
    outer loop
      vertex 9.44789 1.48969 10
      vertex 9.42467 1.51645 10
      vertex 9.43312 1.48064 10
    endloop
  endfacet
  facet normal 0 0 1
    outer loop
      vertex 9.31995 1.88548 10
      vertex 9.55066 1.83548 10
      vertex 9.56564 1.87997 10
    endloop
  endfacet
  facet normal -0 0 1
    outer loop
      vertex 9.31995 1.88548 10
      vertex 9.56564 1.87997 10
      vertex 9.57776 1.91396 10
    endloop
  endfacet
  facet normal 0 0 1
    outer loop
      vertex 9.58701 1.93744 10
      vertex 9.30272 1.93744 10
      vertex 9.57776 1.91396 10
    endloop
  endfacet
  facet normal 0 0 1
    outer loop
      vertex 9.4594 1.5352 10
      vertex 9.41403 1.55875 10
      vertex 9.42467 1.51645 10
    endloop
  endfacet
  facet normal 0 0 1
    outer loop
      vertex 9.47394 1.58794 10
      vertex 9.40121 1.60757 10
      vertex 9.41403 1.55875 10
    endloop
  endfacet
  facet normal 0 0 1
    outer loop
      vertex 9.49152 1.64787 10
      vertex 9.38625 1.6629 10
      vertex 9.40121 1.60757 10
    endloop
  endfacet
  facet normal 0 0 1
    outer loop
      vertex 9.51213 1.715 10
      vertex 9.37006 1.72076 10
      vertex 9.38625 1.6629 10
    endloop
  endfacet
  facet normal 0 0 1
    outer loop
      vertex 9.53282 1.78049 10
      vertex 9.35361 1.77715 10
      vertex 9.37006 1.72076 10
    endloop
  endfacet
  facet normal 0 0 1
    outer loop
      vertex 9.53282 1.78049 10
      vertex 9.33691 1.83205 10
      vertex 9.35361 1.77715 10
    endloop
  endfacet
  facet normal 0 0 1
    outer loop
      vertex 9.55066 1.83548 10
      vertex 9.31995 1.88548 10
      vertex 9.33691 1.83205 10
    endloop
  endfacet
  facet normal 0 0 1
    outer loop
      vertex 9.57776 1.91396 10
      vertex 9.30272 1.93744 10
      vertex 9.31995 1.88548 10
    endloop
  endfacet
  facet normal 0 0 1
    outer loop
      vertex 10.3856 4.05753 10
      vertex 8.48895 4.05753 10
      vertex 9.30272 1.93744 10
    endloop
  endfacet
  facet normal 0 0 1
    outer loop
      vertex 10.9172 4.05753 10
      vertex 8 5 10
      vertex 10.3856 4.05753 10
    endloop
  endfacet
  facet normal 0 0 1
    outer loop
      vertex 10.3856 4.05753 10
      vertex 8 5 10
      vertex 8.48895 4.05753 10
    endloop
  endfacet
  facet normal 0 0 1
    outer loop
      vertex 8.48895 4.05753 10
      vertex 8 5 10
      vertex 7.94432 4.05753 10
    endloop
  endfacet
  facet normal 0 0 1
    outer loop
      vertex 90 28 10
      vertex 82 10 10
      vertex 90 0 10
    endloop
  endfacet
  facet normal 0 0 1
    outer loop
      vertex 90 28 10
      vertex 8 10 10
      vertex 82 10 10
    endloop
  endfacet
  facet normal 0 0 1
    outer loop
      vertex 5.00043 4.04828 10
      vertex 8 5 10
      vertex 8 10 10
    endloop
  endfacet
  facet normal 0 0 1
    outer loop
      vertex 7.94432 4.05753 10
      vertex 7.41687 2.35406 10
      vertex 7.94432 1 10
    endloop
  endfacet
  facet normal 0 -0 1
    outer loop
      vertex 5.47891 3.90962 10
      vertex 8 5 10
      vertex 5.33826 3.97433 10
    endloop
  endfacet
  facet normal 0 -0 1
    outer loop
      vertex 5.78058 3.61255 10
      vertex 7.94432 4.05753 10
      vertex 5.7019 3.72673 10
    endloop
  endfacet
  facet normal -0 0 1
    outer loop
      vertex 5.87381 3.05107 10
      vertex 6.33186 2.35406 10
      vertex 5.88176 3.183 10
    endloop
  endfacet
  facet normal 0 0 1
    outer loop
      vertex 7.94432 4.05753 10
      vertex 5.87051 3.34068 10
      vertex 7.41687 2.35406 10
    endloop
  endfacet
  facet normal -0 0 1
    outer loop
      vertex 5.84998 2.92783 10
      vertex 6.33186 2.35406 10
      vertex 5.87381 3.05107 10
    endloop
  endfacet
  facet normal 0 0 1
    outer loop
      vertex 7.41687 2.35406 10
      vertex 5.88176 3.183 10
      vertex 6.33186 2.35406 10
    endloop
  endfacet
  facet normal -0 -0 1
    outer loop
      vertex 5.88176 3.183 10
      vertex 7.41687 2.35406 10
      vertex 5.87051 3.34068 10
    endloop
  endfacet
  facet normal 0 -0 1
    outer loop
      vertex 5.87051 3.34068 10
      vertex 7.94432 4.05753 10
      vertex 5.83679 3.48386 10
    endloop
  endfacet
  facet normal 0 -0 1
    outer loop
      vertex 5.83679 3.48386 10
      vertex 7.94432 4.05753 10
      vertex 5.78058 3.61255 10
    endloop
  endfacet
  facet normal 0 0 1
    outer loop
      vertex 8 5 10
      vertex 5.7019 3.72673 10
      vertex 7.94432 4.05753 10
    endloop
  endfacet
  facet normal 0 -0 1
    outer loop
      vertex 5.7019 3.72673 10
      vertex 8 5 10
      vertex 5.60072 3.82643 10
    endloop
  endfacet
  facet normal 0 -0 1
    outer loop
      vertex 5.60072 3.82643 10
      vertex 8 5 10
      vertex 5.47891 3.90962 10
    endloop
  endfacet
  facet normal 0 0 1
    outer loop
      vertex 8 5 10
      vertex 5.17876 4.02055 10
      vertex 5.33826 3.97433 10
    endloop
  endfacet
  facet normal 0 0 1
    outer loop
      vertex 8 5 10
      vertex 5.00043 4.04828 10
      vertex 5.17876 4.02055 10
    endloop
  endfacet
  facet normal 0 0 1
    outer loop
      vertex 8 10 10
      vertex 4.80325 4.05753 10
      vertex 5.00043 4.04828 10
    endloop
  endfacet
  facet normal 0 0 1
    outer loop
      vertex 8 10 10
      vertex 3.36456 4.05753 10
      vertex 4.80325 4.05753 10
    endloop
  endfacet
  facet normal 0 0 1
    outer loop
      vertex 0 0 10
      vertex 3.36456 4.05753 10
      vertex 0 28 10
    endloop
  endfacet
  facet normal 0 0 1
    outer loop
      vertex 8 10 10
      vertex 0 28 10
      vertex 3.36456 4.05753 10
    endloop
  endfacet
  facet normal -0 0 1
    outer loop
      vertex 0 28 10
      vertex 8 10 10
      vertex 90 28 10
    endloop
  endfacet
  facet normal -0 0 1
    outer loop
      vertex 82 5 10
      vertex 90 0 10
      vertex 82 10 10
    endloop
  endfacet
  facet normal 0 0 1
    outer loop
      vertex 18.1431 1 10
      vertex 82 5 10
      vertex 18.1431 4.05753 10
    endloop
  endfacet
  facet normal 0 0 1
    outer loop
      vertex 82 5 10
      vertex 18.1431 1 10
      vertex 90 0 10
    endloop
  endfacet
  facet normal 0 0 1
    outer loop
      vertex 0 0 10
      vertex 18.1431 1 10
      vertex 17.7286 1 10
    endloop
  endfacet
  facet normal 0 0 1
    outer loop
      vertex 16.0751 1 10
      vertex 17.7286 1 10
      vertex 16.0751 2.41702 10
    endloop
  endfacet
  facet normal 0 0 1
    outer loop
      vertex 0 0 10
      vertex 17.7286 1 10
      vertex 16.0751 1 10
    endloop
  endfacet
  facet normal 0 0 1
    outer loop
      vertex 0 0 10
      vertex 16.0751 1 10
      vertex 15.6606 1 10
    endloop
  endfacet
  facet normal 0 0 1
    outer loop
      vertex 15.6606 4.05753 10
      vertex 15.1196 2.97096 10
      vertex 15.6606 1 10
    endloop
  endfacet
  facet normal -0 0 1
    outer loop
      vertex 15.0857 2.81871 10
      vertex 15.6606 1 10
      vertex 15.1196 2.97096 10
    endloop
  endfacet
  facet normal -0 0 1
    outer loop
      vertex 15.029 2.68071 10
      vertex 15.6606 1 10
      vertex 15.0857 2.81871 10
    endloop
  endfacet
  facet normal -0 0 1
    outer loop
      vertex 14.9497 2.55693 10
      vertex 15.6606 1 10
      vertex 15.029 2.68071 10
    endloop
  endfacet
  facet normal -0 0 1
    outer loop
      vertex 14.8478 2.44739 10
      vertex 15.6606 1 10
      vertex 14.9497 2.55693 10
    endloop
  endfacet
  facet normal -0 0 1
    outer loop
      vertex 14.7264 2.35519 10
      vertex 15.6606 1 10
      vertex 14.8478 2.44739 10
    endloop
  endfacet
  facet normal -0 0 1
    outer loop
      vertex 14.5888 2.28351 10
      vertex 15.6606 1 10
      vertex 14.7264 2.35519 10
    endloop
  endfacet
  facet normal -0 0 1
    outer loop
      vertex 14.4349 2.23228 10
      vertex 15.6606 1 10
      vertex 14.5888 2.28351 10
    endloop
  endfacet
  facet normal -0 0 1
    outer loop
      vertex 14.2648 2.20157 10
      vertex 15.6606 1 10
      vertex 14.4349 2.23228 10
    endloop
  endfacet
  facet normal 0 0 1
    outer loop
      vertex 13.1802 1 10
      vertex 14.2648 2.20157 10
      vertex 14.0785 2.19131 10
    endloop
  endfacet
  facet normal 0 0 1
    outer loop
      vertex 13.1802 1 10
      vertex 14.0785 2.19131 10
      vertex 13.1802 2.19131 10
    endloop
  endfacet
  facet normal 0 0 1
    outer loop
      vertex 14.2648 2.20157 10
      vertex 13.1802 1 10
      vertex 15.6606 1 10
    endloop
  endfacet
  facet normal 0 0 1
    outer loop
      vertex 0 0 10
      vertex 15.6606 1 10
      vertex 13.1802 1 10
    endloop
  endfacet
  facet normal 0 0 1
    outer loop
      vertex 0 0 10
      vertex 13.1802 1 10
      vertex 12.7657 1 10
    endloop
  endfacet
  facet normal 0 0 1
    outer loop
      vertex 10.9172 1 10
      vertex 12.7657 1 10
      vertex 10.9172 4.05753 10
    endloop
  endfacet
  facet normal 0 0 1
    outer loop
      vertex 0 0 10
      vertex 12.7657 1 10
      vertex 10.9172 1 10
    endloop
  endfacet
  facet normal 0 0 1
    outer loop
      vertex 0 0 10
      vertex 10.9172 1 10
      vertex 10.544 1 10
    endloop
  endfacet
  facet normal -0 0 1
    outer loop
      vertex 10.4073 3.17763 10
      vertex 10.5448 3.17416 10
      vertex 10.4437 3.28561 10
    endloop
  endfacet
  facet normal 0 0 1
    outer loop
      vertex 10.5448 3.17416 10
      vertex 10.4073 3.17763 10
      vertex 10.544 3.03979 10
    endloop
  endfacet
  facet normal -0 0 1
    outer loop
      vertex 10.3725 3.08319 10
      vertex 10.544 3.03979 10
      vertex 10.4073 3.17763 10
    endloop
  endfacet
  facet normal 0 0 1
    outer loop
      vertex 10.544 3.03979 10
      vertex 10.3725 3.08319 10
      vertex 10.544 1 10
    endloop
  endfacet
  facet normal 0 0 1
    outer loop
      vertex 9.58266 1 10
      vertex 10.544 1 10
      vertex 10.3725 3.08319 10
    endloop
  endfacet
  facet normal 0 0 1
    outer loop
      vertex 0 0 10
      vertex 10.544 1 10
      vertex 9.58266 1 10
    endloop
  endfacet
  facet normal 0 0 1
    outer loop
      vertex 0 0 10
      vertex 9.58266 1 10
      vertex 9.29187 1 10
    endloop
  endfacet
  facet normal 0 0 1
    outer loop
      vertex 8.31322 3.03979 10
      vertex 8.49113 3.08319 10
      vertex 8.36963 3.45209 10
    endloop
  endfacet
  facet normal 0 0 1
    outer loop
      vertex 8.31322 1 10
      vertex 8.49113 3.08319 10
      vertex 8.31322 3.03979 10
    endloop
  endfacet
  facet normal 0 0 1
    outer loop
      vertex 8.49113 3.08319 10
      vertex 8.31322 1 10
      vertex 9.29187 1 10
    endloop
  endfacet
  facet normal 0 0 1
    outer loop
      vertex 0 0 10
      vertex 9.29187 1 10
      vertex 8.31322 1 10
    endloop
  endfacet
  facet normal 0 0 1
    outer loop
      vertex 0 0 10
      vertex 8.31322 1 10
      vertex 7.94432 1 10
    endloop
  endfacet
  facet normal -0 0 1
    outer loop
      vertex 7.41687 2.00687 10
      vertex 7.94432 1 10
      vertex 7.41687 2.35406 10
    endloop
  endfacet
  facet normal 0 0 1
    outer loop
      vertex 6.0033 1 10
      vertex 7.41687 2.00687 10
      vertex 6.33186 2.00687 10
    endloop
  endfacet
  facet normal 0 0 1
    outer loop
      vertex 7.41687 2.00687 10
      vertex 6.0033 1 10
      vertex 7.94432 1 10
    endloop
  endfacet
  facet normal 0 0 1
    outer loop
      vertex 0 0 10
      vertex 7.94432 1 10
      vertex 6.0033 1 10
    endloop
  endfacet
  facet normal 0 0 1
    outer loop
      vertex 0 0 10
      vertex 6.0033 1 10
      vertex 5.52588 1 10
    endloop
  endfacet
  facet normal 0 0 1
    outer loop
      vertex 3.77904 1 10
      vertex 4.73164 2.26944 10
      vertex 3.77904 2.26944 10
    endloop
  endfacet
  facet normal 0 0 1
    outer loop
      vertex 4.73164 2.26944 10
      vertex 3.77904 1 10
      vertex 5.52588 1 10
    endloop
  endfacet
  facet normal 0 0 1
    outer loop
      vertex 0 0 10
      vertex 5.52588 1 10
      vertex 3.77904 1 10
    endloop
  endfacet
  facet normal 0 0 1
    outer loop
      vertex 0 0 10
      vertex 3.77904 1 10
      vertex 3.36456 1 10
    endloop
  endfacet
  facet normal 0 0 1
    outer loop
      vertex 18.1431 1 10
      vertex 0 0 10
      vertex 90 0 10
    endloop
  endfacet
  facet normal 0 0 1
    outer loop
      vertex 3.36456 4.05753 10
      vertex 0 0 10
      vertex 3.36456 1 10
    endloop
  endfacet
  facet normal 0 0 1
    outer loop
      vertex 5.11343 3.67514 10
      vertex 5.46512 3.17868 10
      vertex 5.45787 3.28036 10
    endloop
  endfacet
  facet normal 0 0 1
    outer loop
      vertex 5.46512 3.17868 10
      vertex 5.11343 3.67514 10
      vertex 5.45795 3.07335 10
    endloop
  endfacet
  facet normal 0 0 1
    outer loop
      vertex 5.20505 3.63596 10
      vertex 5.45787 3.28036 10
      vertex 5.43611 3.3719 10
    endloop
  endfacet
  facet normal 0 -0 1
    outer loop
      vertex 5.11908 2.65219 10
      vertex 5.45795 3.07335 10
      vertex 5.11343 3.67514 10
    endloop
  endfacet
  facet normal 0 0 1
    outer loop
      vertex 5.28389 3.58556 10
      vertex 5.43611 3.3719 10
      vertex 5.39987 3.45328 10
    endloop
  endfacet
  facet normal 0 0 1
    outer loop
      vertex 5.45787 3.28036 10
      vertex 5.20505 3.63596 10
      vertex 5.11343 3.67514 10
    endloop
  endfacet
  facet normal 0 0 1
    outer loop
      vertex 5.28389 3.58556 10
      vertex 5.39987 3.45328 10
      vertex 5.34914 3.52449 10
    endloop
  endfacet
  facet normal 0 -0 1
    outer loop
      vertex 5.20853 2.69502 10
      vertex 5.45795 3.07335 10
      vertex 5.11908 2.65219 10
    endloop
  endfacet
  facet normal 0 0 1
    outer loop
      vertex 5.43611 3.3719 10
      vertex 5.28389 3.58556 10
      vertex 5.20505 3.63596 10
    endloop
  endfacet
  facet normal 0 0 1
    outer loop
      vertex 5.43646 2.97783 10
      vertex 5.20853 2.69502 10
      vertex 5.40067 2.89211 10
    endloop
  endfacet
  facet normal 0 0 1
    outer loop
      vertex 5.40067 2.89211 10
      vertex 5.28607 2.75011 10
      vertex 5.35052 2.81621 10
    endloop
  endfacet
  facet normal 0 0 1
    outer loop
      vertex 5.40067 2.89211 10
      vertex 5.20853 2.69502 10
      vertex 5.28607 2.75011 10
    endloop
  endfacet
  facet normal 0 0 1
    outer loop
      vertex 5.45795 3.07335 10
      vertex 5.20853 2.69502 10
      vertex 5.43646 2.97783 10
    endloop
  endfacet
  facet normal 0 0 1
    outer loop
      vertex 5.00906 3.70314 10
      vertex 5.11908 2.65219 10
      vertex 5.11343 3.67514 10
    endloop
  endfacet
  facet normal 0 0 1
    outer loop
      vertex 5.11908 2.65219 10
      vertex 5.00906 3.70314 10
      vertex 5.01775 2.6216 10
    endloop
  endfacet
  facet normal 0 0 1
    outer loop
      vertex 5.00906 3.70314 10
      vertex 4.90451 2.60323 10
      vertex 5.01775 2.6216 10
    endloop
  endfacet
  facet normal 0 0 1
    outer loop
      vertex 4.89194 3.71992 10
      vertex 4.90451 2.60323 10
      vertex 5.00906 3.70314 10
    endloop
  endfacet
  facet normal 0 0 1
    outer loop
      vertex 4.89194 3.71992 10
      vertex 4.77939 2.59711 10
      vertex 4.90451 2.60323 10
    endloop
  endfacet
  facet normal 0 0 1
    outer loop
      vertex 4.76204 3.72552 10
      vertex 4.77939 2.59711 10
      vertex 4.89194 3.71992 10
    endloop
  endfacet
  facet normal 0 0 1
    outer loop
      vertex 3.77904 2.59711 10
      vertex 4.76204 3.72552 10
      vertex 3.77904 3.72552 10
    endloop
  endfacet
  facet normal 0 0 1
    outer loop
      vertex 4.76204 3.72552 10
      vertex 3.77904 2.59711 10
      vertex 4.77939 2.59711 10
    endloop
  endfacet
  facet normal 0 0 1
    outer loop
      vertex 14.2588 3.70183 10
      vertex 14.7143 3.13312 10
      vertex 14.6859 3.34637 10
    endloop
  endfacet
  facet normal 0 -0 1
    outer loop
      vertex 14.2699 2.54356 10
      vertex 14.7143 3.13312 10
      vertex 14.2588 3.70183 10
    endloop
  endfacet
  facet normal 0 0 1
    outer loop
      vertex 14.4581 3.63074 10
      vertex 14.6859 3.34637 10
      vertex 14.6004 3.51225 10
    endloop
  endfacet
  facet normal 0 0 1
    outer loop
      vertex 14.6859 3.34637 10
      vertex 14.4581 3.63074 10
      vertex 14.2588 3.70183 10
    endloop
  endfacet
  facet normal 0 0 1
    outer loop
      vertex 14.7143 3.13312 10
      vertex 14.2699 2.54356 10
      vertex 14.6866 2.91203 10
    endloop
  endfacet
  facet normal 0 0 1
    outer loop
      vertex 14.6866 2.91203 10
      vertex 14.4644 2.61726 10
      vertex 14.6032 2.74008 10
    endloop
  endfacet
  facet normal 0 -0 1
    outer loop
      vertex 14.4644 2.61726 10
      vertex 14.6866 2.91203 10
      vertex 14.2699 2.54356 10
    endloop
  endfacet
  facet normal 0 0 1
    outer loop
      vertex 14.2588 3.70183 10
      vertex 14.0199 2.519 10
      vertex 14.2699 2.54356 10
    endloop
  endfacet
  facet normal 0 0 1
    outer loop
      vertex 14.0026 3.72552 10
      vertex 14.0199 2.519 10
      vertex 14.2588 3.70183 10
    endloop
  endfacet
  facet normal 0 0 1
    outer loop
      vertex 13.1802 2.519 10
      vertex 14.0026 3.72552 10
      vertex 13.1802 3.72552 10
    endloop
  endfacet
  facet normal 0 0 1
    outer loop
      vertex 14.0026 3.72552 10
      vertex 13.1802 2.519 10
      vertex 14.0199 2.519 10
    endloop
  endfacet
  facet normal 0 0 -1
    outer loop
      vertex 0 0 0
      vertex 90 28 0
      vertex 90 0 0
    endloop
  endfacet
  facet normal -0 0 -1
    outer loop
      vertex 90 28 0
      vertex 0 0 0
      vertex 0 28 0
    endloop
  endfacet
  facet normal -1 0 0
    outer loop
      vertex 0 0 0
      vertex 0 28 10
      vertex 0 28 0
    endloop
  endfacet
  facet normal -1 -0 0
    outer loop
      vertex 0 28 10
      vertex 0 0 0
      vertex 0 0 10
    endloop
  endfacet
  facet normal 0 1 -0
    outer loop
      vertex 90 28 0
      vertex 0 28 10
      vertex 90 28 10
    endloop
  endfacet
  facet normal 0 1 0
    outer loop
      vertex 0 28 10
      vertex 90 28 0
      vertex 0 28 0
    endloop
  endfacet
  facet normal 0 -1 0
    outer loop
      vertex 0 0 0
      vertex 90 0 10
      vertex 0 0 10
    endloop
  endfacet
  facet normal 0 -1 -0
    outer loop
      vertex 90 0 10
      vertex 0 0 0
      vertex 90 0 0
    endloop
  endfacet
  facet normal -1 0 0
    outer loop
      vertex 82 5 1.2
      vertex 82 10 10
      vertex 82 10 1.2
    endloop
  endfacet
  facet normal -1 -0 0
    outer loop
      vertex 82 10 10
      vertex 82 5 1.2
      vertex 82 5 10
    endloop
  endfacet
  facet normal -0 0 1
    outer loop
      vertex 8 10 1.2
      vertex 82 5 1.2
      vertex 82 10 1.2
    endloop
  endfacet
  facet normal 0 0 1
    outer loop
      vertex 82 5 1.2
      vertex 8 10 1.2
      vertex 8 5 1.2
    endloop
  endfacet
  facet normal 1 -0 0
    outer loop
      vertex 8 5 10
      vertex 8 10 1.2
      vertex 8 10 10
    endloop
  endfacet
  facet normal 1 0 0
    outer loop
      vertex 8 10 1.2
      vertex 8 5 10
      vertex 8 5 1.2
    endloop
  endfacet
  facet normal 0 -1 0
    outer loop
      vertex 8 10 1.2
      vertex 82 10 10
      vertex 8 10 10
    endloop
  endfacet
  facet normal 0 -1 -0
    outer loop
      vertex 82 10 10
      vertex 8 10 1.2
      vertex 82 10 1.2
    endloop
  endfacet
  facet normal 0 1 -0
    outer loop
      vertex 82 5 1.2
      vertex 8 5 10
      vertex 82 5 10
    endloop
  endfacet
  facet normal 0 1 0
    outer loop
      vertex 8 5 10
      vertex 82 5 1.2
      vertex 8 5 1.2
    endloop
  endfacet
  facet normal -1 0 0
    outer loop
      vertex 82 14 2
      vertex 82 22 9
      vertex 82 22 2
    endloop
  endfacet
  facet normal -1 -0 0
    outer loop
      vertex 82 22 9
      vertex 82 14 2
      vertex 82 14 9
    endloop
  endfacet
  facet normal 0 0 -1
    outer loop
      vertex 8 14 9
      vertex 82 22 9
      vertex 82 14 9
    endloop
  endfacet
  facet normal -0 0 -1
    outer loop
      vertex 82 22 9
      vertex 8 14 9
      vertex 8 22 9
    endloop
  endfacet
  facet normal -0 0 1
    outer loop
      vertex 8 22 2
      vertex 82 14 2
      vertex 82 22 2
    endloop
  endfacet
  facet normal 0 0 1
    outer loop
      vertex 82 14 2
      vertex 8 22 2
      vertex 8 14 2
    endloop
  endfacet
  facet normal 1 -0 0
    outer loop
      vertex 8 14 9
      vertex 8 22 2
      vertex 8 22 9
    endloop
  endfacet
  facet normal 1 0 0
    outer loop
      vertex 8 22 2
      vertex 8 14 9
      vertex 8 14 2
    endloop
  endfacet
  facet normal 0 -1 0
    outer loop
      vertex 8 22 2
      vertex 82 22 9
      vertex 8 22 9
    endloop
  endfacet
  facet normal 0 -1 -0
    outer loop
      vertex 82 22 9
      vertex 8 22 2
      vertex 82 22 2
    endloop
  endfacet
  facet normal 0 1 -0
    outer loop
      vertex 82 14 2
      vertex 8 14 9
      vertex 82 14 9
    endloop
  endfacet
  facet normal 0 1 0
    outer loop
      vertex 8 14 9
      vertex 82 14 2
      vertex 8 14 2
    endloop
  endfacet
  facet normal -1 0 0
    outer loop
      vertex 82 23 2
      vertex 82 26 9
      vertex 82 26 2
    endloop
  endfacet
  facet normal -1 -0 0
    outer loop
      vertex 82 26 9
      vertex 82 23 2
      vertex 82 23 9
    endloop
  endfacet
  facet normal 0 0 -1
    outer loop
      vertex 8 23 9
      vertex 82 26 9
      vertex 82 23 9
    endloop
  endfacet
  facet normal -0 0 -1
    outer loop
      vertex 82 26 9
      vertex 8 23 9
      vertex 8 26 9
    endloop
  endfacet
  facet normal -0 0 1
    outer loop
      vertex 8 26 2
      vertex 82 23 2
      vertex 82 26 2
    endloop
  endfacet
  facet normal 0 0 1
    outer loop
      vertex 82 23 2
      vertex 8 26 2
      vertex 8 23 2
    endloop
  endfacet
  facet normal 1 -0 0
    outer loop
      vertex 8 23 9
      vertex 8 26 2
      vertex 8 26 9
    endloop
  endfacet
  facet normal 1 0 0
    outer loop
      vertex 8 26 2
      vertex 8 23 9
      vertex 8 23 2
    endloop
  endfacet
  facet normal 0 -1 0
    outer loop
      vertex 8 26 2
      vertex 82 26 9
      vertex 8 26 9
    endloop
  endfacet
  facet normal 0 -1 -0
    outer loop
      vertex 82 26 9
      vertex 8 26 2
      vertex 82 26 2
    endloop
  endfacet
  facet normal 0 1 -0
    outer loop
      vertex 82 23 2
      vertex 8 23 9
      vertex 82 23 9
    endloop
  endfacet
  facet normal 0 1 0
    outer loop
      vertex 8 23 9
      vertex 82 23 2
      vertex 8 23 2
    endloop
  endfacet
  facet normal 0 0 1
    outer loop
      vertex 14.7143 3.13312 10.8
      vertex 15.131 3.13744 10.8
      vertex 15.1197 3.30487 10.8
    endloop
  endfacet
  facet normal -0 0 1
    outer loop
      vertex 14.6859 3.34637 10.8
      vertex 15.1197 3.30487 10.8
      vertex 15.0858 3.45651 10.8
    endloop
  endfacet
  facet normal 0 0 1
    outer loop
      vertex 15.131 3.13744 10.8
      vertex 14.7143 3.13312 10.8
      vertex 15.1196 2.97096 10.8
    endloop
  endfacet
  facet normal 0 0 1
    outer loop
      vertex 14.6859 3.34637 10.8
      vertex 15.0858 3.45651 10.8
      vertex 15.0294 3.59235 10.8
    endloop
  endfacet
  facet normal 0 0 1
    outer loop
      vertex 14.6866 2.91203 10.8
      vertex 15.1196 2.97096 10.8
      vertex 14.7143 3.13312 10.8
    endloop
  endfacet
  facet normal 0 0 1
    outer loop
      vertex 14.6004 3.51225 10.8
      vertex 15.0294 3.59235 10.8
      vertex 14.9504 3.71239 10.8
    endloop
  endfacet
  facet normal 0 0 1
    outer loop
      vertex 15.1196 2.97096 10.8
      vertex 14.6866 2.91203 10.8
      vertex 15.0857 2.81871 10.8
    endloop
  endfacet
  facet normal 0 0 1
    outer loop
      vertex 14.6004 3.51225 10.8
      vertex 14.9504 3.71239 10.8
      vertex 14.8489 3.81664 10.8
    endloop
  endfacet
  facet normal 0 0 1
    outer loop
      vertex 15.0857 2.81871 10.8
      vertex 14.6866 2.91203 10.8
      vertex 15.029 2.68071 10.8
    endloop
  endfacet
  facet normal 0 0 1
    outer loop
      vertex 14.6004 3.51225 10.8
      vertex 14.8489 3.81664 10.8
      vertex 14.7267 3.90335 10.8
    endloop
  endfacet
  facet normal -0 0 1
    outer loop
      vertex 14.6032 2.74008 10.8
      vertex 15.029 2.68071 10.8
      vertex 14.6866 2.91203 10.8
    endloop
  endfacet
  facet normal 0 0 1
    outer loop
      vertex 15.029 2.68071 10.8
      vertex 14.6032 2.74008 10.8
      vertex 14.9497 2.55693 10.8
    endloop
  endfacet
  facet normal 0 0 1
    outer loop
      vertex 15.1197 3.30487 10.8
      vertex 14.6859 3.34637 10.8
      vertex 14.7143 3.13312 10.8
    endloop
  endfacet
  facet normal 0 0 1
    outer loop
      vertex 15.0294 3.59235 10.8
      vertex 14.6004 3.51225 10.8
      vertex 14.6859 3.34637 10.8
    endloop
  endfacet
  facet normal 0 0 1
    outer loop
      vertex 14.4581 3.63074 10.8
      vertex 14.7267 3.90335 10.8
      vertex 14.586 3.97081 10.8
    endloop
  endfacet
  facet normal 0 0 1
    outer loop
      vertex 14.7267 3.90335 10.8
      vertex 14.4581 3.63074 10.8
      vertex 14.6004 3.51225 10.8
    endloop
  endfacet
  facet normal 0 0 1
    outer loop
      vertex 14.4268 4.01898 10.8
      vertex 14.4581 3.63074 10.8
      vertex 14.586 3.97081 10.8
    endloop
  endfacet
  facet normal 0 0 1
    outer loop
      vertex 14.4268 4.01898 10.8
      vertex 14.2588 3.70183 10.8
      vertex 14.4581 3.63074 10.8
    endloop
  endfacet
  facet normal 0 0 1
    outer loop
      vertex 14.2489 4.0479 10.8
      vertex 14.2588 3.70183 10.8
      vertex 14.4268 4.01898 10.8
    endloop
  endfacet
  facet normal 0 0 1
    outer loop
      vertex 14.0026 3.72552 10.8
      vertex 14.2489 4.0479 10.8
      vertex 14.0525 4.05753 10.8
    endloop
  endfacet
  facet normal 0 0 1
    outer loop
      vertex 14.2489 4.0479 10.8
      vertex 14.0026 3.72552 10.8
      vertex 14.2588 3.70183 10.8
    endloop
  endfacet
  facet normal 0 0 1
    outer loop
      vertex 14.0525 4.05753 10.8
      vertex 13.1802 3.72552 10.8
      vertex 14.0026 3.72552 10.8
    endloop
  endfacet
  facet normal 0 0 1
    outer loop
      vertex 12.7657 4.05753 10.8
      vertex 13.1802 2.519 10.8
      vertex 13.1802 3.72552 10.8
    endloop
  endfacet
  facet normal 0 0 1
    outer loop
      vertex 12.7657 1 10.8
      vertex 13.1802 2.519 10.8
      vertex 12.7657 4.05753 10.8
    endloop
  endfacet
  facet normal -0 0 1
    outer loop
      vertex 12.7657 4.05753 10.8
      vertex 13.1802 3.72552 10.8
      vertex 14.0525 4.05753 10.8
    endloop
  endfacet
  facet normal 0 0 1
    outer loop
      vertex 13.1802 2.519 10.8
      vertex 12.7657 1 10.8
      vertex 13.1802 2.19131 10.8
    endloop
  endfacet
  facet normal 0 0 1
    outer loop
      vertex 13.1802 2.19131 10.8
      vertex 12.7657 1 10.8
      vertex 13.1802 1 10.8
    endloop
  endfacet
  facet normal 0 0 1
    outer loop
      vertex 14.9497 2.55693 10.8
      vertex 14.6032 2.74008 10.8
      vertex 14.8478 2.44739 10.8
    endloop
  endfacet
  facet normal 0 0 1
    outer loop
      vertex 14.8478 2.44739 10.8
      vertex 14.6032 2.74008 10.8
      vertex 14.7264 2.35519 10.8
    endloop
  endfacet
  facet normal -0 0 1
    outer loop
      vertex 14.4644 2.61726 10.8
      vertex 14.7264 2.35519 10.8
      vertex 14.6032 2.74008 10.8
    endloop
  endfacet
  facet normal 0 0 1
    outer loop
      vertex 14.7264 2.35519 10.8
      vertex 14.4644 2.61726 10.8
      vertex 14.5888 2.28351 10.8
    endloop
  endfacet
  facet normal 0 0 1
    outer loop
      vertex 14.4644 2.61726 10.8
      vertex 14.4349 2.23228 10.8
      vertex 14.5888 2.28351 10.8
    endloop
  endfacet
  facet normal -0 0 1
    outer loop
      vertex 14.2699 2.54356 10.8
      vertex 14.4349 2.23228 10.8
      vertex 14.4644 2.61726 10.8
    endloop
  endfacet
  facet normal 0 0 1
    outer loop
      vertex 14.2699 2.54356 10.8
      vertex 14.2648 2.20157 10.8
      vertex 14.4349 2.23228 10.8
    endloop
  endfacet
  facet normal 0 0 1
    outer loop
      vertex 14.2699 2.54356 10.8
      vertex 14.0785 2.19131 10.8
      vertex 14.2648 2.20157 10.8
    endloop
  endfacet
  facet normal -0 0 1
    outer loop
      vertex 14.0199 2.519 10.8
      vertex 14.0785 2.19131 10.8
      vertex 14.2699 2.54356 10.8
    endloop
  endfacet
  facet normal 0 0 1
    outer loop
      vertex 13.1802 2.19131 10.8
      vertex 14.0199 2.519 10.8
      vertex 13.1802 2.519 10.8
    endloop
  endfacet
  facet normal 0 0 1
    outer loop
      vertex 14.0199 2.519 10.8
      vertex 13.1802 2.19131 10.8
      vertex 14.0785 2.19131 10.8
    endloop
  endfacet
  facet normal 0 0 1
    outer loop
      vertex 5.88176 3.183 10.8
      vertex 5.45787 3.28036 10.8
      vertex 5.46512 3.17868 10.8
    endloop
  endfacet
  facet normal 0 0 1
    outer loop
      vertex 5.60072 3.82643 10.8
      vertex 5.43611 3.3719 10.8
      vertex 5.45787 3.28036 10.8
    endloop
  endfacet
  facet normal 0 0 1
    outer loop
      vertex 5.60072 3.82643 10.8
      vertex 5.39987 3.45328 10.8
      vertex 5.43611 3.3719 10.8
    endloop
  endfacet
  facet normal 0 0 1
    outer loop
      vertex 5.60072 3.82643 10.8
      vertex 5.34914 3.52449 10.8
      vertex 5.39987 3.45328 10.8
    endloop
  endfacet
  facet normal 0 0 1
    outer loop
      vertex 5.20505 3.63596 10.8
      vertex 5.47891 3.90962 10.8
      vertex 5.33826 3.97433 10.8
    endloop
  endfacet
  facet normal 0 0 1
    outer loop
      vertex 5.60072 3.82643 10.8
      vertex 5.28389 3.58556 10.8
      vertex 5.34914 3.52449 10.8
    endloop
  endfacet
  facet normal 0 0 1
    outer loop
      vertex 5.47891 3.90962 10.8
      vertex 5.20505 3.63596 10.8
      vertex 5.28389 3.58556 10.8
    endloop
  endfacet
  facet normal 0 0 1
    outer loop
      vertex 5.11343 3.67514 10.8
      vertex 5.33826 3.97433 10.8
      vertex 5.17876 4.02055 10.8
    endloop
  endfacet
  facet normal 0 0 1
    outer loop
      vertex 5.33826 3.97433 10.8
      vertex 5.11343 3.67514 10.8
      vertex 5.20505 3.63596 10.8
    endloop
  endfacet
  facet normal 0 0 1
    outer loop
      vertex 5.17876 4.02055 10.8
      vertex 5.00906 3.70314 10.8
      vertex 5.11343 3.67514 10.8
    endloop
  endfacet
  facet normal 0 0 1
    outer loop
      vertex 5.00043 4.04828 10.8
      vertex 5.00906 3.70314 10.8
      vertex 5.17876 4.02055 10.8
    endloop
  endfacet
  facet normal 0 0 1
    outer loop
      vertex 5.00043 4.04828 10.8
      vertex 4.89194 3.71992 10.8
      vertex 5.00906 3.70314 10.8
    endloop
  endfacet
  facet normal 0 0 1
    outer loop
      vertex 4.80325 4.05753 10.8
      vertex 4.89194 3.71992 10.8
      vertex 5.00043 4.04828 10.8
    endloop
  endfacet
  facet normal 0 0 1
    outer loop
      vertex 4.80325 4.05753 10.8
      vertex 4.76204 3.72552 10.8
      vertex 4.89194 3.71992 10.8
    endloop
  endfacet
  facet normal 0 0 1
    outer loop
      vertex 4.80325 4.05753 10.8
      vertex 3.77904 3.72552 10.8
      vertex 4.76204 3.72552 10.8
    endloop
  endfacet
  facet normal 0 0 1
    outer loop
      vertex 3.36456 4.05753 10.8
      vertex 3.77904 2.59711 10.8
      vertex 3.77904 3.72552 10.8
    endloop
  endfacet
  facet normal 0 0 1
    outer loop
      vertex 3.36456 1 10.8
      vertex 3.77904 2.59711 10.8
      vertex 3.36456 4.05753 10.8
    endloop
  endfacet
  facet normal -0 0 1
    outer loop
      vertex 3.36456 4.05753 10.8
      vertex 3.77904 3.72552 10.8
      vertex 4.80325 4.05753 10.8
    endloop
  endfacet
  facet normal 0 0 1
    outer loop
      vertex 3.77904 2.59711 10.8
      vertex 3.36456 1 10.8
      vertex 3.77904 2.26944 10.8
    endloop
  endfacet
  facet normal 0 0 1
    outer loop
      vertex 3.77904 2.26944 10.8
      vertex 3.36456 1 10.8
      vertex 3.77904 1 10.8
    endloop
  endfacet
  facet normal -0 0 1
    outer loop
      vertex 5.45787 3.28036 10.8
      vertex 5.88176 3.183 10.8
      vertex 5.87051 3.34068 10.8
    endloop
  endfacet
  facet normal 0 0 1
    outer loop
      vertex 5.88176 3.183 10.8
      vertex 5.46512 3.17868 10.8
      vertex 5.87381 3.05107 10.8
    endloop
  endfacet
  facet normal 0 0 1
    outer loop
      vertex 5.45787 3.28036 10.8
      vertex 5.87051 3.34068 10.8
      vertex 5.83679 3.48386 10.8
    endloop
  endfacet
  facet normal -0 0 1
    outer loop
      vertex 5.45795 3.07335 10.8
      vertex 5.87381 3.05107 10.8
      vertex 5.46512 3.17868 10.8
    endloop
  endfacet
  facet normal 0 0 1
    outer loop
      vertex 5.45787 3.28036 10.8
      vertex 5.83679 3.48386 10.8
      vertex 5.78058 3.61255 10.8
    endloop
  endfacet
  facet normal 0 0 1
    outer loop
      vertex 5.87381 3.05107 10.8
      vertex 5.45795 3.07335 10.8
      vertex 5.84998 2.92783 10.8
    endloop
  endfacet
  facet normal 0 0 1
    outer loop
      vertex 5.45787 3.28036 10.8
      vertex 5.78058 3.61255 10.8
      vertex 5.7019 3.72673 10.8
    endloop
  endfacet
  facet normal -0 0 1
    outer loop
      vertex 5.43646 2.97783 10.8
      vertex 5.84998 2.92783 10.8
      vertex 5.45795 3.07335 10.8
    endloop
  endfacet
  facet normal 0 0 1
    outer loop
      vertex 5.45787 3.28036 10.8
      vertex 5.7019 3.72673 10.8
      vertex 5.60072 3.82643 10.8
    endloop
  endfacet
  facet normal 0 0 1
    outer loop
      vertex 5.84998 2.92783 10.8
      vertex 5.43646 2.97783 10.8
      vertex 5.81027 2.81325 10.8
    endloop
  endfacet
  facet normal -0 0 1
    outer loop
      vertex 5.40067 2.89211 10.8
      vertex 5.81027 2.81325 10.8
      vertex 5.43646 2.97783 10.8
    endloop
  endfacet
  facet normal 0 0 1
    outer loop
      vertex 5.28389 3.58556 10.8
      vertex 5.60072 3.82643 10.8
      vertex 5.47891 3.90962 10.8
    endloop
  endfacet
  facet normal 0 0 1
    outer loop
      vertex 5.81027 2.81325 10.8
      vertex 5.40067 2.89211 10.8
      vertex 5.75467 2.70735 10.8
    endloop
  endfacet
  facet normal 0 0 1
    outer loop
      vertex 5.75467 2.70735 10.8
      vertex 5.40067 2.89211 10.8
      vertex 5.6832 2.61014 10.8
    endloop
  endfacet
  facet normal -0 0 1
    outer loop
      vertex 5.35052 2.81621 10.8
      vertex 5.6832 2.61014 10.8
      vertex 5.40067 2.89211 10.8
    endloop
  endfacet
  facet normal 0 0 1
    outer loop
      vertex 5.6832 2.61014 10.8
      vertex 5.35052 2.81621 10.8
      vertex 5.59773 2.52412 10.8
    endloop
  endfacet
  facet normal -0 0 1
    outer loop
      vertex 5.28607 2.75011 10.8
      vertex 5.59773 2.52412 10.8
      vertex 5.35052 2.81621 10.8
    endloop
  endfacet
  facet normal 0 0 1
    outer loop
      vertex 5.59773 2.52412 10.8
      vertex 5.28607 2.75011 10.8
      vertex 5.50021 2.45181 10.8
    endloop
  endfacet
  facet normal 0 0 1
    outer loop
      vertex 5.50021 2.45181 10.8
      vertex 5.28607 2.75011 10.8
      vertex 5.39064 2.39322 10.8
    endloop
  endfacet
  facet normal -0 0 1
    outer loop
      vertex 5.20853 2.69502 10.8
      vertex 5.39064 2.39322 10.8
      vertex 5.28607 2.75011 10.8
    endloop
  endfacet
  facet normal 0 0 1
    outer loop
      vertex 5.39064 2.39322 10.8
      vertex 5.20853 2.69502 10.8
      vertex 5.269 2.34834 10.8
    endloop
  endfacet
  facet normal -0 0 1
    outer loop
      vertex 5.11908 2.65219 10.8
      vertex 5.269 2.34834 10.8
      vertex 5.20853 2.69502 10.8
    endloop
  endfacet
  facet normal 0 0 1
    outer loop
      vertex 5.269 2.34834 10.8
      vertex 5.11908 2.65219 10.8
      vertex 5.13528 2.31717 10.8
    endloop
  endfacet
  facet normal 0 0 1
    outer loop
      vertex 5.13528 2.31717 10.8
      vertex 5.52588 1 10.8
      vertex 6.0033 1 10.8
    endloop
  endfacet
  facet normal -0 0 1
    outer loop
      vertex 5.01775 2.6216 10.8
      vertex 5.13528 2.31717 10.8
      vertex 5.11908 2.65219 10.8
    endloop
  endfacet
  facet normal -0 0 1
    outer loop
      vertex 4.90451 2.60323 10.8
      vertex 5.13528 2.31717 10.8
      vertex 5.01775 2.6216 10.8
    endloop
  endfacet
  facet normal 0 0 1
    outer loop
      vertex 5.13528 2.31717 10.8
      vertex 4.90451 2.60323 10.8
      vertex 4.73164 2.26944 10.8
    endloop
  endfacet
  facet normal 0 0 1
    outer loop
      vertex 4.73164 2.26944 10.8
      vertex 4.90451 2.60323 10.8
      vertex 4.77939 2.59711 10.8
    endloop
  endfacet
  facet normal 0 0 1
    outer loop
      vertex 5.13528 2.31717 10.8
      vertex 4.73164 2.26944 10.8
      vertex 5.52588 1 10.8
    endloop
  endfacet
  facet normal -0 0 1
    outer loop
      vertex 3.77904 2.59711 10.8
      vertex 4.73164 2.26944 10.8
      vertex 4.77939 2.59711 10.8
    endloop
  endfacet
  facet normal 0 0 1
    outer loop
      vertex 4.73164 2.26944 10.8
      vertex 3.77904 2.59711 10.8
      vertex 3.77904 2.26944 10.8
    endloop
  endfacet
  facet normal 0 0 1
    outer loop
      vertex 10.5565 3.56477 10.8
      vertex 10.9172 4.05753 10.8
      vertex 10.5635 3.69081 10.8
    endloop
  endfacet
  facet normal 0 0 1
    outer loop
      vertex 10.3856 4.05753 10.8
      vertex 10.5218 3.54221 10.8
      vertex 10.5635 3.69081 10.8
    endloop
  endfacet
  facet normal 0 0 1
    outer loop
      vertex 10.5218 3.54221 10.8
      vertex 10.3856 4.05753 10.8
      vertex 10.4819 3.40714 10.8
    endloop
  endfacet
  facet normal 0 0 1
    outer loop
      vertex 10.4819 3.40714 10.8
      vertex 10.3856 4.05753 10.8
      vertex 10.4437 3.28561 10.8
    endloop
  endfacet
  facet normal -0 0 1
    outer loop
      vertex 10.3856 4.05753 10.8
      vertex 10.5635 3.69081 10.8
      vertex 10.9172 4.05753 10.8
    endloop
  endfacet
  facet normal 0 0 1
    outer loop
      vertex 10.4437 3.28561 10.8
      vertex 10.3856 4.05753 10.8
      vertex 10.4073 3.17763 10.8
    endloop
  endfacet
  facet normal 0 0 1
    outer loop
      vertex 10.3856 4.05753 10.8
      vertex 10.3725 3.08319 10.8
      vertex 10.4073 3.17763 10.8
    endloop
  endfacet
  facet normal 0 0 1
    outer loop
      vertex 9.58701 1.93744 10.8
      vertex 10.3725 3.08319 10.8
      vertex 10.3856 4.05753 10.8
    endloop
  endfacet
  facet normal -0 0 1
    outer loop
      vertex 9.58701 1.93744 10.8
      vertex 9.58266 1 10.8
      vertex 10.3725 3.08319 10.8
    endloop
  endfacet
  facet normal -0 0 1
    outer loop
      vertex 9.57776 1.91396 10.8
      vertex 9.58266 1 10.8
      vertex 9.58701 1.93744 10.8
    endloop
  endfacet
  facet normal -0 0 1
    outer loop
      vertex 9.56564 1.87997 10.8
      vertex 9.58266 1 10.8
      vertex 9.57776 1.91396 10.8
    endloop
  endfacet
  facet normal -0 0 1
    outer loop
      vertex 9.55066 1.83548 10.8
      vertex 9.58266 1 10.8
      vertex 9.56564 1.87997 10.8
    endloop
  endfacet
  facet normal -0 0 1
    outer loop
      vertex 9.53282 1.78049 10.8
      vertex 9.58266 1 10.8
      vertex 9.55066 1.83548 10.8
    endloop
  endfacet
  facet normal -0 0 1
    outer loop
      vertex 9.51213 1.715 10.8
      vertex 9.58266 1 10.8
      vertex 9.53282 1.78049 10.8
    endloop
  endfacet
  facet normal -0 0 1
    outer loop
      vertex 9.49152 1.64787 10.8
      vertex 9.58266 1 10.8
      vertex 9.51213 1.715 10.8
    endloop
  endfacet
  facet normal -0 0 1
    outer loop
      vertex 9.47394 1.58794 10.8
      vertex 9.58266 1 10.8
      vertex 9.49152 1.64787 10.8
    endloop
  endfacet
  facet normal -0 0 1
    outer loop
      vertex 9.4594 1.5352 10.8
      vertex 9.58266 1 10.8
      vertex 9.47394 1.58794 10.8
    endloop
  endfacet
  facet normal -0 0 1
    outer loop
      vertex 9.44789 1.48969 10.8
      vertex 9.58266 1 10.8
      vertex 9.4594 1.5352 10.8
    endloop
  endfacet
  facet normal -0 0 1
    outer loop
      vertex 9.43942 1.45135 10.8
      vertex 9.58266 1 10.8
      vertex 9.44789 1.48969 10.8
    endloop
  endfacet
  facet normal 0 0 1
    outer loop
      vertex 9.29187 1 10.8
      vertex 9.43312 1.48064 10.8
      vertex 9.42467 1.51645 10.8
    endloop
  endfacet
  facet normal 0 0 1
    outer loop
      vertex 9.29187 1 10.8
      vertex 9.42467 1.51645 10.8
      vertex 9.41403 1.55875 10.8
    endloop
  endfacet
  facet normal 0 0 1
    outer loop
      vertex 9.29187 1 10.8
      vertex 9.41403 1.55875 10.8
      vertex 9.40121 1.60757 10.8
    endloop
  endfacet
  facet normal 0 0 1
    outer loop
      vertex 9.29187 1 10.8
      vertex 9.40121 1.60757 10.8
      vertex 9.38625 1.6629 10.8
    endloop
  endfacet
  facet normal 0 0 1
    outer loop
      vertex 9.29187 1 10.8
      vertex 9.38625 1.6629 10.8
      vertex 9.37006 1.72076 10.8
    endloop
  endfacet
  facet normal 0 0 1
    outer loop
      vertex 9.29187 1 10.8
      vertex 9.37006 1.72076 10.8
      vertex 9.35361 1.77715 10.8
    endloop
  endfacet
  facet normal 0 0 1
    outer loop
      vertex 9.29187 1 10.8
      vertex 9.35361 1.77715 10.8
      vertex 9.33691 1.83205 10.8
    endloop
  endfacet
  facet normal 0 0 1
    outer loop
      vertex 9.29187 1 10.8
      vertex 9.33691 1.83205 10.8
      vertex 9.31995 1.88548 10.8
    endloop
  endfacet
  facet normal 0 0 1
    outer loop
      vertex 9.29187 1 10.8
      vertex 9.31995 1.88548 10.8
      vertex 9.30272 1.93744 10.8
    endloop
  endfacet
  facet normal 0 0 1
    outer loop
      vertex 9.43942 1.45135 10.8
      vertex 9.29187 1 10.8
      vertex 9.58266 1 10.8
    endloop
  endfacet
  facet normal 0 0 1
    outer loop
      vertex 9.43312 1.48064 10.8
      vertex 9.29187 1 10.8
      vertex 9.43942 1.45135 10.8
    endloop
  endfacet
  facet normal 0 0 1
    outer loop
      vertex 9.30272 1.93744 10.8
      vertex 8.49113 3.08319 10.8
      vertex 9.29187 1 10.8
    endloop
  endfacet
  facet normal 0 0 1
    outer loop
      vertex 8.48895 4.05753 10.8
      vertex 8.49113 3.08319 10.8
      vertex 9.30272 1.93744 10.8
    endloop
  endfacet
  facet normal 0 0 1
    outer loop
      vertex 8.48895 4.05753 10.8
      vertex 8.36963 3.45209 10.8
      vertex 8.49113 3.08319 10.8
    endloop
  endfacet
  facet normal 0 0 1
    outer loop
      vertex 8.48895 4.05753 10.8
      vertex 8.29802 3.69081 10.8
      vertex 8.36963 3.45209 10.8
    endloop
  endfacet
  facet normal 0 -0 1
    outer loop
      vertex 8.29802 3.69081 10.8
      vertex 8.48895 4.05753 10.8
      vertex 7.94432 4.05753 10.8
    endloop
  endfacet
  facet normal 0 0 1
    outer loop
      vertex 10.551 3.43666 10.8
      vertex 10.9172 4.05753 10.8
      vertex 10.5565 3.56477 10.8
    endloop
  endfacet
  facet normal 0 0 1
    outer loop
      vertex 10.5471 3.30646 10.8
      vertex 10.9172 4.05753 10.8
      vertex 10.551 3.43666 10.8
    endloop
  endfacet
  facet normal 0 0 1
    outer loop
      vertex 10.5448 3.17416 10.8
      vertex 10.9172 4.05753 10.8
      vertex 10.5471 3.30646 10.8
    endloop
  endfacet
  facet normal 0 0 1
    outer loop
      vertex 10.544 3.03979 10.8
      vertex 10.9172 4.05753 10.8
      vertex 10.5448 3.17416 10.8
    endloop
  endfacet
  facet normal 0 0 1
    outer loop
      vertex 10.9172 4.05753 10.8
      vertex 10.544 3.03979 10.8
      vertex 10.9172 1 10.8
    endloop
  endfacet
  facet normal 0 0 1
    outer loop
      vertex 10.9172 1 10.8
      vertex 10.544 3.03979 10.8
      vertex 10.544 1 10.8
    endloop
  endfacet
  facet normal 0 0 1
    outer loop
      vertex 7.94432 4.05753 10.8
      vertex 8.31322 3.03979 10.8
      vertex 8.3045 3.44991 10.8
    endloop
  endfacet
  facet normal 0 0 1
    outer loop
      vertex 7.94432 4.05753 10.8
      vertex 8.3045 3.44991 10.8
      vertex 8.29802 3.69081 10.8
    endloop
  endfacet
  facet normal 0 0 1
    outer loop
      vertex 8.31322 3.03979 10.8
      vertex 7.94432 4.05753 10.8
      vertex 7.94432 1 10.8
    endloop
  endfacet
  facet normal 0 0 1
    outer loop
      vertex 8.31322 3.03979 10.8
      vertex 7.94432 1 10.8
      vertex 8.31322 1 10.8
    endloop
  endfacet
  facet normal -0 0 1
    outer loop
      vertex 6.33186 2.35406 10.8
      vertex 7.41687 2.00687 10.8
      vertex 7.41687 2.35406 10.8
    endloop
  endfacet
  facet normal 0 0 1
    outer loop
      vertex 7.41687 2.00687 10.8
      vertex 6.33186 2.35406 10.8
      vertex 6.33186 2.00687 10.8
    endloop
  endfacet
  facet normal -0 0 1
    outer loop
      vertex 15.6606 4.05753 10.8
      vertex 16.0751 2.76422 10.8
      vertex 16.0751 4.05753 10.8
    endloop
  endfacet
  facet normal 0 0 1
    outer loop
      vertex 16.0751 2.76422 10.8
      vertex 15.6606 4.05753 10.8
      vertex 16.0751 2.41702 10.8
    endloop
  endfacet
  facet normal 0 0 1
    outer loop
      vertex 15.6606 1 10.8
      vertex 16.0751 2.41702 10.8
      vertex 15.6606 4.05753 10.8
    endloop
  endfacet
  facet normal 0 0 1
    outer loop
      vertex 16.0751 2.41702 10.8
      vertex 15.6606 1 10.8
      vertex 16.0751 1 10.8
    endloop
  endfacet
  facet normal -0 0 1
    outer loop
      vertex 16.0751 2.76422 10.8
      vertex 17.7286 2.41702 10.8
      vertex 17.7286 2.76422 10.8
    endloop
  endfacet
  facet normal 0 0 1
    outer loop
      vertex 17.7286 2.41702 10.8
      vertex 16.0751 2.76422 10.8
      vertex 16.0751 2.41702 10.8
    endloop
  endfacet
  facet normal 0 0 1
    outer loop
      vertex 17.7286 2.76422 10.8
      vertex 18.1431 4.05753 10.8
      vertex 17.7286 4.05753 10.8
    endloop
  endfacet
  facet normal 0 0 1
    outer loop
      vertex 17.7286 2.41702 10.8
      vertex 18.1431 4.05753 10.8
      vertex 17.7286 2.76422 10.8
    endloop
  endfacet
  facet normal 0 0 1
    outer loop
      vertex 18.1431 4.05753 10.8
      vertex 17.7286 2.41702 10.8
      vertex 18.1431 1 10.8
    endloop
  endfacet
  facet normal 0 0 1
    outer loop
      vertex 18.1431 1 10.8
      vertex 17.7286 2.41702 10.8
      vertex 17.7286 1 10.8
    endloop
  endfacet
  facet normal 0 -1 0
    outer loop
      vertex 3.77904 2.26944 10
      vertex 4.73164 2.26944 10.8
      vertex 3.77904 2.26944 10.8
    endloop
  endfacet
  facet normal 0 -1 -0
    outer loop
      vertex 4.73164 2.26944 10.8
      vertex 3.77904 2.26944 10
      vertex 4.73164 2.26944 10
    endloop
  endfacet
  facet normal -0.847746 -0.530402 0
    outer loop
      vertex 5.52588 1 10
      vertex 4.73164 2.26944 10.8
      vertex 4.73164 2.26944 10
    endloop
  endfacet
  facet normal -0.847746 -0.530402 0
    outer loop
      vertex 4.73164 2.26944 10.8
      vertex 5.52588 1 10
      vertex 5.52588 1 10.8
    endloop
  endfacet
  facet normal 0 -1 0
    outer loop
      vertex 5.52588 1 10
      vertex 6.0033 1 10.8
      vertex 5.52588 1 10.8
    endloop
  endfacet
  facet normal 0 -1 -0
    outer loop
      vertex 6.0033 1 10.8
      vertex 5.52588 1 10
      vertex 6.0033 1 10
    endloop
  endfacet
  facet normal 0.834992 0.550263 0
    outer loop
      vertex 6.0033 1 10.8
      vertex 5.13528 2.31717 10
      vertex 5.13528 2.31717 10.8
    endloop
  endfacet
  facet normal 0.834992 0.550263 0
    outer loop
      vertex 5.13528 2.31717 10
      vertex 6.0033 1 10.8
      vertex 6.0033 1 10
    endloop
  endfacet
  facet normal 0.227013 -0.973892 0
    outer loop
      vertex 5.13528 2.31717 10
      vertex 5.269 2.34834 10.8
      vertex 5.13528 2.31717 10.8
    endloop
  endfacet
  facet normal 0.227013 -0.973892 0
    outer loop
      vertex 5.269 2.34834 10.8
      vertex 5.13528 2.31717 10
      vertex 5.269 2.34834 10
    endloop
  endfacet
  facet normal 0.346149 -0.93818 0
    outer loop
      vertex 5.269 2.34834 10
      vertex 5.39064 2.39322 10.8
      vertex 5.269 2.34834 10.8
    endloop
  endfacet
  facet normal 0.346149 -0.93818 0
    outer loop
      vertex 5.39064 2.39322 10.8
      vertex 5.269 2.34834 10
      vertex 5.39064 2.39322 10
    endloop
  endfacet
  facet normal 0.471545 -0.881842 0
    outer loop
      vertex 5.39064 2.39322 10
      vertex 5.50021 2.45181 10.8
      vertex 5.39064 2.39322 10.8
    endloop
  endfacet
  facet normal 0.471545 -0.881842 0
    outer loop
      vertex 5.50021 2.45181 10.8
      vertex 5.39064 2.39322 10
      vertex 5.50021 2.45181 10
    endloop
  endfacet
  facet normal 0.595616 -0.80327 0
    outer loop
      vertex 5.50021 2.45181 10
      vertex 5.59773 2.52412 10.8
      vertex 5.50021 2.45181 10.8
    endloop
  endfacet
  facet normal 0.595616 -0.80327 0
    outer loop
      vertex 5.59773 2.52412 10.8
      vertex 5.50021 2.45181 10
      vertex 5.59773 2.52412 10
    endloop
  endfacet
  facet normal 0.709371 -0.704835 0
    outer loop
      vertex 5.59773 2.52412 10.8
      vertex 5.6832 2.61014 10
      vertex 5.6832 2.61014 10.8
    endloop
  endfacet
  facet normal 0.709371 -0.704835 0
    outer loop
      vertex 5.6832 2.61014 10
      vertex 5.59773 2.52412 10.8
      vertex 5.59773 2.52412 10
    endloop
  endfacet
  facet normal 0.805682 -0.592348 0
    outer loop
      vertex 5.6832 2.61014 10.8
      vertex 5.75467 2.70735 10
      vertex 5.75467 2.70735 10.8
    endloop
  endfacet
  facet normal 0.805682 -0.592348 0
    outer loop
      vertex 5.75467 2.70735 10
      vertex 5.6832 2.61014 10.8
      vertex 5.6832 2.61014 10
    endloop
  endfacet
  facet normal 0.885389 -0.46485 0
    outer loop
      vertex 5.75467 2.70735 10.8
      vertex 5.81027 2.81325 10
      vertex 5.81027 2.81325 10.8
    endloop
  endfacet
  facet normal 0.885389 -0.46485 0
    outer loop
      vertex 5.81027 2.81325 10
      vertex 5.75467 2.70735 10.8
      vertex 5.75467 2.70735 10
    endloop
  endfacet
  facet normal 0.944864 -0.327462 0
    outer loop
      vertex 5.81027 2.81325 10.8
      vertex 5.84998 2.92783 10
      vertex 5.84998 2.92783 10.8
    endloop
  endfacet
  facet normal 0.944864 -0.327462 0
    outer loop
      vertex 5.84998 2.92783 10
      vertex 5.81027 2.81325 10.8
      vertex 5.81027 2.81325 10
    endloop
  endfacet
  facet normal 0.981814 -0.189846 0
    outer loop
      vertex 5.84998 2.92783 10.8
      vertex 5.87381 3.05107 10
      vertex 5.87381 3.05107 10.8
    endloop
  endfacet
  facet normal 0.981814 -0.189846 0
    outer loop
      vertex 5.87381 3.05107 10
      vertex 5.84998 2.92783 10.8
      vertex 5.84998 2.92783 10
    endloop
  endfacet
  facet normal 0.998189 -0.0601501 0
    outer loop
      vertex 5.87381 3.05107 10.8
      vertex 5.88176 3.183 10
      vertex 5.88176 3.183 10.8
    endloop
  endfacet
  facet normal 0.998189 -0.0601501 0
    outer loop
      vertex 5.88176 3.183 10
      vertex 5.87381 3.05107 10.8
      vertex 5.87381 3.05107 10
    endloop
  endfacet
  facet normal 0.997464 0.0711661 0
    outer loop
      vertex 5.88176 3.183 10.8
      vertex 5.87051 3.34068 10
      vertex 5.87051 3.34068 10.8
    endloop
  endfacet
  facet normal 0.997464 0.0711661 0
    outer loop
      vertex 5.87051 3.34068 10
      vertex 5.88176 3.183 10.8
      vertex 5.88176 3.183 10
    endloop
  endfacet
  facet normal 0.973371 0.229236 0
    outer loop
      vertex 5.87051 3.34068 10.8
      vertex 5.83679 3.48386 10
      vertex 5.83679 3.48386 10.8
    endloop
  endfacet
  facet normal 0.973371 0.229236 0
    outer loop
      vertex 5.83679 3.48386 10
      vertex 5.87051 3.34068 10.8
      vertex 5.87051 3.34068 10
    endloop
  endfacet
  facet normal 0.916397 0.40027 0
    outer loop
      vertex 5.83679 3.48386 10.8
      vertex 5.78058 3.61255 10
      vertex 5.78058 3.61255 10.8
    endloop
  endfacet
  facet normal 0.916397 0.40027 0
    outer loop
      vertex 5.78058 3.61255 10
      vertex 5.83679 3.48386 10.8
      vertex 5.83679 3.48386 10
    endloop
  endfacet
  facet normal 0.823431 0.567416 0
    outer loop
      vertex 5.78058 3.61255 10.8
      vertex 5.7019 3.72673 10
      vertex 5.7019 3.72673 10.8
    endloop
  endfacet
  facet normal 0.823431 0.567416 0
    outer loop
      vertex 5.7019 3.72673 10
      vertex 5.78058 3.61255 10.8
      vertex 5.78058 3.61255 10
    endloop
  endfacet
  facet normal 0.701878 0.712297 -0
    outer loop
      vertex 5.7019 3.72673 10
      vertex 5.60072 3.82643 10.8
      vertex 5.7019 3.72673 10.8
    endloop
  endfacet
  facet normal 0.701878 0.712297 0
    outer loop
      vertex 5.60072 3.82643 10.8
      vertex 5.7019 3.72673 10
      vertex 5.60072 3.82643 10
    endloop
  endfacet
  facet normal 0.563974 0.825793 -0
    outer loop
      vertex 5.60072 3.82643 10
      vertex 5.47891 3.90962 10.8
      vertex 5.60072 3.82643 10.8
    endloop
  endfacet
  facet normal 0.563974 0.825793 0
    outer loop
      vertex 5.47891 3.90962 10.8
      vertex 5.60072 3.82643 10
      vertex 5.47891 3.90962 10
    endloop
  endfacet
  facet normal 0.417964 0.908463 -0
    outer loop
      vertex 5.47891 3.90962 10
      vertex 5.33826 3.97433 10.8
      vertex 5.47891 3.90962 10.8
    endloop
  endfacet
  facet normal 0.417964 0.908463 0
    outer loop
      vertex 5.33826 3.97433 10.8
      vertex 5.47891 3.90962 10
      vertex 5.33826 3.97433 10
    endloop
  endfacet
  facet normal 0.27833 0.960485 -0
    outer loop
      vertex 5.33826 3.97433 10
      vertex 5.17876 4.02055 10.8
      vertex 5.33826 3.97433 10.8
    endloop
  endfacet
  facet normal 0.27833 0.960485 0
    outer loop
      vertex 5.17876 4.02055 10.8
      vertex 5.33826 3.97433 10
      vertex 5.17876 4.02055 10
    endloop
  endfacet
  facet normal 0.153652 0.988125 -0
    outer loop
      vertex 5.17876 4.02055 10
      vertex 5.00043 4.04828 10.8
      vertex 5.17876 4.02055 10.8
    endloop
  endfacet
  facet normal 0.153652 0.988125 0
    outer loop
      vertex 5.00043 4.04828 10.8
      vertex 5.17876 4.02055 10
      vertex 5.00043 4.04828 10
    endloop
  endfacet
  facet normal 0.0468599 0.998901 -0
    outer loop
      vertex 5.00043 4.04828 10
      vertex 4.80325 4.05753 10.8
      vertex 5.00043 4.04828 10.8
    endloop
  endfacet
  facet normal 0.0468599 0.998901 0
    outer loop
      vertex 4.80325 4.05753 10.8
      vertex 5.00043 4.04828 10
      vertex 4.80325 4.05753 10
    endloop
  endfacet
  facet normal 0 1 -0
    outer loop
      vertex 4.80325 4.05753 10
      vertex 3.36456 4.05753 10.8
      vertex 4.80325 4.05753 10.8
    endloop
  endfacet
  facet normal 0 1 0
    outer loop
      vertex 3.36456 4.05753 10.8
      vertex 4.80325 4.05753 10
      vertex 3.36456 4.05753 10
    endloop
  endfacet
  facet normal -1 0 0
    outer loop
      vertex 3.36456 1 10
      vertex 3.36456 4.05753 10.8
      vertex 3.36456 4.05753 10
    endloop
  endfacet
  facet normal -1 -0 0
    outer loop
      vertex 3.36456 4.05753 10.8
      vertex 3.36456 1 10
      vertex 3.36456 1 10.8
    endloop
  endfacet
  facet normal 0 -1 0
    outer loop
      vertex 3.36456 1 10
      vertex 3.77904 1 10.8
      vertex 3.36456 1 10.8
    endloop
  endfacet
  facet normal 0 -1 -0
    outer loop
      vertex 3.77904 1 10.8
      vertex 3.36456 1 10
      vertex 3.77904 1 10
    endloop
  endfacet
  facet normal 1 -0 0
    outer loop
      vertex 3.77904 1 10.8
      vertex 3.77904 2.26944 10
      vertex 3.77904 2.26944 10.8
    endloop
  endfacet
  facet normal 1 0 0
    outer loop
      vertex 3.77904 2.26944 10
      vertex 3.77904 1 10.8
      vertex 3.77904 1 10
    endloop
  endfacet
  facet normal 1 -0 0
    outer loop
      vertex 3.77904 2.59711 10.8
      vertex 3.77904 3.72552 10
      vertex 3.77904 3.72552 10.8
    endloop
  endfacet
  facet normal 1 0 0
    outer loop
      vertex 3.77904 3.72552 10
      vertex 3.77904 2.59711 10.8
      vertex 3.77904 2.59711 10
    endloop
  endfacet
  facet normal 0 -1 0
    outer loop
      vertex 3.77904 3.72552 10
      vertex 4.76204 3.72552 10.8
      vertex 3.77904 3.72552 10.8
    endloop
  endfacet
  facet normal 0 -1 -0
    outer loop
      vertex 4.76204 3.72552 10.8
      vertex 3.77904 3.72552 10
      vertex 4.76204 3.72552 10
    endloop
  endfacet
  facet normal -0.0430701 -0.999072 0
    outer loop
      vertex 4.76204 3.72552 10
      vertex 4.89194 3.71992 10.8
      vertex 4.76204 3.72552 10.8
    endloop
  endfacet
  facet normal -0.0430701 -0.999072 -0
    outer loop
      vertex 4.89194 3.71992 10.8
      vertex 4.76204 3.72552 10
      vertex 4.89194 3.71992 10
    endloop
  endfacet
  facet normal -0.141824 -0.989892 0
    outer loop
      vertex 4.89194 3.71992 10
      vertex 5.00906 3.70314 10.8
      vertex 4.89194 3.71992 10.8
    endloop
  endfacet
  facet normal -0.141824 -0.989892 -0
    outer loop
      vertex 5.00906 3.70314 10.8
      vertex 4.89194 3.71992 10
      vertex 5.00906 3.70314 10
    endloop
  endfacet
  facet normal -0.259114 -0.965847 0
    outer loop
      vertex 5.00906 3.70314 10
      vertex 5.11343 3.67514 10.8
      vertex 5.00906 3.70314 10.8
    endloop
  endfacet
  facet normal -0.259114 -0.965847 -0
    outer loop
      vertex 5.11343 3.67514 10.8
      vertex 5.00906 3.70314 10
      vertex 5.11343 3.67514 10
    endloop
  endfacet
  facet normal -0.393192 -0.919456 0
    outer loop
      vertex 5.11343 3.67514 10
      vertex 5.20505 3.63596 10.8
      vertex 5.11343 3.67514 10.8
    endloop
  endfacet
  facet normal -0.393192 -0.919456 -0
    outer loop
      vertex 5.20505 3.63596 10.8
      vertex 5.11343 3.67514 10
      vertex 5.20505 3.63596 10
    endloop
  endfacet
  facet normal -0.538617 -0.842551 0
    outer loop
      vertex 5.20505 3.63596 10
      vertex 5.28389 3.58556 10.8
      vertex 5.20505 3.63596 10.8
    endloop
  endfacet
  facet normal -0.538617 -0.842551 -0
    outer loop
      vertex 5.28389 3.58556 10.8
      vertex 5.20505 3.63596 10
      vertex 5.28389 3.58556 10
    endloop
  endfacet
  facet normal -0.683334 -0.730106 0
    outer loop
      vertex 5.28389 3.58556 10
      vertex 5.34914 3.52449 10.8
      vertex 5.28389 3.58556 10.8
    endloop
  endfacet
  facet normal -0.683334 -0.730106 -0
    outer loop
      vertex 5.34914 3.52449 10.8
      vertex 5.28389 3.58556 10
      vertex 5.34914 3.52449 10
    endloop
  endfacet
  facet normal -0.814459 -0.580221 0
    outer loop
      vertex 5.39987 3.45328 10
      vertex 5.34914 3.52449 10.8
      vertex 5.34914 3.52449 10
    endloop
  endfacet
  facet normal -0.814459 -0.580221 0
    outer loop
      vertex 5.34914 3.52449 10.8
      vertex 5.39987 3.45328 10
      vertex 5.39987 3.45328 10.8
    endloop
  endfacet
  facet normal -0.913515 -0.406805 0
    outer loop
      vertex 5.43611 3.3719 10
      vertex 5.39987 3.45328 10.8
      vertex 5.39987 3.45328 10
    endloop
  endfacet
  facet normal -0.913515 -0.406805 0
    outer loop
      vertex 5.39987 3.45328 10.8
      vertex 5.43611 3.3719 10
      vertex 5.43611 3.3719 10.8
    endloop
  endfacet
  facet normal -0.972891 -0.231266 0
    outer loop
      vertex 5.45787 3.28036 10
      vertex 5.43611 3.3719 10.8
      vertex 5.43611 3.3719 10
    endloop
  endfacet
  facet normal -0.972891 -0.231266 0
    outer loop
      vertex 5.43611 3.3719 10.8
      vertex 5.45787 3.28036 10
      vertex 5.45787 3.28036 10.8
    endloop
  endfacet
  facet normal -0.997468 -0.0711216 0
    outer loop
      vertex 5.46512 3.17868 10
      vertex 5.45787 3.28036 10.8
      vertex 5.45787 3.28036 10
    endloop
  endfacet
  facet normal -0.997468 -0.0711216 0
    outer loop
      vertex 5.45787 3.28036 10.8
      vertex 5.46512 3.17868 10
      vertex 5.46512 3.17868 10.8
    endloop
  endfacet
  facet normal -0.997691 0.0679146 0
    outer loop
      vertex 5.45795 3.07335 10
      vertex 5.46512 3.17868 10.8
      vertex 5.46512 3.17868 10
    endloop
  endfacet
  facet normal -0.997691 0.0679146 0
    outer loop
      vertex 5.46512 3.17868 10.8
      vertex 5.45795 3.07335 10
      vertex 5.45795 3.07335 10.8
    endloop
  endfacet
  facet normal -0.975614 0.219493 0
    outer loop
      vertex 5.43646 2.97783 10
      vertex 5.45795 3.07335 10.8
      vertex 5.45795 3.07335 10
    endloop
  endfacet
  facet normal -0.975614 0.219493 0
    outer loop
      vertex 5.45795 3.07335 10.8
      vertex 5.43646 2.97783 10
      vertex 5.43646 2.97783 10.8
    endloop
  endfacet
  facet normal -0.922796 0.385288 0
    outer loop
      vertex 5.40067 2.89211 10
      vertex 5.43646 2.97783 10.8
      vertex 5.43646 2.97783 10
    endloop
  endfacet
  facet normal -0.922796 0.385288 0
    outer loop
      vertex 5.43646 2.97783 10.8
      vertex 5.40067 2.89211 10
      vertex 5.40067 2.89211 10.8
    endloop
  endfacet
  facet normal -0.834326 0.551271 0
    outer loop
      vertex 5.35052 2.81621 10
      vertex 5.40067 2.89211 10.8
      vertex 5.40067 2.89211 10
    endloop
  endfacet
  facet normal -0.834326 0.551271 0
    outer loop
      vertex 5.40067 2.89211 10.8
      vertex 5.35052 2.81621 10
      vertex 5.35052 2.81621 10.8
    endloop
  endfacet
  facet normal -0.715987 0.698114 0
    outer loop
      vertex 5.28607 2.75011 10
      vertex 5.35052 2.81621 10.8
      vertex 5.35052 2.81621 10
    endloop
  endfacet
  facet normal -0.715987 0.698114 0
    outer loop
      vertex 5.35052 2.81621 10.8
      vertex 5.28607 2.75011 10
      vertex 5.28607 2.75011 10.8
    endloop
  endfacet
  facet normal -0.579178 0.815201 0
    outer loop
      vertex 5.28607 2.75011 10
      vertex 5.20853 2.69502 10.8
      vertex 5.28607 2.75011 10.8
    endloop
  endfacet
  facet normal -0.579178 0.815201 0
    outer loop
      vertex 5.20853 2.69502 10.8
      vertex 5.28607 2.75011 10
      vertex 5.20853 2.69502 10
    endloop
  endfacet
  facet normal -0.431862 0.90194 0
    outer loop
      vertex 5.20853 2.69502 10
      vertex 5.11908 2.65219 10.8
      vertex 5.20853 2.69502 10.8
    endloop
  endfacet
  facet normal -0.431862 0.90194 0
    outer loop
      vertex 5.11908 2.65219 10.8
      vertex 5.20853 2.69502 10
      vertex 5.11908 2.65219 10
    endloop
  endfacet
  facet normal -0.289003 0.957328 0
    outer loop
      vertex 5.11908 2.65219 10
      vertex 5.01775 2.6216 10.8
      vertex 5.11908 2.65219 10.8
    endloop
  endfacet
  facet normal -0.289003 0.957328 0
    outer loop
      vertex 5.01775 2.6216 10.8
      vertex 5.11908 2.65219 10
      vertex 5.01775 2.6216 10
    endloop
  endfacet
  facet normal -0.160129 0.987096 0
    outer loop
      vertex 5.01775 2.6216 10
      vertex 4.90451 2.60323 10.8
      vertex 5.01775 2.6216 10.8
    endloop
  endfacet
  facet normal -0.160129 0.987096 0
    outer loop
      vertex 4.90451 2.60323 10.8
      vertex 5.01775 2.6216 10
      vertex 4.90451 2.60323 10
    endloop
  endfacet
  facet normal -0.0488546 0.998806 0
    outer loop
      vertex 4.90451 2.60323 10
      vertex 4.77939 2.59711 10.8
      vertex 4.90451 2.60323 10.8
    endloop
  endfacet
  facet normal -0.0488546 0.998806 0
    outer loop
      vertex 4.77939 2.59711 10.8
      vertex 4.90451 2.60323 10
      vertex 4.77939 2.59711 10
    endloop
  endfacet
  facet normal 0 1 -0
    outer loop
      vertex 4.77939 2.59711 10
      vertex 3.77904 2.59711 10.8
      vertex 4.77939 2.59711 10.8
    endloop
  endfacet
  facet normal 0 1 0
    outer loop
      vertex 3.77904 2.59711 10.8
      vertex 4.77939 2.59711 10
      vertex 3.77904 2.59711 10
    endloop
  endfacet
  facet normal 0.999774 0.0212573 0
    outer loop
      vertex 8.31322 3.03979 10.8
      vertex 8.3045 3.44991 10
      vertex 8.3045 3.44991 10.8
    endloop
  endfacet
  facet normal 0.999774 0.0212573 0
    outer loop
      vertex 8.3045 3.44991 10
      vertex 8.31322 3.03979 10.8
      vertex 8.31322 3.03979 10
    endloop
  endfacet
  facet normal 0.999638 0.0268894 0
    outer loop
      vertex 8.3045 3.44991 10.8
      vertex 8.29802 3.69081 10
      vertex 8.29802 3.69081 10.8
    endloop
  endfacet
  facet normal 0.999638 0.0268894 0
    outer loop
      vertex 8.29802 3.69081 10
      vertex 8.3045 3.44991 10.8
      vertex 8.3045 3.44991 10
    endloop
  endfacet
  facet normal -0.957833 -0.287326 0
    outer loop
      vertex 8.36963 3.45209 10
      vertex 8.29802 3.69081 10.8
      vertex 8.29802 3.69081 10
    endloop
  endfacet
  facet normal -0.957833 -0.287326 0
    outer loop
      vertex 8.29802 3.69081 10.8
      vertex 8.36963 3.45209 10
      vertex 8.36963 3.45209 10.8
    endloop
  endfacet
  facet normal -0.94981 -0.312827 0
    outer loop
      vertex 8.49113 3.08319 10
      vertex 8.36963 3.45209 10.8
      vertex 8.36963 3.45209 10
    endloop
  endfacet
  facet normal -0.94981 -0.312827 0
    outer loop
      vertex 8.36963 3.45209 10.8
      vertex 8.49113 3.08319 10
      vertex 8.49113 3.08319 10.8
    endloop
  endfacet
  facet normal -0.933419 -0.358789 0
    outer loop
      vertex 9.29187 1 10
      vertex 8.49113 3.08319 10.8
      vertex 8.49113 3.08319 10
    endloop
  endfacet
  facet normal -0.933419 -0.358789 0
    outer loop
      vertex 8.49113 3.08319 10.8
      vertex 9.29187 1 10
      vertex 9.29187 1 10.8
    endloop
  endfacet
  facet normal 0 -1 0
    outer loop
      vertex 9.29187 1 10
      vertex 9.58266 1 10.8
      vertex 9.29187 1 10.8
    endloop
  endfacet
  facet normal 0 -1 -0
    outer loop
      vertex 9.58266 1 10.8
      vertex 9.29187 1 10
      vertex 9.58266 1 10
    endloop
  endfacet
  facet normal 0.935047 -0.354523 0
    outer loop
      vertex 9.58266 1 10.8
      vertex 10.3725 3.08319 10
      vertex 10.3725 3.08319 10.8
    endloop
  endfacet
  facet normal 0.935047 -0.354523 0
    outer loop
      vertex 10.3725 3.08319 10
      vertex 9.58266 1 10.8
      vertex 9.58266 1 10
    endloop
  endfacet
  facet normal 0.938323 -0.345761 0
    outer loop
      vertex 10.3725 3.08319 10.8
      vertex 10.4073 3.17763 10
      vertex 10.4073 3.17763 10.8
    endloop
  endfacet
  facet normal 0.938323 -0.345761 0
    outer loop
      vertex 10.4073 3.17763 10
      vertex 10.3725 3.08319 10.8
      vertex 10.3725 3.08319 10
    endloop
  endfacet
  facet normal 0.947607 -0.319438 0
    outer loop
      vertex 10.4073 3.17763 10.8
      vertex 10.4437 3.28561 10
      vertex 10.4437 3.28561 10.8
    endloop
  endfacet
  facet normal 0.947607 -0.319438 0
    outer loop
      vertex 10.4437 3.28561 10
      vertex 10.4073 3.17763 10.8
      vertex 10.4073 3.17763 10
    endloop
  endfacet
  facet normal 0.953983 -0.299861 0
    outer loop
      vertex 10.4437 3.28561 10.8
      vertex 10.4819 3.40714 10
      vertex 10.4819 3.40714 10.8
    endloop
  endfacet
  facet normal 0.953983 -0.299861 0
    outer loop
      vertex 10.4819 3.40714 10
      vertex 10.4437 3.28561 10.8
      vertex 10.4437 3.28561 10
    endloop
  endfacet
  facet normal 0.959031 -0.2833 0
    outer loop
      vertex 10.4819 3.40714 10.8
      vertex 10.5218 3.54221 10
      vertex 10.5218 3.54221 10.8
    endloop
  endfacet
  facet normal 0.959031 -0.2833 0
    outer loop
      vertex 10.5218 3.54221 10
      vertex 10.4819 3.40714 10.8
      vertex 10.4819 3.40714 10
    endloop
  endfacet
  facet normal 0.962809 -0.270183 0
    outer loop
      vertex 10.5218 3.54221 10.8
      vertex 10.5635 3.69081 10
      vertex 10.5635 3.69081 10.8
    endloop
  endfacet
  facet normal 0.962809 -0.270183 0
    outer loop
      vertex 10.5635 3.69081 10
      vertex 10.5218 3.54221 10.8
      vertex 10.5218 3.54221 10
    endloop
  endfacet
  facet normal -0.998461 0.0554525 0
    outer loop
      vertex 10.5565 3.56477 10
      vertex 10.5635 3.69081 10.8
      vertex 10.5635 3.69081 10
    endloop
  endfacet
  facet normal -0.998461 0.0554525 0
    outer loop
      vertex 10.5635 3.69081 10.8
      vertex 10.5565 3.56477 10
      vertex 10.5565 3.56477 10.8
    endloop
  endfacet
  facet normal -0.99908 0.0428923 0
    outer loop
      vertex 10.551 3.43666 10
      vertex 10.5565 3.56477 10.8
      vertex 10.5565 3.56477 10
    endloop
  endfacet
  facet normal -0.99908 0.0428923 0
    outer loop
      vertex 10.5565 3.56477 10.8
      vertex 10.551 3.43666 10
      vertex 10.551 3.43666 10.8
    endloop
  endfacet
  facet normal -0.999552 0.0299405 0
    outer loop
      vertex 10.5471 3.30646 10
      vertex 10.551 3.43666 10.8
      vertex 10.551 3.43666 10
    endloop
  endfacet
  facet normal -0.999552 0.0299405 0
    outer loop
      vertex 10.551 3.43666 10.8
      vertex 10.5471 3.30646 10
      vertex 10.5471 3.30646 10.8
    endloop
  endfacet
  facet normal -0.999849 0.0173821 0
    outer loop
      vertex 10.5448 3.17416 10
      vertex 10.5471 3.30646 10.8
      vertex 10.5471 3.30646 10
    endloop
  endfacet
  facet normal -0.999849 0.0173821 0
    outer loop
      vertex 10.5471 3.30646 10.8
      vertex 10.5448 3.17416 10
      vertex 10.5448 3.17416 10.8
    endloop
  endfacet
  facet normal -0.999982 0.0059536 0
    outer loop
      vertex 10.544 3.03979 10
      vertex 10.5448 3.17416 10.8
      vertex 10.5448 3.17416 10
    endloop
  endfacet
  facet normal -0.999982 0.0059536 0
    outer loop
      vertex 10.5448 3.17416 10.8
      vertex 10.544 3.03979 10
      vertex 10.544 3.03979 10.8
    endloop
  endfacet
  facet normal -1 0 0
    outer loop
      vertex 10.544 1 10
      vertex 10.544 3.03979 10.8
      vertex 10.544 3.03979 10
    endloop
  endfacet
  facet normal -1 -0 0
    outer loop
      vertex 10.544 3.03979 10.8
      vertex 10.544 1 10
      vertex 10.544 1 10.8
    endloop
  endfacet
  facet normal 0 -1 0
    outer loop
      vertex 10.544 1 10
      vertex 10.9172 1 10.8
      vertex 10.544 1 10.8
    endloop
  endfacet
  facet normal 0 -1 -0
    outer loop
      vertex 10.9172 1 10.8
      vertex 10.544 1 10
      vertex 10.9172 1 10
    endloop
  endfacet
  facet normal 1 -0 0
    outer loop
      vertex 10.9172 1 10.8
      vertex 10.9172 4.05753 10
      vertex 10.9172 4.05753 10.8
    endloop
  endfacet
  facet normal 1 0 0
    outer loop
      vertex 10.9172 4.05753 10
      vertex 10.9172 1 10.8
      vertex 10.9172 1 10
    endloop
  endfacet
  facet normal 0 1 -0
    outer loop
      vertex 10.9172 4.05753 10
      vertex 10.3856 4.05753 10.8
      vertex 10.9172 4.05753 10.8
    endloop
  endfacet
  facet normal 0 1 0
    outer loop
      vertex 10.3856 4.05753 10.8
      vertex 10.9172 4.05753 10
      vertex 10.3856 4.05753 10
    endloop
  endfacet
  facet normal -0.935812 0.352499 0
    outer loop
      vertex 9.58701 1.93744 10
      vertex 10.3856 4.05753 10.8
      vertex 10.3856 4.05753 10
    endloop
  endfacet
  facet normal -0.935812 0.352499 0
    outer loop
      vertex 10.3856 4.05753 10.8
      vertex 9.58701 1.93744 10
      vertex 9.58701 1.93744 10.8
    endloop
  endfacet
  facet normal -0.930404 0.366535 0
    outer loop
      vertex 9.57776 1.91396 10
      vertex 9.58701 1.93744 10.8
      vertex 9.58701 1.93744 10
    endloop
  endfacet
  facet normal -0.930404 0.366535 0
    outer loop
      vertex 9.58701 1.93744 10.8
      vertex 9.57776 1.91396 10
      vertex 9.57776 1.91396 10.8
    endloop
  endfacet
  facet normal -0.941911 0.335862 0
    outer loop
      vertex 9.56564 1.87997 10
      vertex 9.57776 1.91396 10.8
      vertex 9.57776 1.91396 10
    endloop
  endfacet
  facet normal -0.941911 0.335862 0
    outer loop
      vertex 9.57776 1.91396 10.8
      vertex 9.56564 1.87997 10
      vertex 9.56564 1.87997 10.8
    endloop
  endfacet
  facet normal -0.94772 0.319102 0
    outer loop
      vertex 9.55066 1.83548 10
      vertex 9.56564 1.87997 10.8
      vertex 9.56564 1.87997 10
    endloop
  endfacet
  facet normal -0.94772 0.319102 0
    outer loop
      vertex 9.56564 1.87997 10.8
      vertex 9.55066 1.83548 10
      vertex 9.55066 1.83548 10.8
    endloop
  endfacet
  facet normal -0.951195 0.308589 0
    outer loop
      vertex 9.53282 1.78049 10
      vertex 9.55066 1.83548 10.8
      vertex 9.55066 1.83548 10
    endloop
  endfacet
  facet normal -0.951195 0.308589 0
    outer loop
      vertex 9.55066 1.83548 10.8
      vertex 9.53282 1.78049 10
      vertex 9.53282 1.78049 10.8
    endloop
  endfacet
  facet normal -0.953545 0.30125 0
    outer loop
      vertex 9.51213 1.715 10
      vertex 9.53282 1.78049 10.8
      vertex 9.53282 1.78049 10
    endloop
  endfacet
  facet normal -0.953545 0.30125 0
    outer loop
      vertex 9.53282 1.78049 10.8
      vertex 9.51213 1.715 10
      vertex 9.51213 1.715 10.8
    endloop
  endfacet
  facet normal -0.95596 0.293495 0
    outer loop
      vertex 9.49152 1.64787 10
      vertex 9.51213 1.715 10.8
      vertex 9.51213 1.715 10
    endloop
  endfacet
  facet normal -0.95596 0.293495 0
    outer loop
      vertex 9.51213 1.715 10.8
      vertex 9.49152 1.64787 10
      vertex 9.49152 1.64787 10.8
    endloop
  endfacet
  facet normal -0.959567 0.281481 0
    outer loop
      vertex 9.47394 1.58794 10
      vertex 9.49152 1.64787 10.8
      vertex 9.49152 1.64787 10
    endloop
  endfacet
  facet normal -0.959567 0.281481 0
    outer loop
      vertex 9.49152 1.64787 10.8
      vertex 9.47394 1.58794 10
      vertex 9.47394 1.58794 10.8
    endloop
  endfacet
  facet normal -0.964035 0.265777 0
    outer loop
      vertex 9.4594 1.5352 10
      vertex 9.47394 1.58794 10.8
      vertex 9.47394 1.58794 10
    endloop
  endfacet
  facet normal -0.964035 0.265777 0
    outer loop
      vertex 9.47394 1.58794 10.8
      vertex 9.4594 1.5352 10
      vertex 9.4594 1.5352 10.8
    endloop
  endfacet
  facet normal -0.969475 0.245191 0
    outer loop
      vertex 9.44789 1.48969 10
      vertex 9.4594 1.5352 10.8
      vertex 9.4594 1.5352 10
    endloop
  endfacet
  facet normal -0.969475 0.245191 0
    outer loop
      vertex 9.4594 1.5352 10.8
      vertex 9.44789 1.48969 10
      vertex 9.44789 1.48969 10.8
    endloop
  endfacet
  facet normal -0.976456 0.215717 0
    outer loop
      vertex 9.43942 1.45135 10
      vertex 9.44789 1.48969 10.8
      vertex 9.44789 1.48969 10
    endloop
  endfacet
  facet normal -0.976456 0.215717 0
    outer loop
      vertex 9.44789 1.48969 10.8
      vertex 9.43942 1.45135 10
      vertex 9.43942 1.45135 10.8
    endloop
  endfacet
  facet normal 0.977641 0.210281 0
    outer loop
      vertex 9.43942 1.45135 10.8
      vertex 9.43312 1.48064 10
      vertex 9.43312 1.48064 10.8
    endloop
  endfacet
  facet normal 0.977641 0.210281 0
    outer loop
      vertex 9.43312 1.48064 10
      vertex 9.43942 1.45135 10.8
      vertex 9.43942 1.45135 10
    endloop
  endfacet
  facet normal 0.973271 0.22966 0
    outer loop
      vertex 9.43312 1.48064 10.8
      vertex 9.42467 1.51645 10
      vertex 9.42467 1.51645 10.8
    endloop
  endfacet
  facet normal 0.973271 0.22966 0
    outer loop
      vertex 9.42467 1.51645 10
      vertex 9.43312 1.48064 10.8
      vertex 9.43312 1.48064 10
    endloop
  endfacet
  facet normal 0.969791 0.243938 0
    outer loop
      vertex 9.42467 1.51645 10.8
      vertex 9.41403 1.55875 10
      vertex 9.41403 1.55875 10.8
    endloop
  endfacet
  facet normal 0.969791 0.243938 0
    outer loop
      vertex 9.41403 1.55875 10
      vertex 9.42467 1.51645 10.8
      vertex 9.42467 1.51645 10
    endloop
  endfacet
  facet normal 0.967208 0.253986 0
    outer loop
      vertex 9.41403 1.55875 10.8
      vertex 9.40121 1.60757 10
      vertex 9.40121 1.60757 10.8
    endloop
  endfacet
  facet normal 0.967208 0.253986 0
    outer loop
      vertex 9.40121 1.60757 10
      vertex 9.41403 1.55875 10.8
      vertex 9.41403 1.55875 10
    endloop
  endfacet
  facet normal 0.965337 0.261006 0
    outer loop
      vertex 9.40121 1.60757 10.8
      vertex 9.38625 1.6629 10
      vertex 9.38625 1.6629 10.8
    endloop
  endfacet
  facet normal 0.965337 0.261006 0
    outer loop
      vertex 9.38625 1.6629 10
      vertex 9.40121 1.60757 10.8
      vertex 9.40121 1.60757 10
    endloop
  endfacet
  facet normal 0.963011 0.269463 0
    outer loop
      vertex 9.38625 1.6629 10.8
      vertex 9.37006 1.72076 10
      vertex 9.37006 1.72076 10.8
    endloop
  endfacet
  facet normal 0.963011 0.269463 0
    outer loop
      vertex 9.37006 1.72076 10
      vertex 9.38625 1.6629 10.8
      vertex 9.38625 1.6629 10
    endloop
  endfacet
  facet normal 0.959987 0.280046 0
    outer loop
      vertex 9.37006 1.72076 10.8
      vertex 9.35361 1.77715 10
      vertex 9.35361 1.77715 10.8
    endloop
  endfacet
  facet normal 0.959987 0.280046 0
    outer loop
      vertex 9.35361 1.77715 10
      vertex 9.37006 1.72076 10.8
      vertex 9.37006 1.72076 10
    endloop
  endfacet
  facet normal 0.956716 0.291023 0
    outer loop
      vertex 9.35361 1.77715 10.8
      vertex 9.33691 1.83205 10
      vertex 9.33691 1.83205 10.8
    endloop
  endfacet
  facet normal 0.956716 0.291023 0
    outer loop
      vertex 9.33691 1.83205 10
      vertex 9.35361 1.77715 10.8
      vertex 9.35361 1.77715 10
    endloop
  endfacet
  facet normal 0.953134 0.302548 0
    outer loop
      vertex 9.33691 1.83205 10.8
      vertex 9.31995 1.88548 10
      vertex 9.31995 1.88548 10.8
    endloop
  endfacet
  facet normal 0.953134 0.302548 0
    outer loop
      vertex 9.31995 1.88548 10
      vertex 9.33691 1.83205 10.8
      vertex 9.33691 1.83205 10
    endloop
  endfacet
  facet normal 0.949175 0.314748 0
    outer loop
      vertex 9.31995 1.88548 10.8
      vertex 9.30272 1.93744 10
      vertex 9.30272 1.93744 10.8
    endloop
  endfacet
  facet normal 0.949175 0.314748 0
    outer loop
      vertex 9.30272 1.93744 10
      vertex 9.31995 1.88548 10.8
      vertex 9.31995 1.88548 10
    endloop
  endfacet
  facet normal 0.933589 0.358346 0
    outer loop
      vertex 9.30272 1.93744 10.8
      vertex 8.48895 4.05753 10
      vertex 8.48895 4.05753 10.8
    endloop
  endfacet
  facet normal 0.933589 0.358346 0
    outer loop
      vertex 8.48895 4.05753 10
      vertex 9.30272 1.93744 10.8
      vertex 9.30272 1.93744 10
    endloop
  endfacet
  facet normal 0 1 -0
    outer loop
      vertex 8.48895 4.05753 10
      vertex 7.94432 4.05753 10.8
      vertex 8.48895 4.05753 10.8
    endloop
  endfacet
  facet normal 0 1 0
    outer loop
      vertex 7.94432 4.05753 10.8
      vertex 8.48895 4.05753 10
      vertex 7.94432 4.05753 10
    endloop
  endfacet
  facet normal -1 0 0
    outer loop
      vertex 7.94432 1 10
      vertex 7.94432 4.05753 10.8
      vertex 7.94432 4.05753 10
    endloop
  endfacet
  facet normal -1 -0 0
    outer loop
      vertex 7.94432 4.05753 10.8
      vertex 7.94432 1 10
      vertex 7.94432 1 10.8
    endloop
  endfacet
  facet normal 0 -1 0
    outer loop
      vertex 7.94432 1 10
      vertex 8.31322 1 10.8
      vertex 7.94432 1 10.8
    endloop
  endfacet
  facet normal 0 -1 -0
    outer loop
      vertex 8.31322 1 10.8
      vertex 7.94432 1 10
      vertex 8.31322 1 10
    endloop
  endfacet
  facet normal 1 -0 0
    outer loop
      vertex 8.31322 1 10.8
      vertex 8.31322 3.03979 10
      vertex 8.31322 3.03979 10.8
    endloop
  endfacet
  facet normal 1 0 0
    outer loop
      vertex 8.31322 3.03979 10
      vertex 8.31322 1 10.8
      vertex 8.31322 1 10
    endloop
  endfacet
  facet normal 0 -1 0
    outer loop
      vertex 13.1802 2.19131 10
      vertex 14.0785 2.19131 10.8
      vertex 13.1802 2.19131 10.8
    endloop
  endfacet
  facet normal 0 -1 -0
    outer loop
      vertex 14.0785 2.19131 10.8
      vertex 13.1802 2.19131 10
      vertex 14.0785 2.19131 10
    endloop
  endfacet
  facet normal 0.0549891 -0.998487 0
    outer loop
      vertex 14.0785 2.19131 10
      vertex 14.2648 2.20157 10.8
      vertex 14.0785 2.19131 10.8
    endloop
  endfacet
  facet normal 0.0549891 -0.998487 0
    outer loop
      vertex 14.2648 2.20157 10.8
      vertex 14.0785 2.19131 10
      vertex 14.2648 2.20157 10
    endloop
  endfacet
  facet normal 0.177669 -0.98409 0
    outer loop
      vertex 14.2648 2.20157 10
      vertex 14.4349 2.23228 10.8
      vertex 14.2648 2.20157 10.8
    endloop
  endfacet
  facet normal 0.177669 -0.98409 0
    outer loop
      vertex 14.4349 2.23228 10.8
      vertex 14.2648 2.20157 10
      vertex 14.4349 2.23228 10
    endloop
  endfacet
  facet normal 0.315839 -0.948813 0
    outer loop
      vertex 14.4349 2.23228 10
      vertex 14.5888 2.28351 10.8
      vertex 14.4349 2.23228 10.8
    endloop
  endfacet
  facet normal 0.315839 -0.948813 0
    outer loop
      vertex 14.5888 2.28351 10.8
      vertex 14.4349 2.23228 10
      vertex 14.5888 2.28351 10
    endloop
  endfacet
  facet normal 0.462002 -0.886879 0
    outer loop
      vertex 14.5888 2.28351 10
      vertex 14.7264 2.35519 10.8
      vertex 14.5888 2.28351 10.8
    endloop
  endfacet
  facet normal 0.462002 -0.886879 0
    outer loop
      vertex 14.7264 2.35519 10.8
      vertex 14.5888 2.28351 10
      vertex 14.7264 2.35519 10
    endloop
  endfacet
  facet normal 0.604817 -0.796364 0
    outer loop
      vertex 14.7264 2.35519 10
      vertex 14.8478 2.44739 10.8
      vertex 14.7264 2.35519 10.8
    endloop
  endfacet
  facet normal 0.604817 -0.796364 0
    outer loop
      vertex 14.8478 2.44739 10.8
      vertex 14.7264 2.35519 10
      vertex 14.8478 2.44739 10
    endloop
  endfacet
  facet normal 0.732179 -0.681112 0
    outer loop
      vertex 14.8478 2.44739 10.8
      vertex 14.9497 2.55693 10
      vertex 14.9497 2.55693 10.8
    endloop
  endfacet
  facet normal 0.732179 -0.681112 0
    outer loop
      vertex 14.9497 2.55693 10
      vertex 14.8478 2.44739 10.8
      vertex 14.8478 2.44739 10
    endloop
  endfacet
  facet normal 0.842022 -0.539444 0
    outer loop
      vertex 14.9497 2.55693 10.8
      vertex 15.029 2.68071 10
      vertex 15.029 2.68071 10.8
    endloop
  endfacet
  facet normal 0.842022 -0.539444 0
    outer loop
      vertex 15.029 2.68071 10
      vertex 14.9497 2.55693 10.8
      vertex 14.9497 2.55693 10
    endloop
  endfacet
  facet normal 0.924969 -0.380042 0
    outer loop
      vertex 15.029 2.68071 10.8
      vertex 15.0857 2.81871 10
      vertex 15.0857 2.81871 10.8
    endloop
  endfacet
  facet normal 0.924969 -0.380042 0
    outer loop
      vertex 15.0857 2.81871 10
      vertex 15.029 2.68071 10.8
      vertex 15.029 2.68071 10
    endloop
  endfacet
  facet normal 0.976096 -0.217338 0
    outer loop
      vertex 15.0857 2.81871 10.8
      vertex 15.1196 2.97096 10
      vertex 15.1196 2.97096 10.8
    endloop
  endfacet
  facet normal 0.976096 -0.217338 0
    outer loop
      vertex 15.1196 2.97096 10
      vertex 15.0857 2.81871 10.8
      vertex 15.0857 2.81871 10
    endloop
  endfacet
  facet normal 0.997664 -0.0683167 0
    outer loop
      vertex 15.1196 2.97096 10.8
      vertex 15.131 3.13744 10
      vertex 15.131 3.13744 10.8
    endloop
  endfacet
  facet normal 0.997664 -0.0683167 0
    outer loop
      vertex 15.131 3.13744 10
      vertex 15.1196 2.97096 10.8
      vertex 15.1196 2.97096 10
    endloop
  endfacet
  facet normal 0.99773 0.0673377 0
    outer loop
      vertex 15.131 3.13744 10.8
      vertex 15.1197 3.30487 10
      vertex 15.1197 3.30487 10.8
    endloop
  endfacet
  facet normal 0.99773 0.0673377 0
    outer loop
      vertex 15.1197 3.30487 10
      vertex 15.131 3.13744 10.8
      vertex 15.131 3.13744 10
    endloop
  endfacet
  facet normal 0.975911 0.21817 0
    outer loop
      vertex 15.1197 3.30487 10.8
      vertex 15.0858 3.45651 10
      vertex 15.0858 3.45651 10.8
    endloop
  endfacet
  facet normal 0.975911 0.21817 0
    outer loop
      vertex 15.0858 3.45651 10
      vertex 15.1197 3.30487 10.8
      vertex 15.1197 3.30487 10
    endloop
  endfacet
  facet normal 0.923559 0.383456 0
    outer loop
      vertex 15.0858 3.45651 10.8
      vertex 15.0294 3.59235 10
      vertex 15.0294 3.59235 10.8
    endloop
  endfacet
  facet normal 0.923559 0.383456 0
    outer loop
      vertex 15.0294 3.59235 10
      vertex 15.0858 3.45651 10.8
      vertex 15.0858 3.45651 10
    endloop
  endfacet
  facet normal 0.835333 0.549744 0
    outer loop
      vertex 15.0294 3.59235 10.8
      vertex 14.9504 3.71239 10
      vertex 14.9504 3.71239 10.8
    endloop
  endfacet
  facet normal 0.835333 0.549744 0
    outer loop
      vertex 14.9504 3.71239 10
      vertex 15.0294 3.59235 10.8
      vertex 15.0294 3.59235 10
    endloop
  endfacet
  facet normal 0.716494 0.697593 0
    outer loop
      vertex 14.9504 3.71239 10.8
      vertex 14.8489 3.81664 10
      vertex 14.8489 3.81664 10.8
    endloop
  endfacet
  facet normal 0.716494 0.697593 0
    outer loop
      vertex 14.8489 3.81664 10
      vertex 14.9504 3.71239 10.8
      vertex 14.9504 3.71239 10
    endloop
  endfacet
  facet normal 0.578691 0.815547 -0
    outer loop
      vertex 14.8489 3.81664 10
      vertex 14.7267 3.90335 10.8
      vertex 14.8489 3.81664 10.8
    endloop
  endfacet
  facet normal 0.578691 0.815547 0
    outer loop
      vertex 14.7267 3.90335 10.8
      vertex 14.8489 3.81664 10
      vertex 14.7267 3.90335 10
    endloop
  endfacet
  facet normal 0.432335 0.901713 -0
    outer loop
      vertex 14.7267 3.90335 10
      vertex 14.586 3.97081 10.8
      vertex 14.7267 3.90335 10.8
    endloop
  endfacet
  facet normal 0.432335 0.901713 0
    outer loop
      vertex 14.586 3.97081 10.8
      vertex 14.7267 3.90335 10
      vertex 14.586 3.97081 10
    endloop
  endfacet
  facet normal 0.289609 0.957145 -0
    outer loop
      vertex 14.586 3.97081 10
      vertex 14.4268 4.01898 10.8
      vertex 14.586 3.97081 10.8
    endloop
  endfacet
  facet normal 0.289609 0.957145 0
    outer loop
      vertex 14.4268 4.01898 10.8
      vertex 14.586 3.97081 10
      vertex 14.4268 4.01898 10
    endloop
  endfacet
  facet normal 0.160457 0.987043 -0
    outer loop
      vertex 14.4268 4.01898 10
      vertex 14.2489 4.0479 10.8
      vertex 14.4268 4.01898 10.8
    endloop
  endfacet
  facet normal 0.160457 0.987043 0
    outer loop
      vertex 14.2489 4.0479 10.8
      vertex 14.4268 4.01898 10
      vertex 14.2489 4.0479 10
    endloop
  endfacet
  facet normal 0.0489738 0.9988 -0
    outer loop
      vertex 14.2489 4.0479 10
      vertex 14.0525 4.05753 10.8
      vertex 14.2489 4.0479 10.8
    endloop
  endfacet
  facet normal 0.0489738 0.9988 0
    outer loop
      vertex 14.0525 4.05753 10.8
      vertex 14.2489 4.0479 10
      vertex 14.0525 4.05753 10
    endloop
  endfacet
  facet normal 0 1 -0
    outer loop
      vertex 14.0525 4.05753 10
      vertex 12.7657 4.05753 10.8
      vertex 14.0525 4.05753 10.8
    endloop
  endfacet
  facet normal 0 1 0
    outer loop
      vertex 12.7657 4.05753 10.8
      vertex 14.0525 4.05753 10
      vertex 12.7657 4.05753 10
    endloop
  endfacet
  facet normal -1 0 0
    outer loop
      vertex 12.7657 1 10
      vertex 12.7657 4.05753 10.8
      vertex 12.7657 4.05753 10
    endloop
  endfacet
  facet normal -1 -0 0
    outer loop
      vertex 12.7657 4.05753 10.8
      vertex 12.7657 1 10
      vertex 12.7657 1 10.8
    endloop
  endfacet
  facet normal 0 -1 0
    outer loop
      vertex 12.7657 1 10
      vertex 13.1802 1 10.8
      vertex 12.7657 1 10.8
    endloop
  endfacet
  facet normal 0 -1 -0
    outer loop
      vertex 13.1802 1 10.8
      vertex 12.7657 1 10
      vertex 13.1802 1 10
    endloop
  endfacet
  facet normal 1 -0 0
    outer loop
      vertex 13.1802 1 10.8
      vertex 13.1802 2.19131 10
      vertex 13.1802 2.19131 10.8
    endloop
  endfacet
  facet normal 1 0 0
    outer loop
      vertex 13.1802 2.19131 10
      vertex 13.1802 1 10.8
      vertex 13.1802 1 10
    endloop
  endfacet
  facet normal 1 -0 0
    outer loop
      vertex 13.1802 2.519 10.8
      vertex 13.1802 3.72552 10
      vertex 13.1802 3.72552 10.8
    endloop
  endfacet
  facet normal 1 0 0
    outer loop
      vertex 13.1802 3.72552 10
      vertex 13.1802 2.519 10.8
      vertex 13.1802 2.519 10
    endloop
  endfacet
  facet normal 0 -1 0
    outer loop
      vertex 13.1802 3.72552 10
      vertex 14.0026 3.72552 10.8
      vertex 13.1802 3.72552 10.8
    endloop
  endfacet
  facet normal 0 -1 -0
    outer loop
      vertex 14.0026 3.72552 10.8
      vertex 13.1802 3.72552 10
      vertex 14.0026 3.72552 10
    endloop
  endfacet
  facet normal -0.092074 -0.995752 0
    outer loop
      vertex 14.0026 3.72552 10
      vertex 14.2588 3.70183 10.8
      vertex 14.0026 3.72552 10.8
    endloop
  endfacet
  facet normal -0.092074 -0.995752 -0
    outer loop
      vertex 14.2588 3.70183 10.8
      vertex 14.0026 3.72552 10
      vertex 14.2588 3.70183 10
    endloop
  endfacet
  facet normal -0.335965 -0.941874 0
    outer loop
      vertex 14.2588 3.70183 10
      vertex 14.4581 3.63074 10.8
      vertex 14.2588 3.70183 10.8
    endloop
  endfacet
  facet normal -0.335965 -0.941874 -0
    outer loop
      vertex 14.4581 3.63074 10.8
      vertex 14.2588 3.70183 10
      vertex 14.4581 3.63074 10
    endloop
  endfacet
  facet normal -0.639887 -0.768469 0
    outer loop
      vertex 14.4581 3.63074 10
      vertex 14.6004 3.51225 10.8
      vertex 14.4581 3.63074 10.8
    endloop
  endfacet
  facet normal -0.639887 -0.768469 -0
    outer loop
      vertex 14.6004 3.51225 10.8
      vertex 14.4581 3.63074 10
      vertex 14.6004 3.51225 10
    endloop
  endfacet
  facet normal -0.888873 -0.458154 0
    outer loop
      vertex 14.6859 3.34637 10
      vertex 14.6004 3.51225 10.8
      vertex 14.6004 3.51225 10
    endloop
  endfacet
  facet normal -0.888873 -0.458154 0
    outer loop
      vertex 14.6004 3.51225 10.8
      vertex 14.6859 3.34637 10
      vertex 14.6859 3.34637 10.8
    endloop
  endfacet
  facet normal -0.991248 -0.132011 0
    outer loop
      vertex 14.7143 3.13312 10
      vertex 14.6859 3.34637 10.8
      vertex 14.6859 3.34637 10
    endloop
  endfacet
  facet normal -0.991248 -0.132011 0
    outer loop
      vertex 14.6859 3.34637 10.8
      vertex 14.7143 3.13312 10
      vertex 14.7143 3.13312 10.8
    endloop
  endfacet
  facet normal -0.992243 0.124316 0
    outer loop
      vertex 14.6866 2.91203 10
      vertex 14.7143 3.13312 10.8
      vertex 14.7143 3.13312 10
    endloop
  endfacet
  facet normal -0.992243 0.124316 0
    outer loop
      vertex 14.7143 3.13312 10.8
      vertex 14.6866 2.91203 10
      vertex 14.6866 2.91203 10.8
    endloop
  endfacet
  facet normal -0.899752 0.436402 0
    outer loop
      vertex 14.6032 2.74008 10
      vertex 14.6866 2.91203 10.8
      vertex 14.6866 2.91203 10
    endloop
  endfacet
  facet normal -0.899752 0.436402 0
    outer loop
      vertex 14.6866 2.91203 10.8
      vertex 14.6032 2.74008 10
      vertex 14.6032 2.74008 10.8
    endloop
  endfacet
  facet normal -0.662681 0.748902 0
    outer loop
      vertex 14.6032 2.74008 10
      vertex 14.4644 2.61726 10.8
      vertex 14.6032 2.74008 10.8
    endloop
  endfacet
  facet normal -0.662681 0.748902 0
    outer loop
      vertex 14.4644 2.61726 10.8
      vertex 14.6032 2.74008 10
      vertex 14.4644 2.61726 10
    endloop
  endfacet
  facet normal -0.354335 0.935118 0
    outer loop
      vertex 14.4644 2.61726 10
      vertex 14.2699 2.54356 10.8
      vertex 14.4644 2.61726 10.8
    endloop
  endfacet
  facet normal -0.354335 0.935118 0
    outer loop
      vertex 14.2699 2.54356 10.8
      vertex 14.4644 2.61726 10
      vertex 14.2699 2.54356 10
    endloop
  endfacet
  facet normal -0.0977693 0.995209 0
    outer loop
      vertex 14.2699 2.54356 10
      vertex 14.0199 2.519 10.8
      vertex 14.2699 2.54356 10.8
    endloop
  endfacet
  facet normal -0.0977693 0.995209 0
    outer loop
      vertex 14.0199 2.519 10.8
      vertex 14.2699 2.54356 10
      vertex 14.0199 2.519 10
    endloop
  endfacet
  facet normal 0 1 -0
    outer loop
      vertex 14.0199 2.519 10
      vertex 13.1802 2.519 10.8
      vertex 14.0199 2.519 10.8
    endloop
  endfacet
  facet normal 0 1 0
    outer loop
      vertex 13.1802 2.519 10.8
      vertex 14.0199 2.519 10
      vertex 13.1802 2.519 10
    endloop
  endfacet
  facet normal 0 -1 0
    outer loop
      vertex 16.0751 2.41702 10
      vertex 17.7286 2.41702 10.8
      vertex 16.0751 2.41702 10.8
    endloop
  endfacet
  facet normal 0 -1 -0
    outer loop
      vertex 17.7286 2.41702 10.8
      vertex 16.0751 2.41702 10
      vertex 17.7286 2.41702 10
    endloop
  endfacet
  facet normal -1 0 0
    outer loop
      vertex 17.7286 1 10
      vertex 17.7286 2.41702 10.8
      vertex 17.7286 2.41702 10
    endloop
  endfacet
  facet normal -1 -0 0
    outer loop
      vertex 17.7286 2.41702 10.8
      vertex 17.7286 1 10
      vertex 17.7286 1 10.8
    endloop
  endfacet
  facet normal 0 -1 0
    outer loop
      vertex 17.7286 1 10
      vertex 18.1431 1 10.8
      vertex 17.7286 1 10.8
    endloop
  endfacet
  facet normal 0 -1 -0
    outer loop
      vertex 18.1431 1 10.8
      vertex 17.7286 1 10
      vertex 18.1431 1 10
    endloop
  endfacet
  facet normal 1 -0 0
    outer loop
      vertex 18.1431 1 10.8
      vertex 18.1431 4.05753 10
      vertex 18.1431 4.05753 10.8
    endloop
  endfacet
  facet normal 1 0 0
    outer loop
      vertex 18.1431 4.05753 10
      vertex 18.1431 1 10.8
      vertex 18.1431 1 10
    endloop
  endfacet
  facet normal 0 1 -0
    outer loop
      vertex 18.1431 4.05753 10
      vertex 17.7286 4.05753 10.8
      vertex 18.1431 4.05753 10.8
    endloop
  endfacet
  facet normal 0 1 0
    outer loop
      vertex 17.7286 4.05753 10.8
      vertex 18.1431 4.05753 10
      vertex 17.7286 4.05753 10
    endloop
  endfacet
  facet normal -1 0 0
    outer loop
      vertex 17.7286 2.76422 10
      vertex 17.7286 4.05753 10.8
      vertex 17.7286 4.05753 10
    endloop
  endfacet
  facet normal -1 -0 0
    outer loop
      vertex 17.7286 4.05753 10.8
      vertex 17.7286 2.76422 10
      vertex 17.7286 2.76422 10.8
    endloop
  endfacet
  facet normal 0 1 -0
    outer loop
      vertex 17.7286 2.76422 10
      vertex 16.0751 2.76422 10.8
      vertex 17.7286 2.76422 10.8
    endloop
  endfacet
  facet normal 0 1 0
    outer loop
      vertex 16.0751 2.76422 10.8
      vertex 17.7286 2.76422 10
      vertex 16.0751 2.76422 10
    endloop
  endfacet
  facet normal 1 -0 0
    outer loop
      vertex 16.0751 2.76422 10.8
      vertex 16.0751 4.05753 10
      vertex 16.0751 4.05753 10.8
    endloop
  endfacet
  facet normal 1 0 0
    outer loop
      vertex 16.0751 4.05753 10
      vertex 16.0751 2.76422 10.8
      vertex 16.0751 2.76422 10
    endloop
  endfacet
  facet normal 0 1 -0
    outer loop
      vertex 16.0751 4.05753 10
      vertex 15.6606 4.05753 10.8
      vertex 16.0751 4.05753 10.8
    endloop
  endfacet
  facet normal 0 1 0
    outer loop
      vertex 15.6606 4.05753 10.8
      vertex 16.0751 4.05753 10
      vertex 15.6606 4.05753 10
    endloop
  endfacet
  facet normal -1 0 0
    outer loop
      vertex 15.6606 1 10
      vertex 15.6606 4.05753 10.8
      vertex 15.6606 4.05753 10
    endloop
  endfacet
  facet normal -1 -0 0
    outer loop
      vertex 15.6606 4.05753 10.8
      vertex 15.6606 1 10
      vertex 15.6606 1 10.8
    endloop
  endfacet
  facet normal 0 -1 0
    outer loop
      vertex 15.6606 1 10
      vertex 16.0751 1 10.8
      vertex 15.6606 1 10.8
    endloop
  endfacet
  facet normal 0 -1 -0
    outer loop
      vertex 16.0751 1 10.8
      vertex 15.6606 1 10
      vertex 16.0751 1 10
    endloop
  endfacet
  facet normal 1 -0 0
    outer loop
      vertex 16.0751 1 10.8
      vertex 16.0751 2.41702 10
      vertex 16.0751 2.41702 10.8
    endloop
  endfacet
  facet normal 1 0 0
    outer loop
      vertex 16.0751 2.41702 10
      vertex 16.0751 1 10.8
      vertex 16.0751 1 10
    endloop
  endfacet
  facet normal 0 1 -0
    outer loop
      vertex 7.41687 2.35406 10
      vertex 6.33186 2.35406 10.8
      vertex 7.41687 2.35406 10.8
    endloop
  endfacet
  facet normal 0 1 0
    outer loop
      vertex 6.33186 2.35406 10.8
      vertex 7.41687 2.35406 10
      vertex 6.33186 2.35406 10
    endloop
  endfacet
  facet normal -1 0 0
    outer loop
      vertex 6.33186 2.00687 10
      vertex 6.33186 2.35406 10.8
      vertex 6.33186 2.35406 10
    endloop
  endfacet
  facet normal -1 -0 0
    outer loop
      vertex 6.33186 2.35406 10.8
      vertex 6.33186 2.00687 10
      vertex 6.33186 2.00687 10.8
    endloop
  endfacet
  facet normal 0 -1 0
    outer loop
      vertex 6.33186 2.00687 10
      vertex 7.41687 2.00687 10.8
      vertex 6.33186 2.00687 10.8
    endloop
  endfacet
  facet normal 0 -1 -0
    outer loop
      vertex 7.41687 2.00687 10.8
      vertex 6.33186 2.00687 10
      vertex 7.41687 2.00687 10
    endloop
  endfacet
  facet normal 1 -0 0
    outer loop
      vertex 7.41687 2.00687 10.8
      vertex 7.41687 2.35406 10
      vertex 7.41687 2.35406 10.8
    endloop
  endfacet
  facet normal 1 0 0
    outer loop
      vertex 7.41687 2.35406 10
      vertex 7.41687 2.00687 10.8
      vertex 7.41687 2.00687 10
    endloop
  endfacet
endsolid OpenSCAD_Model
